vehicle_name,manufacturer,price_4hr,price_8hr,price_1day,max_km_4hr,fuel_cost_per_km,max_km_per_hour,price_per_hour,base_price_per_hour,scaling_8hr,scaling_1day
ALTO,Suzuki,4500.0,5500.0,8000.0,100.0,21.7,25.0,1125.0,1150,5980.0,7360.0
Sorento,Kia,5000.0,6500.0,8000.0,80.0,21.7,20.0,1250.0,1250,6500.0,8000.0
Mahindra Scorpio,Mahindra,7500.0,8000.0,8000.0,50.0,19.73,12.5,1875.0,1900,9880.0,12160.0
Toyota New Hiace,Toyota,5000.0,10000.0,10000.0,50.0,21.7,12.5,1250.0,1250,6500.0,8000.0
Maruti Suzuki,Suzuki,5000.0,6500.0,8000.0,80.0,21.7,20.0,1250.0,1250,6500.0,8000.0
Toyota Land Cruiser,Toyota,6000.0,9000.0,10000.0,80.0,21.7,20.0,1500.0,1500,7800.0,9600.0
Nissan Van,Nissan,5500.0,7500.0,8500.0,100.0,21.7,25.0,1375.0,1400,7280.0,8960.0
Aspire,Ford,5000.0,6500.0,8000.0,80.0,21.7,20.0,1250.0,1250,6500.0,8000.0
Mahindra Scorpio,Mahindra,7500.0,8000.0,8000.0,50.0,19.73,12.5,1875.0,1900,9880.0,12160.0
Toyota Land Cruiser,Toyota,6000.0,9000.0,10000.0,80.0,21.7,20.0,1500.0,1500,7800.0,9600.0
Tata 1512 Supper Deluxe,Tata,6000.0,12000.0,12000.0,50.0,21.7,12.5,1500.0,1500,7800.0,9600.0
Suzuki Wagoner,Suzuki,4500.0,5500.0,8000.0,100.0,21.7,25.0,1125.0,1150,5980.0,7360.0
WAGONR,Suzuki,5000.0,6500.0,8000.0,80.0,21.7,20.0,1250.0,1250,6500.0,8000.0
Toyota Land Cruiser,Toyota,6000.0,9000.0,10000.0,80.0,21.7,20.0,1500.0,1500,7800.0,9600.0
Mahindra Scorpio,Mahindra,7500.0,8000.0,8000.0,50.0,19.73,12.5,1875.0,1900,9880.0,12160.0
Mahindra Bolero Pickup,Mahindra,7500.0,8000.0,8000.0,100.0,21.7,25.0,1875.0,1900,9880.0,12160.0
Sonet,Kia,5500.0,7500.0,8500.0,80.0,21.7,20.0,1375.0,1400,7280.0,8960.0
KYC,KYC,5000.0,10000.0,10000.0,50.0,21.7,12.5,1250.0,1250,6500.0,8000.0
Maruti Suzuki,Suzuki,4500.0,6500.0,6500.0,100.0,21.7,25.0,1125.0,1150,5980.0,7360.0
Maruti Suzuki,Suzuki,4500.0,6500.0,6500.0,100.0,21.7,25.0,1125.0,1150,5980.0,7360.0
Ecosport,Ford,5500.0,7500.0,8500.0,80.0,21.7,20.0,1375.0,1400,7280.0,8960.0
Maruti Suzuki,Suzuki,4500.0,6500.0,6500.0,100.0,21.7,25.0,1125.0,1150,5980.0,7360.0
Mahindra Scorpio,Mahindra,7500.0,8000.0,8000.0,50.0,19.73,12.5,1875.0,1900,9880.0,12160.0
Maruti Suzuki,Suzuki,4500.0,5500.0,8000.0,100.0,21.7,25.0,1125.0,1150,5980.0,7360.0
Mahindra Scorpio,Mahindra,7500.0,8000.0,8000.0,50.0,19.73,12.5,1875.0,1900,9880.0,12160.0
Isuzu V-CROSS,Isuzu,4500.0,8000.0,8000.0,50.0,21.7,12.5,1125.0,1150,5980.0,7360.0
Tata Nexon,Tata,5500.0,7500.0,8500.0,80.0,21.7,20.0,1375.0,1400,7280.0,8960.0
Mahindra Scorpio,Mahindra,7500.0,8000.0,8000.0,50.0,19.73,12.5,1875.0,1900,9880.0,12160.0
Duster,Renault,5500.0,7500.0,8500.0,80.0,21.7,20.0,1375.0,1400,7280.0,8960.0
Figo,Ford,4500.0,5500.0,8000.0,100.0,21.7,25.0,1125.0,1150,5980.0,7360.0
Mahindra Scorpio,Mahindra,7500.0,8000.0,8000.0,50.0,19.73,12.5,1875.0,1900,9880.0,12160.0
Honda BRV,Honda,5500.0,7500.0,8500.0,80.0,21.7,20.0,1375.0,1400,7280.0,8960.0
Mahindra Scorpio,Mahindra,7500.0,8000.0,8000.0,50.0,19.73,12.5,1875.0,1900,9880.0,12160.0
Tata 1512 Supper Deluxe,Tata,6000.0,12000.0,12000.0,50.0,21.7,12.5,1500.0,1500,7800.0,9600.0
Mahindra Scorpio,Mahindra,7500.0,8000.0,8000.0,50.0,19.73,12.5,1875.0,1900,9880.0,12160.0
Figo,Ford,4500.0,5500.0,8000.0,100.0,21.7,25.0,1125.0,1150,5980.0,7360.0
Grand Carnival,Kia,5000.0,6500.0,8000.0,80.0,21.7,20.0,1250.0,1250,6500.0,8000.0
Toyota Rav-4,Toyota,5500.0,7500.0,8500.0,80.0,21.7,20.0,1375.0,1400,7280.0,8960.0
Chevrolet Aveo,Chevrolet,5000.0,6500.0,8000.0,80.0,21.7,20.0,1250.0,1250,6500.0,8000.0
EECO CARGO,Suzuki,4500.0,6500.0,6500.0,100.0,21.7,25.0,1125.0,1150,5980.0,7360.0
Mahindra Scorpio,Mahindra,7500.0,8000.0,8000.0,50.0,19.73,12.5,1875.0,1900,9880.0,12160.0
Maruti Suzuki,Suzuki,5000.0,6500.0,8000.0,80.0,21.7,20.0,1250.0,1250,6500.0,8000.0
Mahindra Scorpio,Mahindra,7500.0,8000.0,8000.0,50.0,19.73,12.5,1875.0,1900,9880.0,12160.0
RAPID,Skoda,5500.0,7500.0,8500.0,80.0,21.7,20.0,1375.0,1400,7280.0,8960.0
Mahindra Scorpio,Mahindra,7500.0,8000.0,8000.0,50.0,19.73,12.5,1875.0,1900,9880.0,12160.0
BMW 2 Series,BMW,5000.0,6500.0,8000.0,80.0,21.7,20.0,1250.0,1250,6500.0,8000.0
Tata Nexon,Tata,5500.0,7500.0,8500.0,80.0,21.7,20.0,1375.0,1400,7280.0,8960.0
Nissan Magnite,Nissan,5500.0,7500.0,8500.0,80.0,21.7,20.0,1375.0,1400,7280.0,8960.0
Hyundai Creta 2016,Hyundai,5500.0,7500.0,8500.0,80.0,21.7,20.0,1375.0,1400,7280.0,8960.0
Tata Nexon EV,Tata,5000.0,7000.0,8000.0,50.0,36.17,12.5,1250.0,1250,6500.0,8000.0
Mahindra Scorpio,Mahindra,7500.0,8000.0,8000.0,50.0,19.73,12.5,1875.0,1900,9880.0,12160.0
DZIRE,Suzuki,4500.0,5500.0,8000.0,100.0,21.7,25.0,1125.0,1150,5980.0,7360.0
Classic,Unknown,5000.0,6500.0,8000.0,80.0,21.7,20.0,1250.0,1250,6500.0,8000.0
Mahindra Bolero Pickup,Mahindra,7500.0,8000.0,8000.0,100.0,21.7,25.0,1875.0,1900,9880.0,12160.0
Mahindra Scorpio,Mahindra,7500.0,8000.0,8000.0,50.0,19.73,12.5,1875.0,1900,9880.0,12160.0
Tata 1512 Supper Deluxe,Tata,6000.0,12000.0,12000.0,50.0,21.7,12.5,1500.0,1500,7800.0,9600.0
Figo,Ford,4500.0,5500.0,8000.0,100.0,21.7,25.0,1125.0,1150,5980.0,7360.0
Mahindra Scorpio,Mahindra,7500.0,8000.0,8000.0,50.0,19.73,12.5,1875.0,1900,9880.0,12160.0
DZIRE,Suzuki,4500.0,5500.0,8000.0,100.0,21.7,25.0,1125.0,1150,5980.0,7360.0
EECO CARGO,Suzuki,4500.0,6500.0,8000.0,100.0,21.7,25.0,1125.0,1150,5980.0,7360.0
Mahindra Scorpio,Mahindra,7500.0,8000.0,8000.0,50.0,19.73,12.5,1875.0,1900,9880.0,12160.0
Toyota New Hiace,Toyota,5000.0,10000.0,10000.0,50.0,21.7,12.5,1250.0,1250,6500.0,8000.0
Toyota New Hiace,Toyota,5000.0,10000.0,10000.0,50.0,21.7,12.5,1250.0,1250,6500.0,8000.0
Mahindra Scorpio,Mahindra,7500.0,8000.0,8000.0,50.0,19.73,12.5,1875.0,1900,9880.0,12160.0
Tata 1512 Supper Deluxe,Tata,6000.0,12000.0,12000.0,50.0,21.7,12.5,1500.0,1500,7800.0,9600.0
Mahindra Scorpio,Mahindra,7500.0,8000.0,8000.0,50.0,19.73,12.5,1875.0,1900,9880.0,12160.0
Mahindra Scorpio,Mahindra,7500.0,8000.0,8000.0,50.0,19.73,12.5,1875.0,1900,9880.0,12160.0
Toyata LX,Toyota,5500.0,7500.0,8500.0,80.0,21.7,20.0,1375.0,1400,7280.0,8960.0
EECO CARGO,Suzuki,4500.0,6500.0,6500.0,100.0,21.7,25.0,1125.0,1150,5980.0,7360.0
Mahindra Scorpio,Mahindra,7500.0,8000.0,8000.0,50.0,19.73,12.5,1875.0,1900,9880.0,12160.0
Mahindra Scorpio,Mahindra,7500.0,8000.0,8000.0,50.0,19.73,12.5,1875.0,1900,9880.0,12160.0
Mahindra Scorpio,Mahindra,7500.0,8000.0,8000.0,50.0,19.73,12.5,1875.0,1900,9880.0,12160.0
Mahindra Scorpio,Mahindra,7500.0,8000.0,8000.0,50.0,19.73,12.5,1875.0,1900,9880.0,12160.0
Nissan GT-R,Nissan,5000.0,6500.0,8000.0,80.0,21.7,20.0,1250.0,1250,6500.0,8000.0
Nissan Kicks,Nissan,5500.0,7500.0,8500.0,80.0,21.7,20.0,1375.0,1400,7280.0,8960.0
Tata Yodha Pickup,Tata,6000.0,9000.0,10000.0,100.0,21.7,25.0,1500.0,1500,7800.0,9600.0
Mahindra Bolero Pickup,Mahindra,7500.0,8000.0,8000.0,100.0,21.7,25.0,1875.0,1900,9880.0,12160.0
ALTO,Suzuki,4500.0,5500.0,8000.0,100.0,21.7,25.0,1125.0,1150,5980.0,7360.0
Tata 1512 Supper Deluxe,Tata,6000.0,12000.0,12000.0,50.0,21.7,12.5,1500.0,1500,7800.0,9600.0
Mahindra Scorpio,Mahindra,7500.0,8000.0,8000.0,50.0,19.73,12.5,1875.0,1900,9880.0,12160.0
DZIRE,Suzuki,4500.0,5500.0,8000.0,100.0,21.7,25.0,1125.0,1150,5980.0,7360.0
Datsun New GO,Datsun,5000.0,6500.0,8000.0,80.0,21.7,20.0,1250.0,1250,6500.0,8000.0
Tata Tiago EV,Tata,4500.0,5500.0,8000.0,50.0,21.7,12.5,1125.0,1150,5980.0,7360.0
Maruti Suzuki,Suzuki,5000.0,6500.0,8000.0,80.0,21.7,20.0,1250.0,1250,6500.0,8000.0
ALTO,Suzuki,4500.0,5500.0,8000.0,100.0,21.7,25.0,1125.0,1150,5980.0,7360.0
Tata 1512 Supper Deluxe,Tata,6000.0,12000.0,12000.0,50.0,21.7,12.5,1500.0,1500,7800.0,9600.0
Mitsubishi Eclipse Cross,Mitsubishi,5000.0,6500.0,8000.0,80.0,21.7,20.0,1250.0,1250,6500.0,8000.0
Tata 1512 Supper Deluxe,Tata,6000.0,12000.0,12000.0,50.0,21.7,12.5,1500.0,1500,7800.0,9600.0
Tata Nexon,Tata,5500.0,7500.0,8500.0,80.0,21.7,20.0,1375.0,1400,7280.0,8960.0
Mahindra Bolero Pickup,Mahindra,7500.0,8000.0,8000.0,100.0,21.7,25.0,1875.0,1900,9880.0,12160.0
Maruti Suzuki,Suzuki,5000.0,6500.0,8000.0,80.0,21.7,20.0,1250.0,1250,6500.0,8000.0
Maruti Suzuki,Suzuki,4500.0,5500.0,8000.0,100.0,21.7,25.0,1125.0,1150,5980.0,7360.0
207 DI,Tata,6000.0,9000.0,10000.0,100.0,21.7,25.0,1500.0,1500,7800.0,9600.0
TATA XENON,Tata,4500.0,8000.0,8000.0,50.0,21.7,12.5,1125.0,1150,5980.0,7360.0
KAROQ,Skoda,5000.0,6500.0,8000.0,80.0,21.7,20.0,1250.0,1250,6500.0,8000.0
Mahindra Bolero Pickup,Mahindra,7500.0,8000.0,8000.0,100.0,21.7,25.0,1875.0,1900,9880.0,12160.0
WAGONR,Suzuki,5000.0,6500.0,8000.0,80.0,21.7,20.0,1250.0,1250,6500.0,8000.0
DZIRE,Suzuki,4500.0,5500.0,8000.0,100.0,21.7,25.0,1125.0,1150,5980.0,7360.0
Maruti Suzuki,Suzuki,4500.0,6500.0,6500.0,100.0,21.7,25.0,1125.0,1150,5980.0,7360.0
Santro,Hyundai,4500.0,5500.0,8000.0,80.0,21.7,20.0,1125.0,1150,5980.0,7360.0
Mahindra Bolero Pickup,Mahindra,7500.0,8000.0,8000.0,100.0,21.7,25.0,1875.0,1900,9880.0,12160.0
Mahindra Scorpio,Mahindra,7500.0,8000.0,8000.0,50.0,19.73,12.5,1875.0,1900,9880.0,12160.0
Sportage,Kia,5500.0,7500.0,8500.0,80.0,21.7,20.0,1375.0,1400,7280.0,8960.0
Mahindra Scorpio,Mahindra,7500.0,8000.0,8000.0,50.0,19.73,12.5,1875.0,1900,9880.0,12160.0
MG ZS,MG,5500.0,7500.0,8500.0,80.0,21.7,20.0,1375.0,1400,7280.0,8960.0
BMW 2 Series,BMW,5000.0,6500.0,8000.0,80.0,21.7,20.0,1250.0,1250,6500.0,8000.0
SUPER CARRY PICK-UP VAN,Suzuki,4500.0,6500.0,6500.0,100.0,21.7,25.0,1125.0,1150,5980.0,7360.0
Mahindra Scorpio,Mahindra,7500.0,8000.0,8000.0,50.0,19.73,12.5,1875.0,1900,9880.0,12160.0
ALTO,Suzuki,4500.0,5500.0,8000.0,100.0,21.7,25.0,1125.0,1150,5980.0,7360.0
Mahindra Scorpio,Mahindra,7500.0,8000.0,8000.0,50.0,19.73,12.5,1875.0,1900,9880.0,12160.0
Tata 1512 Supper Deluxe,Tata,6000.0,12000.0,12000.0,50.0,21.7,12.5,1500.0,1500,7800.0,9600.0
Maruti Suzuki,Suzuki,4500.0,6500.0,6500.0,100.0,21.7,25.0,1125.0,1150,5980.0,7360.0
Maruti Suzuki,Suzuki,4500.0,6500.0,6500.0,100.0,21.7,25.0,1125.0,1150,5980.0,7360.0
Mahindra Scorpio,Mahindra,7500.0,8000.0,8000.0,50.0,19.73,12.5,1875.0,1900,9880.0,12160.0
Tata Safari,Tata,6000.0,9000.0,10000.0,80.0,21.7,20.0,1500.0,1500,7800.0,9600.0
Santro,Hyundai,4500.0,5500.0,8000.0,80.0,21.7,20.0,1125.0,1150,5980.0,7360.0
Datsun Redi GO,Datsun,4500.0,5500.0,8000.0,80.0,21.7,20.0,1125.0,1150,5980.0,7360.0
Mahindra Scorpio,Mahindra,7500.0,8000.0,8000.0,50.0,19.73,12.5,1875.0,1900,9880.0,12160.0
Mahindra Scorpio,Mahindra,7500.0,8000.0,8000.0,50.0,19.73,12.5,1875.0,1900,9880.0,12160.0
Mahindra Scorpio,Mahindra,7500.0,8000.0,8000.0,50.0,19.73,12.5,1875.0,1900,9880.0,12160.0
Micra,Nissan,4500.0,6500.0,6500.0,100.0,21.7,25.0,1125.0,1150,5980.0,7360.0
Santro,Hyundai,4500.0,5500.0,8000.0,80.0,21.7,20.0,1125.0,1150,5980.0,7360.0
Mahindra Scorpio,Mahindra,7500.0,8000.0,8000.0,50.0,19.73,12.5,1875.0,1900,9880.0,12160.0
Brezza,Suzuki,5500.0,7500.0,8500.0,80.0,21.7,20.0,1375.0,1400,7280.0,8960.0
Datsun New GO,Datsun,5000.0,6500.0,8000.0,80.0,21.7,20.0,1250.0,1250,6500.0,8000.0
Toyota New Hiace,Toyota,5000.0,10000.0,10000.0,50.0,21.7,12.5,1250.0,1250,6500.0,8000.0
Santro,Hyundai,4500.0,5500.0,8000.0,80.0,21.7,20.0,1125.0,1150,5980.0,7360.0
Mahindra Scorpio,Mahindra,7500.0,8000.0,8000.0,50.0,19.73,12.5,1875.0,1900,9880.0,12160.0
Seltos,Kia,5500.0,7500.0,8500.0,80.0,21.7,20.0,1375.0,1400,7280.0,8960.0
Mahindra Scorpio,Mahindra,7500.0,8000.0,8000.0,50.0,19.73,12.5,1875.0,1900,9880.0,12160.0
Mahindra Scorpio,Mahindra,7500.0,8000.0,8000.0,50.0,19.73,12.5,1875.0,1900,9880.0,12160.0
Tata 1512 Supper Deluxe,Tata,6000.0,12000.0,12000.0,50.0,21.7,12.5,1500.0,1500,7800.0,9600.0
BYD Dolphin,BYD,4500.0,5500.0,8000.0,50.0,21.7,12.5,1125.0,1150,5980.0,7360.0
Mahindra Scorpio,Mahindra,7500.0,8000.0,8000.0,50.0,19.73,12.5,1875.0,1900,9880.0,12160.0
Mahindra Scorpio,Mahindra,7500.0,8000.0,8000.0,50.0,19.73,12.5,1875.0,1900,9880.0,12160.0
Brezza,Suzuki,5500.0,7500.0,8500.0,80.0,21.7,20.0,1375.0,1400,7280.0,8960.0
Tata 1512 Supper Deluxe,Tata,6000.0,12000.0,12000.0,50.0,21.7,12.5,1500.0,1500,7800.0,9600.0
Ignis,Suzuki,5000.0,6500.0,8000.0,80.0,21.7,20.0,1250.0,1250,6500.0,8000.0
Maruti Suzuki,Suzuki,5000.0,6500.0,8000.0,80.0,21.7,20.0,1250.0,1250,6500.0,8000.0
Toyota New Hiace,Toyota,5000.0,10000.0,10000.0,50.0,21.7,12.5,1250.0,1250,6500.0,8000.0
Mahindra Scorpio,Mahindra,7500.0,8000.0,8000.0,50.0,19.73,12.5,1875.0,1900,9880.0,12160.0
Tata Tiago,Tata,5000.0,6500.0,8000.0,80.0,21.7,20.0,1250.0,1250,6500.0,8000.0
Mahindra Scorpio,Mahindra,7500.0,8000.0,8000.0,50.0,19.73,12.5,1875.0,1900,9880.0,12160.0
Isuzu D-Max,Isuzu,4500.0,8000.0,8000.0,50.0,21.7,12.5,1125.0,1150,5980.0,7360.0
RAPID,Skoda,4500.0,5500.0,8000.0,100.0,21.7,25.0,1125.0,1150,5980.0,7360.0
TATA XENON,Tata,6000.0,9000.0,10000.0,100.0,21.7,25.0,1500.0,1500,7800.0,9600.0
Brezza,Suzuki,5500.0,7500.0,8500.0,80.0,21.7,20.0,1375.0,1400,7280.0,8960.0
Toyota New Hiace,Toyota,5000.0,10000.0,10000.0,50.0,21.7,12.5,1250.0,1250,6500.0,8000.0
Tata 1512 Supper Deluxe,Tata,6000.0,12000.0,12000.0,50.0,21.7,12.5,1500.0,1500,7800.0,9600.0
Seltos,Kia,5500.0,7500.0,8500.0,80.0,21.7,20.0,1375.0,1400,7280.0,8960.0
Mahindra Scorpio,Mahindra,7500.0,8000.0,8000.0,50.0,19.73,12.5,1875.0,1900,9880.0,12160.0
Tata 1512 Supper Deluxe,Tata,6000.0,12000.0,12000.0,50.0,21.7,12.5,1500.0,1500,7800.0,9600.0
Mahindra Scorpio,Mahindra,7500.0,8000.0,8000.0,50.0,19.73,12.5,1875.0,1900,9880.0,12160.0
Tata 1512 Supper Deluxe,Tata,6000.0,12000.0,12000.0,50.0,21.7,12.5,1500.0,1500,7800.0,9600.0
Santro,Hyundai,4500.0,5500.0,8000.0,80.0,21.7,20.0,1125.0,1150,5980.0,7360.0
Scorpio,Mahindra,7500.0,8000.0,8000.0,50.0,20.45,12.5,1875.0,1900,9880.0,12160.0
Mahindra Scorpio,Mahindra,7500.0,8000.0,8000.0,50.0,19.73,12.5,1875.0,1900,9880.0,12160.0
Mahindra Bolero Pickup,Mahindra,4500.0,8000.0,8000.0,50.0,21.7,12.5,1125.0,1150,5980.0,7360.0
Mahindra Scorpio,Mahindra,7500.0,8000.0,8000.0,50.0,19.73,12.5,1875.0,1900,9880.0,12160.0
Tata Safari,Tata,6000.0,9000.0,10000.0,100.0,21.7,25.0,1500.0,1500,7800.0,9600.0
SHEPHIA,Kia,5000.0,6500.0,8000.0,80.0,21.7,20.0,1250.0,1250,6500.0,8000.0
Toyota New Hiace,Toyota,5000.0,10000.0,10000.0,50.0,21.7,12.5,1250.0,1250,6500.0,8000.0
Toyota Etios,Toyota,5000.0,6500.0,8000.0,80.0,21.7,20.0,1250.0,1250,6500.0,8000.0
RAPID,Skoda,4500.0,5500.0,8000.0,100.0,21.7,25.0,1125.0,1150,5980.0,7360.0
SUPER CARRY PICK-UP VAN,Suzuki,4500.0,6500.0,8000.0,100.0,21.7,25.0,1125.0,1150,5980.0,7360.0
Classic,Unknown,4500.0,5500.0,8000.0,100.0,21.7,25.0,1125.0,1150,5980.0,7360.0
Classic,Unknown,4500.0,5500.0,8000.0,100.0,21.7,25.0,1125.0,1150,5980.0,7360.0
Brezza,Suzuki,5500.0,7500.0,8500.0,80.0,21.7,20.0,1375.0,1400,7280.0,8960.0
Tata 1512 Supper Deluxe,Tata,6000.0,12000.0,12000.0,50.0,21.7,12.5,1500.0,1500,7800.0,9600.0
Mahindra Scorpio,Mahindra,7500.0,8000.0,8000.0,50.0,19.73,12.5,1875.0,1900,9880.0,12160.0
Mahindra Bolero Pickup,Mahindra,7500.0,8000.0,8000.0,100.0,21.7,25.0,1875.0,1900,9880.0,12160.0
Mahindra Bolero Pickup,Mahindra,4500.0,8000.0,8000.0,50.0,21.7,12.5,1125.0,1150,5980.0,7360.0
Sonet,Kia,5500.0,7500.0,8500.0,80.0,21.7,20.0,1375.0,1400,7280.0,8960.0
Mahindra Scorpio,Mahindra,7500.0,8000.0,8000.0,50.0,19.73,12.5,1875.0,1900,9880.0,12160.0
DZIRE,Suzuki,4500.0,5500.0,8000.0,100.0,21.7,25.0,1125.0,1150,5980.0,7360.0
Mahindra Scorpio,Mahindra,7500.0,8000.0,8000.0,50.0,19.73,12.5,1875.0,1900,9880.0,12160.0
Mahindra Marazzo,Mahindra,7500.0,8000.0,8000.0,100.0,21.7,25.0,1875.0,1900,9880.0,12160.0
Maruti Suzuki,Suzuki,5000.0,6500.0,8000.0,80.0,21.7,20.0,1250.0,1250,6500.0,8000.0
ALTO,Suzuki,4500.0,5500.0,8000.0,100.0,21.7,25.0,1125.0,1150,5980.0,7360.0
Datsun Redi GO,Datsun,5000.0,6500.0,8000.0,80.0,21.7,20.0,1250.0,1250,6500.0,8000.0
DZIRE,Suzuki,4500.0,5500.0,8000.0,100.0,21.7,25.0,1125.0,1150,5980.0,7360.0
Toyota New Hiace,Toyota,5000.0,10000.0,10000.0,50.0,21.7,12.5,1250.0,1250,6500.0,8000.0
Toyota New Hiace,Toyota,5000.0,10000.0,10000.0,50.0,21.7,12.5,1250.0,1250,6500.0,8000.0
DZIRE,Suzuki,4500.0,5500.0,8000.0,100.0,21.7,25.0,1125.0,1150,5980.0,7360.0
ALTO,Suzuki,4500.0,5500.0,8000.0,100.0,21.7,25.0,1125.0,1150,5980.0,7360.0
Mahindra Scorpio,Mahindra,7500.0,8000.0,8000.0,50.0,19.73,12.5,1875.0,1900,9880.0,12160.0
Mahindra Scorpio,Mahindra,7500.0,8000.0,8000.0,50.0,19.73,12.5,1875.0,1900,9880.0,12160.0
Mahindra Bolero Pickup,Mahindra,7500.0,8000.0,8000.0,100.0,21.7,25.0,1875.0,1900,9880.0,12160.0
SUPER CARRY PICK-UP VAN,Suzuki,4500.0,6500.0,8000.0,100.0,21.7,25.0,1125.0,1150,5980.0,7360.0
Toyota New Hiace,Toyota,5000.0,10000.0,10000.0,50.0,21.7,12.5,1250.0,1250,6500.0,8000.0
Mahindra Scorpio,Mahindra,7500.0,8000.0,8000.0,50.0,19.73,12.5,1875.0,1900,9880.0,12160.0
Nissan Sunny,Nissan,5000.0,6500.0,8000.0,80.0,21.7,20.0,1250.0,1250,6500.0,8000.0
ALTO,Suzuki,4500.0,5500.0,8000.0,100.0,21.7,25.0,1125.0,1150,5980.0,7360.0
Sonet,Kia,5500.0,7500.0,8500.0,80.0,21.7,20.0,1375.0,1400,7280.0,8960.0
Tata 1512 Supper Deluxe,Tata,6000.0,12000.0,12000.0,50.0,21.7,12.5,1500.0,1500,7800.0,9600.0
Toyota New Hiace,Toyota,5000.0,10000.0,10000.0,50.0,21.7,12.5,1250.0,1250,6500.0,8000.0
SUPER CARRY PICK-UP VAN,Suzuki,4500.0,6500.0,6500.0,100.0,21.7,25.0,1125.0,1150,5980.0,7360.0
RAPID,Skoda,4500.0,5500.0,8000.0,100.0,21.7,25.0,1125.0,1150,5980.0,7360.0
Alto,Suzuki,4500.0,5500.0,8000.0,100.0,21.7,25.0,1125.0,1150,5980.0,7360.0
Mahindra Scorpio,Mahindra,7500.0,8000.0,8000.0,50.0,19.73,12.5,1875.0,1900,9880.0,12160.0
Mahindra Scorpio,Mahindra,7500.0,8000.0,8000.0,50.0,19.73,12.5,1875.0,1900,9880.0,12160.0
Tata 1512 Supper Deluxe,Tata,6000.0,12000.0,12000.0,50.0,21.7,12.5,1500.0,1500,7800.0,9600.0
Toyota Land Cruiser,Toyota,6000.0,9000.0,10000.0,80.0,21.7,20.0,1500.0,1500,7800.0,9600.0
Nissan Magnite,Nissan,5500.0,7500.0,8500.0,80.0,21.7,20.0,1375.0,1400,7280.0,8960.0
Kwid,Renault,5500.0,7500.0,8500.0,80.0,21.7,20.0,1375.0,1400,7280.0,8960.0
RAPID,Skoda,4500.0,5500.0,8000.0,100.0,21.7,25.0,1125.0,1150,5980.0,7360.0
Toyota New Hiace,Toyota,5000.0,10000.0,10000.0,50.0,21.7,12.5,1250.0,1250,6500.0,8000.0
Honda CRV,Honda,4500.0,5500.0,8000.0,80.0,21.7,20.0,1125.0,1150,5980.0,7360.0
Mahindra Scorpio,Mahindra,7500.0,8000.0,8000.0,50.0,19.73,12.5,1875.0,1900,9880.0,12160.0
SWIFT,Suzuki,4500.0,5500.0,8000.0,100.0,21.7,25.0,1125.0,1150,5980.0,7360.0
Tata Tiago EV,Tata,4500.0,5500.0,8000.0,50.0,21.7,12.5,1125.0,1150,5980.0,7360.0
Brezza,Suzuki,5500.0,7500.0,8500.0,80.0,21.7,20.0,1375.0,1400,7280.0,8960.0
Mahindra Scorpio,Mahindra,7500.0,8000.0,8000.0,50.0,19.73,12.5,1875.0,1900,9880.0,12160.0
Mahindra Scorpio,Mahindra,7500.0,8000.0,8000.0,50.0,19.73,12.5,1875.0,1900,9880.0,12160.0
Maruti Suzuki,Suzuki,4500.0,6500.0,6500.0,100.0,21.7,25.0,1125.0,1150,5980.0,7360.0
RAPID,Skoda,4500.0,5500.0,8000.0,100.0,21.7,25.0,1125.0,1150,5980.0,7360.0
Ecosport,Ford,5500.0,7500.0,8500.0,80.0,21.7,20.0,1375.0,1400,7280.0,8960.0
Mahindra Scorpio,Mahindra,7500.0,8000.0,8000.0,50.0,19.73,12.5,1875.0,1900,9880.0,12160.0
Ecosport,Ford,5500.0,7500.0,8500.0,80.0,21.7,20.0,1375.0,1400,7280.0,8960.0
Toyota New Hiace,Toyota,5000.0,10000.0,10000.0,50.0,21.7,12.5,1250.0,1250,6500.0,8000.0
Kwid,Renault,5500.0,7500.0,8500.0,80.0,21.7,20.0,1375.0,1400,7280.0,8960.0
Mahindra Scorpio,Mahindra,7500.0,8000.0,8000.0,50.0,19.73,12.5,1875.0,1900,9880.0,12160.0
Venue,Hyundai,5000.0,6500.0,8000.0,80.0,21.7,20.0,1250.0,1250,6500.0,8000.0
Linea,Fiat,5000.0,6500.0,8000.0,80.0,21.7,20.0,1250.0,1250,6500.0,8000.0
Mahindra Scorpio,Mahindra,7500.0,8000.0,8000.0,50.0,19.73,12.5,1875.0,1900,9880.0,12160.0
WAGONR,Suzuki,5000.0,6500.0,8000.0,80.0,21.7,20.0,1250.0,1250,6500.0,8000.0
Mahindra Scorpio,Mahindra,7500.0,8000.0,8000.0,50.0,19.73,12.5,1875.0,1900,9880.0,12160.0
Seres - 3,Seres,5000.0,7000.0,8000.0,50.0,36.17,12.5,1250.0,1250,6500.0,8000.0
Figo,Ford,4500.0,5500.0,8000.0,100.0,21.7,25.0,1125.0,1150,5980.0,7360.0
Mahindra Scorpio,Mahindra,7500.0,8000.0,8000.0,50.0,19.73,12.5,1875.0,1900,9880.0,12160.0
Mahindra Scorpio,Mahindra,7500.0,8000.0,8000.0,50.0,19.73,12.5,1875.0,1900,9880.0,12160.0
EECO CARGO,Suzuki,4500.0,6500.0,8000.0,100.0,21.7,25.0,1125.0,1150,5980.0,7360.0
NETA - V,NETA,5000.0,7000.0,8000.0,50.0,36.17,12.5,1250.0,1250,6500.0,8000.0
EECO CARGO,Suzuki,4500.0,6500.0,6500.0,100.0,21.7,25.0,1125.0,1150,5980.0,7360.0
Mahindra Scorpio,Mahindra,7500.0,8000.0,8000.0,50.0,19.73,12.5,1875.0,1900,9880.0,12160.0
Triber,Renault,5500.0,7500.0,8500.0,80.0,21.7,20.0,1375.0,1400,7280.0,8960.0
Tucson,Hyundai,7500.0,8000.0,8000.0,50.0,19.73,12.5,1875.0,1900,9880.0,12160.0
Toyota New Hiace,Toyota,5000.0,10000.0,10000.0,50.0,21.7,12.5,1250.0,1250,6500.0,8000.0
Mahindra Bolero Pickup,Mahindra,4500.0,8000.0,8000.0,50.0,21.7,12.5,1125.0,1150,5980.0,7360.0
Classic,Unknown,5000.0,6500.0,8000.0,80.0,21.7,20.0,1250.0,1250,6500.0,8000.0
Grand i10,Hyundai,4500.0,5500.0,8000.0,80.0,21.7,20.0,1125.0,1150,5980.0,7360.0
Tata 1512 Supper Deluxe,Tata,6000.0,12000.0,12000.0,50.0,21.7,12.5,1500.0,1500,7800.0,9600.0
SWIFT,Suzuki,4500.0,5500.0,8000.0,100.0,21.7,25.0,1125.0,1150,5980.0,7360.0
Mahindra Scorpio,Mahindra,7500.0,8000.0,8000.0,50.0,19.73,12.5,1875.0,1900,9880.0,12160.0
Mahindra Scorpio,Mahindra,7500.0,8000.0,8000.0,50.0,19.73,12.5,1875.0,1900,9880.0,12160.0
Tata 1512 Supper Deluxe,Tata,6000.0,12000.0,12000.0,50.0,21.7,12.5,1500.0,1500,7800.0,9600.0
NETA - V,NETA,5000.0,7000.0,8000.0,50.0,36.17,12.5,1250.0,1250,6500.0,8000.0
Accent,Hyundai,4500.0,5500.0,8000.0,100.0,21.7,25.0,1125.0,1150,5980.0,7360.0
ALTO,Suzuki,4500.0,5500.0,8000.0,100.0,21.7,25.0,1125.0,1150,5980.0,7360.0
ALTO,Suzuki,4500.0,5500.0,8000.0,100.0,21.7,25.0,1125.0,1150,5980.0,7360.0
Toyota New Hiace,Toyota,5000.0,10000.0,10000.0,50.0,21.7,12.5,1250.0,1250,6500.0,8000.0
Nissan Magnite,Nissan,5500.0,7500.0,8500.0,80.0,21.7,20.0,1375.0,1400,7280.0,8960.0
BALENO,Suzuki,4500.0,5500.0,8000.0,100.0,21.7,25.0,1125.0,1150,5980.0,7360.0
Honda Amaze,Honda,4500.0,5500.0,8000.0,100.0,21.7,25.0,1125.0,1150,5980.0,7360.0
SUPER CARRY PICK-UP VAN,Suzuki,4500.0,6500.0,6500.0,100.0,21.7,25.0,1125.0,1150,5980.0,7360.0
Celerio,Suzuki,4500.0,5500.0,8000.0,100.0,21.7,25.0,1125.0,1150,5980.0,7360.0
Grand i10,Hyundai,4500.0,5500.0,8000.0,80.0,21.7,20.0,1125.0,1150,5980.0,7360.0
Mahindra Scorpio,Mahindra,7500.0,8000.0,8000.0,50.0,19.73,12.5,1875.0,1900,9880.0,12160.0
Tucson,Hyundai,7500.0,8000.0,8000.0,50.0,19.73,12.5,1875.0,1900,9880.0,12160.0
Toyota New Hiace,Toyota,5000.0,10000.0,10000.0,50.0,21.7,12.5,1250.0,1250,6500.0,8000.0
Mahindra Scorpio,Mahindra,7500.0,8000.0,8000.0,50.0,19.73,12.5,1875.0,1900,9880.0,12160.0
Maruti Suzuki,Suzuki,4500.0,6500.0,6500.0,100.0,21.7,25.0,1125.0,1150,5980.0,7360.0
Sumo,Tata,7500.0,8000.0,8000.0,50.0,19.73,12.5,1875.0,1900,9880.0,12160.0
Toyota New Hiace,Toyota,5000.0,10000.0,10000.0,50.0,21.7,12.5,1250.0,1250,6500.0,8000.0
Toyota New Hiace,Toyota,5000.0,10000.0,10000.0,50.0,21.7,12.5,1250.0,1250,6500.0,8000.0
Kiger,Renault,5500.0,7500.0,8500.0,80.0,21.7,20.0,1375.0,1400,7280.0,8960.0
SWIFT,Suzuki,4500.0,5500.0,8000.0,100.0,21.7,25.0,1125.0,1150,5980.0,7360.0
Mahindra Scorpio,Mahindra,7500.0,8000.0,8000.0,50.0,19.73,12.5,1875.0,1900,9880.0,12160.0
Volkswagen Polo,Volkswagen,5000.0,6500.0,8000.0,80.0,21.7,20.0,1250.0,1250,6500.0,8000.0
Mahindra Scorpio,Mahindra,7500.0,8000.0,8000.0,50.0,19.73,12.5,1875.0,1900,9880.0,12160.0
Mahindra Scorpio,Mahindra,7500.0,8000.0,8000.0,50.0,19.73,12.5,1875.0,1900,9880.0,12160.0
Mahindra Scorpio,Mahindra,7500.0,8000.0,8000.0,50.0,19.73,12.5,1875.0,1900,9880.0,12160.0
WAGONR,Suzuki,5000.0,6500.0,8000.0,80.0,21.7,20.0,1250.0,1250,6500.0,8000.0
Mahindra Scorpio,Mahindra,7500.0,8000.0,8000.0,50.0,19.73,12.5,1875.0,1900,9880.0,12160.0
Mahindra Scorpio,Mahindra,7500.0,8000.0,8000.0,50.0,19.73,12.5,1875.0,1900,9880.0,12160.0
Toyota Etios,Toyota,5000.0,6500.0,8000.0,80.0,21.7,20.0,1250.0,1250,6500.0,8000.0
MG ZS,MG,5000.0,7000.0,8000.0,50.0,36.17,12.5,1250.0,1250,6500.0,8000.0
Xcent,Hyundai,5000.0,6500.0,8000.0,80.0,21.7,20.0,1250.0,1250,6500.0,8000.0
Seres - 3,Seres,5000.0,7000.0,8000.0,50.0,36.17,12.5,1250.0,1250,6500.0,8000.0
Tata 1512 Supper Deluxe,Tata,6000.0,12000.0,12000.0,50.0,21.7,12.5,1500.0,1500,7800.0,9600.0
DZIRE,Suzuki,4500.0,5500.0,8000.0,100.0,21.7,25.0,1125.0,1150,5980.0,7360.0
SWIFT,Suzuki,4500.0,5500.0,8000.0,100.0,21.7,25.0,1125.0,1150,5980.0,7360.0
Tata Safari,Tata,6000.0,9000.0,10000.0,100.0,21.7,25.0,1500.0,1500,7800.0,9600.0
Mahindra Scorpio,Mahindra,7500.0,8000.0,8000.0,50.0,19.73,12.5,1875.0,1900,9880.0,12160.0
Nissan Sunny,Nissan,4500.0,5500.0,8000.0,100.0,21.7,25.0,1125.0,1150,5980.0,7360.0
TATA XENON,Tata,4500.0,8000.0,8000.0,50.0,21.7,12.5,1125.0,1150,5980.0,7360.0
Tata 1512 Supper Deluxe,Tata,6000.0,12000.0,12000.0,50.0,21.7,12.5,1500.0,1500,7800.0,9600.0
BALENO,Suzuki,4500.0,5500.0,8000.0,100.0,21.7,25.0,1125.0,1150,5980.0,7360.0
DZIRE,Suzuki,4500.0,5500.0,8000.0,100.0,21.7,25.0,1125.0,1150,5980.0,7360.0
Mahindra Scorpio,Mahindra,7500.0,8000.0,8000.0,50.0,19.73,12.5,1875.0,1900,9880.0,12160.0
Tata 1512 Supper Deluxe,Tata,6000.0,12000.0,12000.0,50.0,21.7,12.5,1500.0,1500,7800.0,9600.0
Mahindra Scorpio,Mahindra,7500.0,8000.0,8000.0,50.0,19.73,12.5,1875.0,1900,9880.0,12160.0
Maruti Suzuki,Suzuki,5000.0,6500.0,8000.0,80.0,21.7,20.0,1250.0,1250,6500.0,8000.0
Grand i10,Hyundai,4500.0,5500.0,8000.0,80.0,21.7,20.0,1125.0,1150,5980.0,7360.0
Tucson,Hyundai,7500.0,8000.0,8000.0,50.0,19.73,12.5,1875.0,1900,9880.0,12160.0
Mahindra Scorpio,Mahindra,7500.0,8000.0,8000.0,50.0,19.73,12.5,1875.0,1900,9880.0,12160.0
Kiger,Renault,5500.0,7500.0,8500.0,80.0,21.7,20.0,1375.0,1400,7280.0,8960.0
Hyundai Creta 2016,Hyundai,5500.0,7500.0,8500.0,80.0,21.7,20.0,1375.0,1400,7280.0,8960.0
Tata Harrier,Tata,6000.0,9000.0,10000.0,80.0,21.7,20.0,1500.0,1500,7800.0,9600.0
Micra,Nissan,5000.0,6500.0,8000.0,80.0,21.7,20.0,1250.0,1250,6500.0,8000.0
Tata 1512 Supper Deluxe,Tata,6000.0,12000.0,12000.0,50.0,21.7,12.5,1500.0,1500,7800.0,9600.0
Toyota Land Cruiser,Toyota,6000.0,9000.0,10000.0,80.0,21.7,20.0,1500.0,1500,7800.0,9600.0
Nexo,Hyundai,4500.0,5500.0,8000.0,80.0,21.7,20.0,1125.0,1150,5980.0,7360.0
Mahindra Scorpio,Mahindra,7500.0,8000.0,8000.0,50.0,19.73,12.5,1875.0,1900,9880.0,12160.0
Mahindra Scorpio,Mahindra,7500.0,8000.0,8000.0,50.0,19.73,12.5,1875.0,1900,9880.0,12160.0
Mahindra Scorpio,Mahindra,7500.0,8000.0,8000.0,50.0,19.73,12.5,1875.0,1900,9880.0,12160.0
Toyota New Hiace,Toyota,5000.0,10000.0,10000.0,50.0,21.7,12.5,1250.0,1250,6500.0,8000.0
Mahindra Scorpio,Mahindra,7500.0,8000.0,8000.0,50.0,19.73,12.5,1875.0,1900,9880.0,12160.0
Ecosport,Ford,5500.0,7500.0,8500.0,80.0,21.7,20.0,1375.0,1400,7280.0,8960.0
ALTO,Suzuki,4500.0,5500.0,8000.0,100.0,21.7,25.0,1125.0,1150,5980.0,7360.0
Tata Tigor,Tata,5000.0,6500.0,8000.0,80.0,21.7,20.0,1250.0,1250,6500.0,8000.0
Sumo,Tata,6000.0,9000.0,10000.0,80.0,21.7,20.0,1500.0,1500,7800.0,9600.0
Nissan Magnite,Nissan,5500.0,7500.0,8500.0,80.0,21.7,20.0,1375.0,1400,7280.0,8960.0
EECO CARGO,Suzuki,4500.0,6500.0,6500.0,100.0,21.7,25.0,1125.0,1150,5980.0,7360.0
Toyota New Hiace,Toyota,5000.0,10000.0,10000.0,50.0,21.7,12.5,1250.0,1250,6500.0,8000.0
Celerio,Suzuki,4500.0,5500.0,8000.0,100.0,21.7,25.0,1125.0,1150,5980.0,7360.0
Maruti Suzuki,Suzuki,4500.0,6500.0,6500.0,100.0,21.7,25.0,1125.0,1150,5980.0,7360.0
Classic,Unknown,4500.0,5500.0,8000.0,100.0,21.7,25.0,1125.0,1150,5980.0,7360.0
Honda City,Honda,5000.0,6500.0,8000.0,80.0,21.7,20.0,1250.0,1250,6500.0,8000.0
Duster,Renault,5500.0,7500.0,8500.0,80.0,21.7,20.0,1375.0,1400,7280.0,8960.0
Mitsubishi Eclipse Cross,Mitsubishi,5500.0,7500.0,8500.0,80.0,21.7,20.0,1375.0,1400,7280.0,8960.0
C - 3,Citroen,5000.0,6500.0,8000.0,80.0,21.7,20.0,1250.0,1250,6500.0,8000.0
Mahindra Scorpio,Mahindra,7500.0,8000.0,8000.0,50.0,19.73,12.5,1875.0,1900,9880.0,12160.0
Mahindra Scorpio,Mahindra,7500.0,8000.0,8000.0,50.0,19.73,12.5,1875.0,1900,9880.0,12160.0
Mahindra Scorpio,Mahindra,7500.0,8000.0,8000.0,50.0,19.73,12.5,1875.0,1900,9880.0,12160.0
Classic,Unknown,5000.0,6500.0,8000.0,80.0,21.7,20.0,1250.0,1250,6500.0,8000.0
Maruti Suzuki,Suzuki,5000.0,6500.0,8000.0,80.0,21.7,20.0,1250.0,1250,6500.0,8000.0
Brezza,Suzuki,5500.0,7500.0,8500.0,80.0,21.7,20.0,1375.0,1400,7280.0,8960.0
Brezza,Suzuki,5500.0,7500.0,8500.0,80.0,21.7,20.0,1375.0,1400,7280.0,8960.0
Maruti Suzuki,Suzuki,4500.0,6500.0,6500.0,100.0,21.7,25.0,1125.0,1150,5980.0,7360.0
Tata 1512 Supper Deluxe,Tata,6000.0,12000.0,12000.0,50.0,21.7,12.5,1500.0,1500,7800.0,9600.0
KODIAQ,Skoda,5500.0,7500.0,8500.0,80.0,21.7,20.0,1375.0,1400,7280.0,8960.0
Hyundai Creta 2020,Hyundai,5500.0,7500.0,8500.0,80.0,21.7,20.0,1375.0,1400,7280.0,8960.0
Duster,Renault,5500.0,7500.0,8500.0,80.0,21.7,20.0,1375.0,1400,7280.0,8960.0
RAPID,Skoda,4500.0,5500.0,8000.0,100.0,21.7,25.0,1125.0,1150,5980.0,7360.0
Freestyle,Tata,5500.0,7500.0,8500.0,80.0,21.7,20.0,1375.0,1400,7280.0,8960.0
Kiger,Renault,5000.0,6500.0,8000.0,80.0,21.7,20.0,1250.0,1250,6500.0,8000.0
Mahindra Scorpio,Mahindra,7500.0,8000.0,8000.0,50.0,19.73,12.5,1875.0,1900,9880.0,12160.0
Mahindra Scorpio,Mahindra,7500.0,8000.0,8000.0,50.0,19.73,12.5,1875.0,1900,9880.0,12160.0
207 DI,Tata,6000.0,12000.0,12000.0,50.0,21.7,12.5,1500.0,1500,7800.0,9600.0
Mahindra Bolero Pickup,Mahindra,7500.0,8000.0,8000.0,100.0,21.7,25.0,1875.0,1900,9880.0,12160.0
Tata Nexon,Tata,5500.0,7500.0,8500.0,80.0,21.7,20.0,1375.0,1400,7280.0,8960.0
ALTO,Suzuki,4500.0,5500.0,8000.0,100.0,21.7,25.0,1125.0,1150,5980.0,7360.0
Mahindra Scorpio,Mahindra,7500.0,8000.0,8000.0,50.0,19.73,12.5,1875.0,1900,9880.0,12160.0
Tata Tiago,Tata,4500.0,5500.0,8000.0,50.0,21.7,12.5,1125.0,1150,5980.0,7360.0
Maruti Suzuki,Suzuki,4500.0,6500.0,6500.0,100.0,21.7,25.0,1125.0,1150,5980.0,7360.0
i10,Hyundai,4500.0,5500.0,8000.0,80.0,21.7,20.0,1125.0,1150,5980.0,7360.0
Xcent,Hyundai,5000.0,6500.0,8000.0,80.0,21.7,20.0,1250.0,1250,6500.0,8000.0
Nissan Sunny,Nissan,5000.0,6500.0,8000.0,80.0,21.7,20.0,1250.0,1250,6500.0,8000.0
207 DI,Tata,6000.0,12000.0,12000.0,50.0,21.7,12.5,1500.0,1500,7800.0,9600.0
Toyota New Hiace,Toyota,5000.0,10000.0,10000.0,50.0,21.7,12.5,1250.0,1250,6500.0,8000.0
Mahindra Scorpio,Mahindra,7500.0,8000.0,8000.0,50.0,19.73,12.5,1875.0,1900,9880.0,12160.0
Tata Nexon EV,Tata,5000.0,7000.0,8000.0,50.0,36.17,12.5,1250.0,1250,6500.0,8000.0
Tata 1512 Supper Deluxe,Tata,6000.0,12000.0,12000.0,50.0,21.7,12.5,1500.0,1500,7800.0,9600.0
Tata 1512 Supper Deluxe,Tata,6000.0,12000.0,12000.0,50.0,21.7,12.5,1500.0,1500,7800.0,9600.0
Nissan Kicks,Nissan,5500.0,7500.0,8500.0,80.0,21.7,20.0,1375.0,1400,7280.0,8960.0
TATA XENON,Tata,6000.0,9000.0,10000.0,100.0,21.7,25.0,1500.0,1500,7800.0,9600.0
Mahindra Scorpio,Mahindra,7500.0,8000.0,8000.0,50.0,19.73,12.5,1875.0,1900,9880.0,12160.0
Toyota Innova,Toyota,5000.0,6500.0,8000.0,80.0,21.7,20.0,1250.0,1250,6500.0,8000.0
Grand i10,Hyundai,4500.0,5500.0,8000.0,80.0,21.7,20.0,1125.0,1150,5980.0,7360.0
Suzuki BALENO 2018,Suzuki,4500.0,5500.0,8000.0,100.0,21.7,25.0,1125.0,1150,5980.0,7360.0
Toyota New Hiace,Toyota,5000.0,10000.0,10000.0,50.0,21.7,12.5,1250.0,1250,6500.0,8000.0
Accent,Hyundai,4500.0,5500.0,8000.0,80.0,21.7,20.0,1125.0,1150,5980.0,7360.0
RAPID,Skoda,4500.0,5500.0,8000.0,100.0,21.7,25.0,1125.0,1150,5980.0,7360.0
Chevrolet Aveo,Chevrolet,5000.0,6500.0,8000.0,80.0,21.7,20.0,1250.0,1250,6500.0,8000.0
Santro,Hyundai,4500.0,5500.0,8000.0,80.0,21.7,20.0,1125.0,1150,5980.0,7360.0
Santro,Hyundai,4500.0,5500.0,8000.0,80.0,21.7,20.0,1125.0,1150,5980.0,7360.0
Mahindra Scorpio,Mahindra,7500.0,8000.0,8000.0,50.0,19.73,12.5,1875.0,1900,9880.0,12160.0
Maruti Suzuki,Suzuki,4500.0,6500.0,6500.0,100.0,21.7,25.0,1125.0,1150,5980.0,7360.0
Toyota New Hiace,Toyota,5000.0,10000.0,10000.0,50.0,21.7,12.5,1250.0,1250,6500.0,8000.0
Tata 1512 Supper Deluxe,Tata,6000.0,12000.0,12000.0,50.0,21.7,12.5,1500.0,1500,7800.0,9600.0
Brezza,Suzuki,5500.0,7500.0,8500.0,80.0,21.7,20.0,1375.0,1400,7280.0,8960.0
Sorento,Kia,5000.0,6500.0,8000.0,80.0,21.7,20.0,1250.0,1250,6500.0,8000.0
Toyota New Hiace,Toyota,5000.0,10000.0,10000.0,50.0,21.7,12.5,1250.0,1250,6500.0,8000.0
Toyota New Hiace,Toyota,5000.0,10000.0,10000.0,50.0,21.7,12.5,1250.0,1250,6500.0,8000.0
Celerio,Suzuki,4500.0,5500.0,8000.0,100.0,21.7,25.0,1125.0,1150,5980.0,7360.0
Tucson,Hyundai,5500.0,7500.0,8500.0,80.0,21.7,20.0,1375.0,1400,7280.0,8960.0
Mahindra Scorpio,Mahindra,7500.0,8000.0,8000.0,50.0,19.73,12.5,1875.0,1900,9880.0,12160.0
Toyota New Hiace,Toyota,5000.0,10000.0,10000.0,50.0,21.7,12.5,1250.0,1250,6500.0,8000.0
WAGONR,Suzuki,4500.0,5500.0,8000.0,100.0,21.7,25.0,1125.0,1150,5980.0,7360.0
Mahindra Scorpio,Mahindra,7500.0,8000.0,8000.0,50.0,19.73,12.5,1875.0,1900,9880.0,12160.0
Mahindra Bolero Pickup,Mahindra,4500.0,8000.0,8000.0,50.0,21.7,12.5,1125.0,1150,5980.0,7360.0
Mahindra Scorpio,Mahindra,7500.0,8000.0,8000.0,50.0,19.73,12.5,1875.0,1900,9880.0,12160.0
Mahindra Scorpio,Mahindra,7500.0,8000.0,8000.0,50.0,19.73,12.5,1875.0,1900,9880.0,12160.0
"EC - 3, EV",Citroen,5500.0,7500.0,8500.0,80.0,21.7,20.0,1375.0,1400,7280.0,8960.0
WAGONR,Suzuki,4500.0,5500.0,8000.0,100.0,21.7,25.0,1125.0,1150,5980.0,7360.0
EECO CARGO,Suzuki,4500.0,6500.0,6500.0,100.0,21.7,25.0,1125.0,1150,5980.0,7360.0
207 DI,Tata,6000.0,12000.0,12000.0,50.0,21.7,12.5,1500.0,1500,7800.0,9600.0
Tata 1512 Supper Deluxe,Tata,6000.0,12000.0,12000.0,50.0,21.7,12.5,1500.0,1500,7800.0,9600.0
i20,Hyundai,4500.0,5500.0,8000.0,80.0,21.7,20.0,1125.0,1150,5980.0,7360.0
Mahindra Scorpio,Mahindra,7500.0,8000.0,8000.0,50.0,19.73,12.5,1875.0,1900,9880.0,12160.0
Celerio,Suzuki,4500.0,5500.0,8000.0,100.0,21.7,25.0,1125.0,1150,5980.0,7360.0
i10,Hyundai,4500.0,5500.0,8000.0,80.0,21.7,20.0,1125.0,1150,5980.0,7360.0
Avanza,Toyota,4500.0,5500.0,8000.0,50.0,21.7,12.5,1125.0,1150,5980.0,7360.0
Mahindra Scorpio,Mahindra,7500.0,8000.0,8000.0,50.0,19.73,12.5,1875.0,1900,9880.0,12160.0
Toyota New Hiace,Toyota,5000.0,10000.0,10000.0,50.0,21.7,12.5,1250.0,1250,6500.0,8000.0
Mahindra Scorpio,Mahindra,7500.0,8000.0,8000.0,50.0,19.73,12.5,1875.0,1900,9880.0,12160.0
SUPER CARRY PICK-UP VAN,Suzuki,4500.0,6500.0,8000.0,100.0,21.7,25.0,1125.0,1150,5980.0,7360.0
Hyundai Creta 2016,Hyundai,5500.0,7500.0,8500.0,80.0,21.7,20.0,1375.0,1400,7280.0,8960.0
Grand i10,Hyundai,4500.0,5500.0,8000.0,80.0,21.7,20.0,1125.0,1150,5980.0,7360.0
Mahindra Scorpio Pickup,Mahindra,4500.0,8000.0,8000.0,50.0,21.7,12.5,1125.0,1150,5980.0,7360.0
Mahindra Scorpio,Mahindra,7500.0,8000.0,8000.0,50.0,19.73,12.5,1875.0,1900,9880.0,12160.0
Tata Indica Vista,Tata,5000.0,6500.0,8000.0,80.0,21.7,20.0,1250.0,1250,6500.0,8000.0
Toyota New Hiace,Toyota,5000.0,10000.0,10000.0,50.0,21.7,12.5,1250.0,1250,6500.0,8000.0
Accent,Hyundai,5000.0,6500.0,8000.0,80.0,21.7,20.0,1250.0,1250,6500.0,8000.0
Brezza,Suzuki,5500.0,7500.0,8500.0,80.0,21.7,20.0,1375.0,1400,7280.0,8960.0
Tata Indica Vista,Tata,5000.0,6500.0,8000.0,80.0,21.7,20.0,1250.0,1250,6500.0,8000.0
Mahindra Scorpio,Mahindra,7500.0,8000.0,8000.0,50.0,19.73,12.5,1875.0,1900,9880.0,12160.0
KIA Picanto 2008,Kia,4500.0,5500.0,8000.0,80.0,21.7,20.0,1125.0,1150,5980.0,7360.0
Mahindra Bolero Pickup,Mahindra,4500.0,8000.0,8000.0,50.0,21.7,12.5,1125.0,1150,5980.0,7360.0
Sumo,Tata,6000.0,9000.0,10000.0,80.0,21.7,20.0,1500.0,1500,7800.0,9600.0
KAROQ,Skoda,5500.0,7500.0,8500.0,80.0,21.7,20.0,1375.0,1400,7280.0,8960.0
SUPER CARRY PICK-UP VAN,Suzuki,4500.0,6500.0,8000.0,100.0,21.7,25.0,1125.0,1150,5980.0,7360.0
Nissan Magnite,Nissan,5500.0,7500.0,8500.0,80.0,21.7,20.0,1375.0,1400,7280.0,8960.0
Tucson,Hyundai,7500.0,8000.0,8000.0,50.0,19.73,12.5,1875.0,1900,9880.0,12160.0
Celerio,Suzuki,4500.0,5500.0,8000.0,100.0,21.7,25.0,1125.0,1150,5980.0,7360.0
Toyota New Hiace,Toyota,5000.0,10000.0,10000.0,50.0,21.7,12.5,1250.0,1250,6500.0,8000.0
Toyota New Hiace,Toyota,5000.0,10000.0,10000.0,50.0,21.7,12.5,1250.0,1250,6500.0,8000.0
Tata 1512 Supper Deluxe,Tata,6000.0,12000.0,12000.0,50.0,21.7,12.5,1500.0,1500,7800.0,9600.0
Mahindra Bolero Pickup,Mahindra,4500.0,8000.0,8000.0,50.0,21.7,12.5,1125.0,1150,5980.0,7360.0
Grand i10,Hyundai,4500.0,5500.0,8000.0,80.0,21.7,20.0,1125.0,1150,5980.0,7360.0
WAGONR,Suzuki,4500.0,5500.0,8000.0,100.0,21.7,25.0,1125.0,1150,5980.0,7360.0
Brezza,Suzuki,5500.0,7500.0,8500.0,80.0,21.7,20.0,1375.0,1400,7280.0,8960.0
207 DI,Tata,6000.0,9000.0,10000.0,100.0,21.7,25.0,1500.0,1500,7800.0,9600.0
DZIRE,Suzuki,4500.0,5500.0,8000.0,100.0,21.7,25.0,1125.0,1150,5980.0,7360.0
i10,Hyundai,4500.0,5500.0,8000.0,80.0,21.7,20.0,1125.0,1150,5980.0,7360.0
Santro,Hyundai,4500.0,5500.0,8000.0,80.0,21.7,20.0,1125.0,1150,5980.0,7360.0
Maruti Suzuki,Suzuki,4500.0,6500.0,6500.0,100.0,21.7,25.0,1125.0,1150,5980.0,7360.0
SWIFT,Suzuki,4500.0,5500.0,8000.0,100.0,21.7,25.0,1125.0,1150,5980.0,7360.0
Mahindra Scorpio,Mahindra,7500.0,8000.0,8000.0,50.0,19.73,12.5,1875.0,1900,9880.0,12160.0
SWIFT,Suzuki,4500.0,5500.0,8000.0,100.0,21.7,25.0,1125.0,1150,5980.0,7360.0
Freestyle,Tata,4500.0,5500.0,8000.0,100.0,21.7,25.0,1125.0,1150,5980.0,7360.0
Mahindra Scorpio,Mahindra,7500.0,8000.0,8000.0,50.0,19.73,12.5,1875.0,1900,9880.0,12160.0
Mahindra Scorpio,Mahindra,7500.0,8000.0,8000.0,50.0,19.73,12.5,1875.0,1900,9880.0,12160.0
Tata 1512,Tata,6000.0,9000.0,10000.0,100.0,21.7,25.0,1500.0,1500,7800.0,9600.0
Tata 1512 Supper Deluxe,Tata,6000.0,12000.0,12000.0,50.0,21.7,12.5,1500.0,1500,7800.0,9600.0
Mahindra Scorpio,Mahindra,7500.0,8000.0,8000.0,50.0,19.73,12.5,1875.0,1900,9880.0,12160.0
Mahindra Scorpio,Mahindra,7500.0,8000.0,8000.0,50.0,19.73,12.5,1875.0,1900,9880.0,12160.0
Capture,Renault,5000.0,6500.0,8000.0,80.0,21.7,20.0,1250.0,1250,6500.0,8000.0
Corola,Toyota,5000.0,6500.0,8000.0,80.0,21.7,20.0,1250.0,1250,6500.0,8000.0
Mahindra Scorpio,Mahindra,7500.0,8000.0,8000.0,50.0,19.73,12.5,1875.0,1900,9880.0,12160.0
Ecosport,Ford,5500.0,7500.0,8500.0,80.0,21.7,20.0,1375.0,1400,7280.0,8960.0
Brezza,Suzuki,5500.0,7500.0,8500.0,80.0,21.7,20.0,1375.0,1400,7280.0,8960.0
i10,Hyundai,4500.0,5500.0,8000.0,80.0,21.7,20.0,1125.0,1150,5980.0,7360.0
Santro,Hyundai,4500.0,5500.0,8000.0,80.0,21.7,20.0,1125.0,1150,5980.0,7360.0
Tata Indica Vista,Tata,6000.0,9000.0,10000.0,80.0,21.7,20.0,1500.0,1500,7800.0,9600.0
Brezza,Suzuki,5500.0,7500.0,8500.0,80.0,21.7,20.0,1375.0,1400,7280.0,8960.0
Santro,Hyundai,4500.0,5500.0,8000.0,80.0,21.7,20.0,1125.0,1150,5980.0,7360.0
Tata Altroz,Tata,5000.0,6500.0,8000.0,80.0,21.7,20.0,1250.0,1250,6500.0,8000.0
Jeep Wrangler,Jeep,5500.0,7500.0,8500.0,80.0,21.7,20.0,1375.0,1400,7280.0,8960.0
Mahindra Scorpio,Mahindra,7500.0,8000.0,8000.0,50.0,19.73,12.5,1875.0,1900,9880.0,12160.0
Celerio,Suzuki,4500.0,5500.0,8000.0,100.0,21.7,25.0,1125.0,1150,5980.0,7360.0
Duster,Renault,5500.0,7500.0,8500.0,80.0,21.7,20.0,1375.0,1400,7280.0,8960.0
Mahindra Scorpio,Mahindra,7500.0,8000.0,8000.0,50.0,19.73,12.5,1875.0,1900,9880.0,12160.0
Celerio,Suzuki,4500.0,5500.0,8000.0,100.0,21.7,25.0,1125.0,1150,5980.0,7360.0
Toyota New Hiace,Toyota,5000.0,10000.0,10000.0,50.0,21.7,12.5,1250.0,1250,6500.0,8000.0
S- PRESSO,Suzuki,5500.0,7500.0,8500.0,80.0,21.7,20.0,1375.0,1400,7280.0,8960.0
i10,Hyundai,4500.0,5500.0,8000.0,80.0,21.7,20.0,1125.0,1150,5980.0,7360.0
Tata Manza,Tata,5000.0,6500.0,8000.0,80.0,21.7,20.0,1250.0,1250,6500.0,8000.0
Celerio,Suzuki,4500.0,5500.0,8000.0,100.0,21.7,25.0,1125.0,1150,5980.0,7360.0
Tata 1512 Supper Deluxe,Tata,6000.0,12000.0,12000.0,50.0,21.7,12.5,1500.0,1500,7800.0,9600.0
Toyota New Hiace,Toyota,5000.0,10000.0,10000.0,50.0,21.7,12.5,1250.0,1250,6500.0,8000.0
Toyota New Hiace,Toyota,5000.0,10000.0,10000.0,50.0,21.7,12.5,1250.0,1250,6500.0,8000.0
Mahindra Scorpio,Mahindra,7500.0,8000.0,8000.0,50.0,19.73,12.5,1875.0,1900,9880.0,12160.0
Tata 1512 Supper Deluxe,Tata,6000.0,12000.0,12000.0,50.0,21.7,12.5,1500.0,1500,7800.0,9600.0
Tata Safari,Tata,6000.0,9000.0,10000.0,100.0,21.7,25.0,1500.0,1500,7800.0,9600.0
Mahindra Scorpio,Mahindra,7500.0,8000.0,8000.0,50.0,19.73,12.5,1875.0,1900,9880.0,12160.0
Nissan Van,Nissan,5000.0,10000.0,10000.0,50.0,36.17,12.5,1250.0,1250,6500.0,8000.0
Datsun Redi GO,Datsun,4500.0,5500.0,8000.0,80.0,21.7,20.0,1125.0,1150,5980.0,7360.0
Mahindra Bolero Pickup,Mahindra,7500.0,8000.0,8000.0,100.0,21.7,25.0,1875.0,1900,9880.0,12160.0
MG ZS,MG,5000.0,7000.0,8000.0,50.0,36.17,12.5,1250.0,1250,6500.0,8000.0
Mahindra Scorpio,Mahindra,7500.0,8000.0,8000.0,50.0,19.73,12.5,1875.0,1900,9880.0,12160.0
Mahindra Marazzo,Mahindra,5000.0,6500.0,8000.0,80.0,21.7,20.0,1250.0,1250,6500.0,8000.0
RAPID,Skoda,4500.0,5500.0,8000.0,100.0,21.7,25.0,1125.0,1150,5980.0,7360.0
Toyota New Hiace,Toyota,5000.0,10000.0,10000.0,50.0,21.7,12.5,1250.0,1250,6500.0,8000.0
Mahindra Scorpio,Mahindra,7500.0,8000.0,8000.0,50.0,19.73,12.5,1875.0,1900,9880.0,12160.0
Toyota New Hiace,Toyota,5000.0,10000.0,10000.0,50.0,21.7,12.5,1250.0,1250,6500.0,8000.0
Kia Sonet 2021,Kia,5500.0,7500.0,8500.0,80.0,21.7,20.0,1375.0,1400,7280.0,8960.0
Volkswagen Polo,Volkswagen,5000.0,6500.0,8000.0,80.0,21.7,20.0,1250.0,1250,6500.0,8000.0
Tata Nexon EV 2023,Tata,5000.0,7000.0,8000.0,50.0,36.17,12.5,1250.0,1250,6500.0,8000.0
Ranger,Ford,4500.0,8000.0,8000.0,50.0,21.7,12.5,1125.0,1150,5980.0,7360.0
Mahindra Bolero Pickup,Mahindra,4500.0,8000.0,8000.0,50.0,21.7,12.5,1125.0,1150,5980.0,7360.0
KYC,KYC,5000.0,10000.0,10000.0,50.0,21.7,12.5,1250.0,1250,6500.0,8000.0
Toyota New Hiace,Toyota,5000.0,10000.0,10000.0,50.0,21.7,12.5,1250.0,1250,6500.0,8000.0
Corola,Toyota,5000.0,6500.0,8000.0,80.0,21.7,20.0,1250.0,1250,6500.0,8000.0
Hyundai Creta 2021,Hyundai,5500.0,7500.0,8500.0,80.0,21.7,20.0,1375.0,1400,7280.0,8960.0
Toyota New Hiace,Toyota,5000.0,10000.0,10000.0,50.0,21.7,12.5,1250.0,1250,6500.0,8000.0
Tata Indica,Tata,4500.0,5500.0,8000.0,50.0,21.7,12.5,1125.0,1150,5980.0,7360.0
Toyota New Hiace,Toyota,5000.0,10000.0,10000.0,50.0,21.7,12.5,1250.0,1250,6500.0,8000.0
Toyota New Hiace,Toyota,5000.0,10000.0,10000.0,50.0,21.7,12.5,1250.0,1250,6500.0,8000.0
Tata Indigo,Tata,5000.0,6500.0,8000.0,80.0,21.7,20.0,1250.0,1250,6500.0,8000.0
Mahindra Scorpio,Mahindra,7500.0,8000.0,8000.0,50.0,19.73,12.5,1875.0,1900,9880.0,12160.0
Grand Carnival,Kia,4500.0,6500.0,6500.0,100.0,21.7,25.0,1125.0,1150,5980.0,7360.0
Mahindra Scorpio,Mahindra,7500.0,8000.0,8000.0,50.0,19.73,12.5,1875.0,1900,9880.0,12160.0
Mahindra Scorpio,Mahindra,7500.0,8000.0,8000.0,50.0,19.73,12.5,1875.0,1900,9880.0,12160.0
Hyundai Santro 2010,Hyundai,4500.0,5500.0,8000.0,80.0,21.7,20.0,1125.0,1150,5980.0,7360.0
Mahindra Scorpio,Mahindra,7500.0,8000.0,8000.0,50.0,19.73,12.5,1875.0,1900,9880.0,12160.0
SUPER CARRY PICK-UP VAN,Suzuki,4500.0,6500.0,8000.0,100.0,21.7,25.0,1125.0,1150,5980.0,7360.0
Duster,Renault,5500.0,7500.0,8500.0,80.0,21.7,20.0,1375.0,1400,7280.0,8960.0
SWIFT,Suzuki,4500.0,5500.0,8000.0,100.0,21.7,25.0,1125.0,1150,5980.0,7360.0
Tata 1512 Supper Deluxe,Tata,6000.0,12000.0,12000.0,50.0,21.7,12.5,1500.0,1500,7800.0,9600.0
Tata 1512 Supper Deluxe,Tata,6000.0,12000.0,12000.0,50.0,21.7,12.5,1500.0,1500,7800.0,9600.0
Toyota New Hiace,Toyota,5000.0,10000.0,10000.0,50.0,21.7,12.5,1250.0,1250,6500.0,8000.0
Mahindra Scorpio,Mahindra,7500.0,8000.0,8000.0,50.0,19.73,12.5,1875.0,1900,9880.0,12160.0
Mahindra Thar,Mahindra,7500.0,8000.0,8000.0,50.0,19.73,12.5,1875.0,1900,9880.0,12160.0
Mahindra Scorpio,Mahindra,7500.0,8000.0,8000.0,50.0,19.73,12.5,1875.0,1900,9880.0,12160.0
Tata 1512 Supper Deluxe,Tata,6000.0,12000.0,12000.0,50.0,21.7,12.5,1500.0,1500,7800.0,9600.0
Toyota New Hiace,Toyota,5000.0,10000.0,10000.0,50.0,21.7,12.5,1250.0,1250,6500.0,8000.0
Nissan Sunny,Nissan,5000.0,6500.0,8000.0,80.0,21.7,20.0,1250.0,1250,6500.0,8000.0
Tata 1512 Supper Deluxe,Tata,6000.0,12000.0,12000.0,50.0,21.7,12.5,1500.0,1500,7800.0,9600.0
Toyota New Hiace,Toyota,5000.0,10000.0,10000.0,50.0,21.7,12.5,1250.0,1250,6500.0,8000.0
Mahindra Scorpio,Mahindra,7500.0,8000.0,8000.0,50.0,19.73,12.5,1875.0,1900,9880.0,12160.0
Toyota Corolla Cross,Toyota,5000.0,6500.0,8000.0,80.0,21.7,20.0,1250.0,1250,6500.0,8000.0
i20,Hyundai,4500.0,5500.0,8000.0,80.0,21.7,20.0,1125.0,1150,5980.0,7360.0
DZIRE,Suzuki,4500.0,5500.0,8000.0,100.0,21.7,25.0,1125.0,1150,5980.0,7360.0
Tata 1512 Supper Deluxe,Tata,6000.0,12000.0,12000.0,50.0,21.7,12.5,1500.0,1500,7800.0,9600.0
King Long,King Long,5000.0,10000.0,10000.0,50.0,21.7,12.5,1250.0,1250,6500.0,8000.0
Tata 1512 Supper Deluxe,Tata,6000.0,12000.0,12000.0,50.0,21.7,12.5,1500.0,1500,7800.0,9600.0
Mahindra Scorpio,Mahindra,7500.0,8000.0,8000.0,50.0,19.73,12.5,1875.0,1900,9880.0,12160.0
EECO CARGO,Suzuki,4500.0,6500.0,6500.0,100.0,21.7,25.0,1125.0,1150,5980.0,7360.0
Mahindra Scorpio,Mahindra,7500.0,8000.0,8000.0,50.0,19.73,12.5,1875.0,1900,9880.0,12160.0
i10,Hyundai,4500.0,5500.0,8000.0,80.0,21.7,20.0,1125.0,1150,5980.0,7360.0
Celerio,Suzuki,4500.0,5500.0,8000.0,100.0,21.7,25.0,1125.0,1150,5980.0,7360.0
Brezza,Suzuki,5500.0,7500.0,8500.0,80.0,21.7,20.0,1375.0,1400,7280.0,8960.0
Mahindra Scorpio,Mahindra,7500.0,8000.0,8000.0,50.0,19.73,12.5,1875.0,1900,9880.0,12160.0
Santro,Hyundai,4500.0,5500.0,8000.0,80.0,21.7,20.0,1125.0,1150,5980.0,7360.0
Tata 1512 Supper Deluxe,Tata,6000.0,12000.0,12000.0,50.0,21.7,12.5,1500.0,1500,7800.0,9600.0
Toyota Land Cruiser,Toyota,6000.0,9000.0,10000.0,80.0,21.7,20.0,1500.0,1500,7800.0,9600.0
Nissan Sunny,Nissan,4500.0,5500.0,8000.0,100.0,21.7,25.0,1125.0,1150,5980.0,7360.0
Tata Tiago,Tata,5000.0,6500.0,8000.0,80.0,21.7,20.0,1250.0,1250,6500.0,8000.0
Ecosport,Ford,5500.0,7500.0,8500.0,80.0,21.7,20.0,1375.0,1400,7280.0,8960.0
EECO CARGO,Suzuki,4500.0,6500.0,6500.0,100.0,21.7,25.0,1125.0,1150,5980.0,7360.0
Maruti Suzuki,Suzuki,5000.0,6500.0,8000.0,80.0,21.7,20.0,1250.0,1250,6500.0,8000.0
SWIFT,Suzuki,4500.0,5500.0,8000.0,100.0,21.7,25.0,1125.0,1150,5980.0,7360.0
Maruti Suzuki,Suzuki,4500.0,6500.0,6500.0,100.0,21.7,25.0,1125.0,1150,5980.0,7360.0
Mahindra Bolero Pickup,Mahindra,7500.0,8000.0,8000.0,100.0,21.7,25.0,1875.0,1900,9880.0,12160.0
Tata Tigor,Tata,5000.0,6500.0,8000.0,80.0,21.7,20.0,1250.0,1250,6500.0,8000.0
Tata Indica,Tata,4500.0,5500.0,8000.0,100.0,21.7,25.0,1125.0,1150,5980.0,7360.0
Tata 1512 Supper Deluxe,Tata,6000.0,12000.0,12000.0,50.0,21.7,12.5,1500.0,1500,7800.0,9600.0
MG ZS,MG,5000.0,7000.0,8000.0,50.0,36.17,12.5,1250.0,1250,6500.0,8000.0
Brezza,Suzuki,5500.0,7500.0,8500.0,80.0,21.7,20.0,1375.0,1400,7280.0,8960.0
SUPER CARRY PICK-UP VAN,Suzuki,4500.0,6500.0,8000.0,100.0,21.7,25.0,1125.0,1150,5980.0,7360.0
BALENO,Suzuki,4500.0,5500.0,8000.0,100.0,21.7,25.0,1125.0,1150,5980.0,7360.0
Tata Nexon,Tata,5500.0,7500.0,8500.0,80.0,21.7,20.0,1375.0,1400,7280.0,8960.0
Tata 1512 Supper Deluxe,Tata,6000.0,12000.0,12000.0,50.0,21.7,12.5,1500.0,1500,7800.0,9600.0
WAGONR,Suzuki,4500.0,5500.0,8000.0,100.0,21.7,25.0,1125.0,1150,5980.0,7360.0
Toyota New Hiace,Toyota,5000.0,10000.0,10000.0,50.0,21.7,12.5,1250.0,1250,6500.0,8000.0
Mahindra Scorpio,Mahindra,7500.0,8000.0,8000.0,50.0,19.73,12.5,1875.0,1900,9880.0,12160.0
SWIFT,Suzuki,4500.0,5500.0,8000.0,100.0,21.7,25.0,1125.0,1150,5980.0,7360.0
Chevrolet Aveo,Chevrolet,5000.0,6500.0,8000.0,80.0,21.7,20.0,1250.0,1250,6500.0,8000.0
Tata 1512 Supper Deluxe,Tata,6000.0,12000.0,12000.0,50.0,21.7,12.5,1500.0,1500,7800.0,9600.0
Mahindra Scorpio,Mahindra,7500.0,8000.0,8000.0,50.0,19.73,12.5,1875.0,1900,9880.0,12160.0
NEW KUSHAQ,Skoda,5500.0,7500.0,8500.0,80.0,21.7,20.0,1375.0,1400,7280.0,8960.0
Tata Indigo,Tata,5000.0,6500.0,8000.0,80.0,21.7,20.0,1250.0,1250,6500.0,8000.0
Tata 1512 Supper Deluxe,Tata,6000.0,12000.0,12000.0,50.0,21.7,12.5,1500.0,1500,7800.0,9600.0
EECO CARGO,Suzuki,4500.0,6500.0,8000.0,100.0,21.7,25.0,1125.0,1150,5980.0,7360.0
Santro,Hyundai,4500.0,5500.0,8000.0,80.0,21.7,20.0,1125.0,1150,5980.0,7360.0
EECO CARGO,Suzuki,4500.0,6500.0,6500.0,100.0,21.7,25.0,1125.0,1150,5980.0,7360.0
BALENO,Suzuki,4500.0,5500.0,8000.0,100.0,21.7,25.0,1125.0,1150,5980.0,7360.0
Mahindra Scorpio,Mahindra,7500.0,8000.0,8000.0,50.0,19.73,12.5,1875.0,1900,9880.0,12160.0
Maruti Suzuki,Suzuki,4500.0,6500.0,6500.0,100.0,21.7,25.0,1125.0,1150,5980.0,7360.0
Volkswagen Vento,Volkswagen,5500.0,7500.0,8500.0,80.0,21.7,20.0,1375.0,1400,7280.0,8960.0
Tata 1512 Supper Deluxe,Tata,6000.0,12000.0,12000.0,50.0,21.7,12.5,1500.0,1500,7800.0,9600.0
Nissan Magnite,Nissan,5500.0,7500.0,8500.0,80.0,21.7,20.0,1375.0,1400,7280.0,8960.0
ALTO,Suzuki,4500.0,5500.0,8000.0,100.0,21.7,25.0,1125.0,1150,5980.0,7360.0
Tata 1512 Supper Deluxe,Tata,6000.0,12000.0,12000.0,50.0,21.7,12.5,1500.0,1500,7800.0,9600.0
Hyundai Creta 2021,Hyundai,5500.0,7500.0,8500.0,80.0,21.7,20.0,1375.0,1400,7280.0,8960.0
mahindra mahindra scorpio 2016,Mahindra,7500.0,8000.0,8000.0,50.0,20.45,12.5,1875.0,1900,9880.0,12160.0
Brezza,Suzuki,5500.0,7500.0,8500.0,80.0,21.7,20.0,1375.0,1400,7280.0,8960.0
Toyota New Hiace,Toyota,5000.0,10000.0,10000.0,50.0,21.7,12.5,1250.0,1250,6500.0,8000.0
Mahindra Scorpio,Mahindra,7500.0,8000.0,8000.0,50.0,19.73,12.5,1875.0,1900,9880.0,12160.0
Santro,Hyundai,4500.0,5500.0,8000.0,80.0,21.7,20.0,1125.0,1150,5980.0,7360.0
WAGONR,Suzuki,4500.0,5500.0,8000.0,100.0,21.7,25.0,1125.0,1150,5980.0,7360.0
Toyota New Hiace,Toyota,5000.0,10000.0,10000.0,50.0,21.7,12.5,1250.0,1250,6500.0,8000.0
Toyota New Hiace,Toyota,5000.0,10000.0,10000.0,50.0,21.7,12.5,1250.0,1250,6500.0,8000.0
Isuzu D-Max Pickup,Isuzu,4500.0,8000.0,8000.0,50.0,21.7,12.5,1125.0,1150,5980.0,7360.0
Mahindra Scorpio,Mahindra,7500.0,8000.0,8000.0,50.0,19.73,12.5,1875.0,1900,9880.0,12160.0
Tata Tigor,Tata,5000.0,6500.0,8000.0,80.0,21.7,20.0,1250.0,1250,6500.0,8000.0
Nissan Magnite,Nissan,5500.0,7500.0,8500.0,80.0,21.7,20.0,1375.0,1400,7280.0,8960.0
Maruti Suzuki,Suzuki,4500.0,6500.0,6500.0,100.0,21.7,25.0,1125.0,1150,5980.0,7360.0
Tata 1512 Supper Deluxe,Tata,6000.0,12000.0,12000.0,50.0,21.7,12.5,1500.0,1500,7800.0,9600.0
Toyota New Hiace,Toyota,5000.0,10000.0,10000.0,50.0,21.7,12.5,1250.0,1250,6500.0,8000.0
i10,Hyundai,4500.0,5500.0,8000.0,80.0,21.7,20.0,1125.0,1150,5980.0,7360.0
Tata 1512 Supper Deluxe,Tata,6000.0,12000.0,12000.0,50.0,21.7,12.5,1500.0,1500,7800.0,9600.0
Mahindra Scorpio,Mahindra,7500.0,8000.0,8000.0,50.0,19.73,12.5,1875.0,1900,9880.0,12160.0
Mahindra Scorpio,Mahindra,7500.0,8000.0,8000.0,50.0,19.73,12.5,1875.0,1900,9880.0,12160.0
207 DI,Tata,6000.0,9000.0,10000.0,100.0,21.7,25.0,1500.0,1500,7800.0,9600.0
Honda City,Honda,5000.0,6500.0,8000.0,80.0,21.7,20.0,1250.0,1250,6500.0,8000.0
i20,Hyundai,4500.0,5500.0,8000.0,80.0,21.7,20.0,1125.0,1150,5980.0,7360.0
Linea,Fiat,5000.0,7000.0,8000.0,50.0,36.17,12.5,1250.0,1250,6500.0,8000.0
Maruti Suzuki,Suzuki,4500.0,5500.0,8000.0,100.0,21.7,25.0,1125.0,1150,5980.0,7360.0
Mahindra Scorpio,Mahindra,7500.0,8000.0,8000.0,50.0,19.73,12.5,1875.0,1900,9880.0,12160.0
Maruti Suzuki,Suzuki,4500.0,6500.0,6500.0,100.0,21.7,25.0,1125.0,1150,5980.0,7360.0
Classic,Unknown,5000.0,6500.0,8000.0,80.0,21.7,20.0,1250.0,1250,6500.0,8000.0
Tata Tiago,Tata,4500.0,6000.0,7000.0,80.0,36.17,20.0,1125.0,1150,5980.0,7360.0
Mahindra Scorpio,Mahindra,7500.0,8000.0,8000.0,50.0,19.73,12.5,1875.0,1900,9880.0,12160.0
Mahindra Scorpio,Mahindra,7500.0,8000.0,8000.0,50.0,19.73,12.5,1875.0,1900,9880.0,12160.0
Creta,Hyundai,5500.0,7500.0,8500.0,80.0,21.7,20.0,1375.0,1400,7280.0,8960.0
i10,Hyundai,4500.0,5500.0,8000.0,80.0,21.7,20.0,1125.0,1150,5980.0,7360.0
Kwid,Renault,5000.0,6500.0,8000.0,80.0,21.7,20.0,1250.0,1250,6500.0,8000.0
Celerio,Suzuki,4500.0,5500.0,8000.0,100.0,21.7,25.0,1125.0,1150,5980.0,7360.0
WAGONR,Suzuki,5000.0,6500.0,8000.0,80.0,21.7,20.0,1250.0,1250,6500.0,8000.0
WAGONR,Suzuki,5000.0,6500.0,8000.0,80.0,21.7,20.0,1250.0,1250,6500.0,8000.0
Jeep Grand Cherokee,Jeep,5500.0,7500.0,8500.0,80.0,21.7,20.0,1375.0,1400,7280.0,8960.0
Mahindra Scorpio,Mahindra,7500.0,8000.0,8000.0,50.0,19.73,12.5,1875.0,1900,9880.0,12160.0
Mahindra Scorpio,Mahindra,7500.0,8000.0,8000.0,50.0,19.73,12.5,1875.0,1900,9880.0,12160.0
Tata Tiago EV,Tata,4500.0,5500.0,8000.0,50.0,21.7,12.5,1125.0,1150,5980.0,7360.0
Tata Nexon,Tata,5500.0,7500.0,8500.0,80.0,21.7,20.0,1375.0,1400,7280.0,8960.0
Grand i10,Hyundai,4500.0,5500.0,8000.0,80.0,21.7,20.0,1125.0,1150,5980.0,7360.0
Tata Altroz EV,Tata,6000.0,12000.0,12000.0,50.0,21.7,12.5,1500.0,1500,7800.0,9600.0
Toyota New Hiace,Toyota,5000.0,10000.0,10000.0,50.0,21.7,12.5,1250.0,1250,6500.0,8000.0
Brezza,Suzuki,5500.0,7500.0,8500.0,80.0,21.7,20.0,1375.0,1400,7280.0,8960.0
Tata 1512 Supper Deluxe,Tata,6000.0,12000.0,12000.0,50.0,21.7,12.5,1500.0,1500,7800.0,9600.0
Endeavour,Ford,5000.0,6500.0,8000.0,80.0,21.7,20.0,1250.0,1250,6500.0,8000.0
Creta,Hyundai,5500.0,7500.0,8500.0,80.0,21.7,20.0,1375.0,1400,7280.0,8960.0
Mahindra Scorpio,Mahindra,7500.0,8000.0,8000.0,50.0,19.73,12.5,1875.0,1900,9880.0,12160.0
Mahindra Bolero Pickup,Mahindra,4500.0,8000.0,8000.0,50.0,21.7,12.5,1125.0,1150,5980.0,7360.0
SUPER CARRY PICK-UP VAN,Suzuki,4500.0,6500.0,6500.0,100.0,21.7,25.0,1125.0,1150,5980.0,7360.0
EECO CARGO,Suzuki,4500.0,6500.0,6500.0,100.0,21.7,25.0,1125.0,1150,5980.0,7360.0
Mahindra Scorpio,Mahindra,7500.0,8000.0,8000.0,50.0,19.73,12.5,1875.0,1900,9880.0,12160.0
Mahindra Scorpio,Mahindra,7500.0,8000.0,8000.0,50.0,19.73,12.5,1875.0,1900,9880.0,12160.0
DZIRE,Suzuki,4500.0,5500.0,8000.0,100.0,21.7,25.0,1125.0,1150,5980.0,7360.0
Mahindra Scorpio,Mahindra,7500.0,8000.0,8000.0,50.0,19.73,12.5,1875.0,1900,9880.0,12160.0
Tata 1512 Supper Deluxe,Tata,6000.0,12000.0,12000.0,50.0,21.7,12.5,1500.0,1500,7800.0,9600.0
Linea,Fiat,5000.0,6500.0,8000.0,80.0,21.7,20.0,1250.0,1250,6500.0,8000.0
Ecosport,Ford,5500.0,7500.0,8500.0,80.0,21.7,20.0,1375.0,1400,7280.0,8960.0
Kiger,Renault,5500.0,7500.0,8500.0,80.0,21.7,20.0,1375.0,1400,7280.0,8960.0
RAPID,Skoda,4500.0,5500.0,8000.0,100.0,21.7,25.0,1125.0,1150,5980.0,7360.0
MG ZS,MG,5500.0,7500.0,8500.0,80.0,21.7,20.0,1375.0,1400,7280.0,8960.0
Santro,Hyundai,4500.0,5500.0,8000.0,80.0,21.7,20.0,1125.0,1150,5980.0,7360.0
i10,Hyundai,4500.0,5500.0,8000.0,80.0,21.7,20.0,1125.0,1150,5980.0,7360.0
Atto 3,BYD,5000.0,7000.0,8000.0,50.0,36.17,12.5,1250.0,1250,6500.0,8000.0
Toyota New Hiace,Toyota,5000.0,10000.0,10000.0,50.0,21.7,12.5,1250.0,1250,6500.0,8000.0
Maruti Suzuki,Suzuki,5000.0,6500.0,8000.0,80.0,21.7,20.0,1250.0,1250,6500.0,8000.0
Toyota Land Cruiser,Toyota,6000.0,9000.0,10000.0,80.0,21.7,20.0,1500.0,1500,7800.0,9600.0
i10,Hyundai,4500.0,5500.0,8000.0,80.0,21.7,20.0,1125.0,1150,5980.0,7360.0
Tata Nexon,Tata,5500.0,7500.0,8500.0,80.0,21.7,20.0,1375.0,1400,7280.0,8960.0
Seltos,Kia,5500.0,7500.0,8500.0,80.0,21.7,20.0,1375.0,1400,7280.0,8960.0
Toyota Land Cruiser,Toyota,6000.0,9000.0,10000.0,80.0,21.7,20.0,1500.0,1500,7800.0,9600.0
Maruti Suzuki,Suzuki,5000.0,6500.0,8000.0,80.0,21.7,20.0,1250.0,1250,6500.0,8000.0
Datsun New GO,Datsun,4500.0,5500.0,8000.0,80.0,21.7,20.0,1125.0,1150,5980.0,7360.0
Mahindra Scorpio,Mahindra,7500.0,8000.0,8000.0,50.0,19.73,12.5,1875.0,1900,9880.0,12160.0
Mahindra Scorpio,Mahindra,7500.0,8000.0,8000.0,50.0,19.73,12.5,1875.0,1900,9880.0,12160.0
Toyota Land Cruiser,Toyota,6000.0,9000.0,10000.0,80.0,21.7,20.0,1500.0,1500,7800.0,9600.0
Maruti Suzuki,Suzuki,5000.0,6500.0,8000.0,80.0,21.7,20.0,1250.0,1250,6500.0,8000.0
Tata 1512 Supper Deluxe,Tata,6000.0,12000.0,12000.0,50.0,21.7,12.5,1500.0,1500,7800.0,9600.0
Isuzu Highlander,Isuzu,4500.0,8000.0,8000.0,50.0,21.7,12.5,1125.0,1150,5980.0,7360.0
Honda Amaze,Honda,5000.0,6500.0,8000.0,80.0,21.7,20.0,1250.0,1250,6500.0,8000.0
Toyota New Hiace,Toyota,5000.0,10000.0,10000.0,50.0,21.7,12.5,1250.0,1250,6500.0,8000.0
TATA XENON,Tata,6000.0,9000.0,10000.0,100.0,21.7,25.0,1500.0,1500,7800.0,9600.0
Brezza,Suzuki,5500.0,7500.0,8500.0,80.0,21.7,20.0,1375.0,1400,7280.0,8960.0
BALENO,Suzuki,4500.0,5500.0,8000.0,100.0,21.7,25.0,1125.0,1150,5980.0,7360.0
DZIRE,Suzuki,4500.0,5500.0,8000.0,100.0,21.7,25.0,1125.0,1150,5980.0,7360.0
Maruti Suzuki,Suzuki,4500.0,6500.0,6500.0,100.0,21.7,25.0,1125.0,1150,5980.0,7360.0
BYD Dolphin,BYD,4500.0,5500.0,8000.0,50.0,21.7,12.5,1125.0,1150,5980.0,7360.0
Tata Manza,Tata,5000.0,6500.0,8000.0,80.0,21.7,20.0,1250.0,1250,6500.0,8000.0
Mahindra XUV,Mahindra,5500.0,7500.0,8500.0,80.0,21.7,20.0,1375.0,1400,7280.0,8960.0
Tata 1512 Supper Deluxe,Tata,6000.0,12000.0,12000.0,50.0,21.7,12.5,1500.0,1500,7800.0,9600.0
EECO CARGO,Suzuki,4500.0,6500.0,8000.0,100.0,21.7,25.0,1125.0,1150,5980.0,7360.0
i20,Hyundai,4500.0,5500.0,8000.0,80.0,21.7,20.0,1125.0,1150,5980.0,7360.0
Tata Nexon EV,Tata,5000.0,7000.0,8000.0,50.0,36.17,12.5,1250.0,1250,6500.0,8000.0
Tata Manza,Tata,5000.0,6500.0,8000.0,80.0,21.7,20.0,1250.0,1250,6500.0,8000.0
Toyota Hilux,Toyota,4500.0,8000.0,8000.0,50.0,21.7,12.5,1125.0,1150,5980.0,7360.0
ALTO,Suzuki,4500.0,5500.0,8000.0,100.0,21.7,25.0,1125.0,1150,5980.0,7360.0
Honda City,Honda,5000.0,6500.0,8000.0,80.0,21.7,20.0,1250.0,1250,6500.0,8000.0
Tata Safari,Tata,6000.0,9000.0,10000.0,100.0,21.7,25.0,1500.0,1500,7800.0,9600.0
BMW 2 Series,BMW,5500.0,7500.0,8500.0,80.0,21.7,20.0,1375.0,1400,7280.0,8960.0
Triber,Renault,5000.0,6500.0,8000.0,80.0,21.7,20.0,1250.0,1250,6500.0,8000.0
S- PRESSO,Suzuki,5500.0,7500.0,8500.0,80.0,21.7,20.0,1375.0,1400,7280.0,8960.0
Mahindra Scorpio,Mahindra,7500.0,8000.0,8000.0,50.0,19.73,12.5,1875.0,1900,9880.0,12160.0
Mahindra Bolero Pickup,Mahindra,7500.0,8000.0,8000.0,100.0,21.7,25.0,1875.0,1900,9880.0,12160.0
Mahindra Scorpio,Mahindra,7500.0,8000.0,8000.0,50.0,19.73,12.5,1875.0,1900,9880.0,12160.0
Tata 1512 Supper Deluxe,Tata,6000.0,12000.0,12000.0,50.0,21.7,12.5,1500.0,1500,7800.0,9600.0
Maruti Suzuki,Suzuki,4500.0,6500.0,6500.0,100.0,21.7,25.0,1125.0,1150,5980.0,7360.0
Tata 1512 Supper Deluxe,Tata,6000.0,12000.0,12000.0,50.0,21.7,12.5,1500.0,1500,7800.0,9600.0
Tata Tiago EV,Tata,4500.0,5500.0,8000.0,50.0,21.7,12.5,1125.0,1150,5980.0,7360.0
Toyota New Hiace,Toyota,5000.0,10000.0,10000.0,50.0,21.7,12.5,1250.0,1250,6500.0,8000.0
Toyota New Hiace,Toyota,5000.0,10000.0,10000.0,50.0,21.7,12.5,1250.0,1250,6500.0,8000.0
Nissan Kicks,Nissan,5500.0,7500.0,8500.0,80.0,21.7,20.0,1375.0,1400,7280.0,8960.0
SUPER CARRY PICK-UP VAN,Suzuki,4500.0,6500.0,6500.0,100.0,21.7,25.0,1125.0,1150,5980.0,7360.0
Honda BRV,Honda,5500.0,7500.0,8500.0,80.0,21.7,20.0,1375.0,1400,7280.0,8960.0
Celerio,Suzuki,4500.0,5500.0,8000.0,100.0,21.7,25.0,1125.0,1150,5980.0,7360.0
Ecosport,Ford,5500.0,7500.0,8500.0,80.0,21.7,20.0,1375.0,1400,7280.0,8960.0
Isuzu Flat Deck,Isuzu,4500.0,8000.0,8000.0,50.0,21.7,12.5,1125.0,1150,5980.0,7360.0
Figo,Ford,4500.0,5500.0,8000.0,100.0,21.7,25.0,1125.0,1150,5980.0,7360.0
Mahindra Scorpio,Mahindra,7500.0,8000.0,8000.0,50.0,19.73,12.5,1875.0,1900,9880.0,12160.0
Mahindra Scorpio,Mahindra,7500.0,8000.0,8000.0,50.0,19.73,12.5,1875.0,1900,9880.0,12160.0
Mahindra Scorpio,Mahindra,7500.0,8000.0,8000.0,50.0,19.73,12.5,1875.0,1900,9880.0,12160.0
Mahindra Scorpio,Mahindra,7500.0,8000.0,8000.0,50.0,19.73,12.5,1875.0,1900,9880.0,12160.0
Mahindra Bolero Pickup,Mahindra,7500.0,8000.0,8000.0,100.0,21.7,25.0,1875.0,1900,9880.0,12160.0
Mahindra Scorpio,Mahindra,7500.0,8000.0,8000.0,50.0,19.73,12.5,1875.0,1900,9880.0,12160.0
DZIRE,Suzuki,4500.0,5500.0,8000.0,100.0,21.7,25.0,1125.0,1150,5980.0,7360.0
Brezza,Suzuki,5500.0,7500.0,8500.0,80.0,21.7,20.0,1375.0,1400,7280.0,8960.0
Mahindra Scorpio,Mahindra,7500.0,8000.0,8000.0,50.0,19.73,12.5,1875.0,1900,9880.0,12160.0
Tata Nexon,Tata,5000.0,7000.0,8000.0,50.0,36.17,12.5,1250.0,1250,6500.0,8000.0
Sumo,Tata,6000.0,9000.0,10000.0,80.0,21.7,20.0,1500.0,1500,7800.0,9600.0
Toyota New Hiace,Toyota,5000.0,10000.0,10000.0,50.0,21.7,12.5,1250.0,1250,6500.0,8000.0
RAPID,Skoda,4500.0,5500.0,8000.0,100.0,21.7,25.0,1125.0,1150,5980.0,7360.0
Mahindra TUV,Mahindra,5500.0,7500.0,8500.0,80.0,21.7,20.0,1375.0,1400,7280.0,8960.0
DZIRE,Suzuki,4500.0,5500.0,8000.0,100.0,21.7,25.0,1125.0,1150,5980.0,7360.0
Nissan Sunny,Nissan,5000.0,6500.0,8000.0,80.0,21.7,20.0,1250.0,1250,6500.0,8000.0
Nissan Kicks,Nissan,5500.0,7500.0,8500.0,80.0,21.7,20.0,1375.0,1400,7280.0,8960.0
Ecosport,Ford,5500.0,7500.0,8500.0,80.0,21.7,20.0,1375.0,1400,7280.0,8960.0
Tata Yodha Pickup,Tata,6000.0,9000.0,10000.0,100.0,21.7,25.0,1500.0,1500,7800.0,9600.0
Mahindra Scorpio,Mahindra,7500.0,8000.0,8000.0,50.0,19.73,12.5,1875.0,1900,9880.0,12160.0
Nissan Magnite,Nissan,5500.0,7500.0,8500.0,80.0,21.7,20.0,1375.0,1400,7280.0,8960.0
Tata 1512 Supper Deluxe,Tata,6000.0,12000.0,12000.0,50.0,21.7,12.5,1500.0,1500,7800.0,9600.0
Santro,Hyundai,4500.0,5500.0,8000.0,80.0,21.7,20.0,1125.0,1150,5980.0,7360.0
Tata 1512 Supper Deluxe,Tata,6000.0,12000.0,12000.0,50.0,21.7,12.5,1500.0,1500,7800.0,9600.0
Isuzu D-Max,Isuzu,4500.0,8000.0,8000.0,50.0,21.7,12.5,1125.0,1150,5980.0,7360.0
Winger,Tata,7500.0,8000.0,8000.0,50.0,19.73,12.5,1875.0,1900,9880.0,12160.0
Chevrolet Tavera Neo,Chevrolet,5000.0,6500.0,8000.0,80.0,21.7,20.0,1250.0,1250,6500.0,8000.0
Toyota Hilux,Toyota,4500.0,8000.0,8000.0,50.0,21.7,12.5,1125.0,1150,5980.0,7360.0
Toyata LX,Toyota,5000.0,6500.0,8000.0,80.0,21.7,20.0,1250.0,1250,6500.0,8000.0
Tata 1512 Supper Deluxe,Tata,6000.0,12000.0,12000.0,50.0,21.7,12.5,1500.0,1500,7800.0,9600.0
Volkswagen Vento,Volkswagen,5000.0,6500.0,8000.0,80.0,21.7,20.0,1250.0,1250,6500.0,8000.0
Mahindra Scorpio,Mahindra,7500.0,8000.0,8000.0,50.0,19.73,12.5,1875.0,1900,9880.0,12160.0
Tata 1512 Supper Deluxe,Tata,6000.0,12000.0,12000.0,50.0,21.7,12.5,1500.0,1500,7800.0,9600.0
Tata 1512 Supper Deluxe,Tata,6000.0,12000.0,12000.0,50.0,21.7,12.5,1500.0,1500,7800.0,9600.0
Venue,Hyundai,5500.0,7500.0,8500.0,80.0,21.7,20.0,1375.0,1400,7280.0,8960.0
Mahindra Scorpio,Mahindra,7500.0,8000.0,8000.0,50.0,19.73,12.5,1875.0,1900,9880.0,12160.0
Freestyle,Tata,4500.0,5500.0,8000.0,100.0,21.7,25.0,1125.0,1150,5980.0,7360.0
Tata 1512 Supper Deluxe,Tata,6000.0,12000.0,12000.0,50.0,21.7,12.5,1500.0,1500,7800.0,9600.0
Volkswagen Tiguan,Volkswagen,5500.0,7500.0,8500.0,80.0,21.7,20.0,1375.0,1400,7280.0,8960.0
Dongfeng Nammi 2024,Dongfeng,4500.0,5500.0,8000.0,50.0,21.7,12.5,1125.0,1150,5980.0,7360.0
DZIRE,Suzuki,4500.0,5500.0,8000.0,100.0,21.7,25.0,1125.0,1150,5980.0,7360.0
Mahindra Scorpio,Mahindra,7500.0,8000.0,8000.0,50.0,19.73,12.5,1875.0,1900,9880.0,12160.0
Mahindra Scorpio,Mahindra,7500.0,8000.0,8000.0,50.0,19.73,12.5,1875.0,1900,9880.0,12160.0
Celerio,Suzuki,4500.0,5500.0,8000.0,100.0,21.7,25.0,1125.0,1150,5980.0,7360.0
Mahindra XUV,Mahindra,5500.0,7500.0,8500.0,80.0,21.7,20.0,1375.0,1400,7280.0,8960.0
Suzuki Brezza 2021,Suzuki,5500.0,7500.0,8500.0,80.0,21.7,20.0,1375.0,1400,7280.0,8960.0
Mahindra Scorpio,Mahindra,7500.0,8000.0,8000.0,50.0,19.73,12.5,1875.0,1900,9880.0,12160.0
Tata 1512 Supper Deluxe,Tata,6000.0,12000.0,12000.0,50.0,21.7,12.5,1500.0,1500,7800.0,9600.0
Toyota New Hiace,Toyota,5000.0,10000.0,10000.0,50.0,21.7,12.5,1250.0,1250,6500.0,8000.0
Accent,Hyundai,4500.0,5500.0,8000.0,100.0,21.7,25.0,1125.0,1150,5980.0,7360.0
Mahindra Scorpio,Mahindra,7500.0,8000.0,8000.0,50.0,19.73,12.5,1875.0,1900,9880.0,12160.0
Mahindra Scorpio,Mahindra,7500.0,8000.0,8000.0,50.0,19.73,12.5,1875.0,1900,9880.0,12160.0
Atto 3,BYD,5000.0,7000.0,8000.0,50.0,36.17,12.5,1250.0,1250,6500.0,8000.0
Toyota Corola,Toyota,4500.0,5500.0,8000.0,100.0,21.7,25.0,1125.0,1150,5980.0,7360.0
RAPID,Skoda,4500.0,5500.0,8000.0,100.0,21.7,25.0,1125.0,1150,5980.0,7360.0
Toyota New Hiace,Toyota,5000.0,10000.0,10000.0,50.0,21.7,12.5,1250.0,1250,6500.0,8000.0
Sumo,Tata,7500.0,8000.0,8000.0,50.0,19.73,12.5,1875.0,1900,9880.0,12160.0
NETA - V,NETA,5000.0,7000.0,8000.0,50.0,36.17,12.5,1250.0,1250,6500.0,8000.0
WAGONR,Suzuki,5000.0,6500.0,8000.0,80.0,21.7,20.0,1250.0,1250,6500.0,8000.0
Maruti Suzuki,Suzuki,4500.0,6500.0,6500.0,100.0,21.7,25.0,1125.0,1150,5980.0,7360.0
Toyota New Hiace,Toyota,5000.0,10000.0,10000.0,50.0,21.7,12.5,1250.0,1250,6500.0,8000.0
Celerio,Suzuki,4500.0,5500.0,8000.0,100.0,21.7,25.0,1125.0,1150,5980.0,7360.0
Hyundai Creta 2020,Hyundai,5500.0,7500.0,8500.0,80.0,21.7,20.0,1375.0,1400,7280.0,8960.0
Ecosport,Ford,5500.0,7500.0,8500.0,80.0,21.7,20.0,1375.0,1400,7280.0,8960.0
Grand i10,Hyundai,4500.0,5500.0,8000.0,80.0,21.7,20.0,1125.0,1150,5980.0,7360.0
MG ZS,MG,5000.0,7000.0,8000.0,50.0,36.17,12.5,1250.0,1250,6500.0,8000.0
DZIRE,Suzuki,4500.0,5500.0,8000.0,100.0,21.7,25.0,1125.0,1150,5980.0,7360.0
Tata 1512 Supper Deluxe,Tata,6000.0,12000.0,12000.0,50.0,21.7,12.5,1500.0,1500,7800.0,9600.0
S- PRESSO,Suzuki,5500.0,7500.0,8500.0,80.0,21.7,20.0,1375.0,1400,7280.0,8960.0
Punch,Tata,5000.0,7000.0,8000.0,50.0,36.17,12.5,1250.0,1250,6500.0,8000.0
Suzuki Ciaz 2020,Suzuki,5000.0,6500.0,8000.0,80.0,21.7,20.0,1250.0,1250,6500.0,8000.0
Duster,Renault,5500.0,7500.0,8500.0,80.0,21.7,20.0,1375.0,1400,7280.0,8960.0
Mahindra Scorpio,Mahindra,7500.0,8000.0,8000.0,50.0,19.73,12.5,1875.0,1900,9880.0,12160.0
Maruti Suzuki,Suzuki,5500.0,7500.0,8500.0,80.0,21.7,20.0,1375.0,1400,7280.0,8960.0
Atto 3,BYD,5000.0,7000.0,8000.0,50.0,36.17,12.5,1250.0,1250,6500.0,8000.0
Ignis,Suzuki,5000.0,6500.0,8000.0,80.0,21.7,20.0,1250.0,1250,6500.0,8000.0
Tata 1512 Supper Deluxe,Tata,6000.0,12000.0,12000.0,50.0,21.7,12.5,1500.0,1500,7800.0,9600.0
EECO CARGO,Suzuki,4500.0,6500.0,8000.0,100.0,21.7,25.0,1125.0,1150,5980.0,7360.0
ORA O3,ORA,4500.0,5500.0,8000.0,80.0,21.7,20.0,1125.0,1150,5980.0,7360.0
BMW i3,BMW,5000.0,6500.0,8000.0,80.0,21.7,20.0,1250.0,1250,6500.0,8000.0
Tata Tigor,Tata,4500.0,5500.0,8000.0,100.0,21.7,25.0,1125.0,1150,5980.0,7360.0
Toyota New Hiace,Toyota,5000.0,10000.0,10000.0,50.0,21.7,12.5,1250.0,1250,6500.0,8000.0
Hyundai Creta 2017,Hyundai,5500.0,7500.0,8500.0,80.0,21.7,20.0,1375.0,1400,7280.0,8960.0
Mahindra Scorpio,Mahindra,7500.0,8000.0,8000.0,50.0,19.73,12.5,1875.0,1900,9880.0,12160.0
Mahindra Scorpio,Mahindra,7500.0,8000.0,8000.0,50.0,19.73,12.5,1875.0,1900,9880.0,12160.0
Mahindra Scorpio,Mahindra,7500.0,8000.0,8000.0,50.0,19.73,12.5,1875.0,1900,9880.0,12160.0
Tata 1512 Supper Deluxe,Tata,6000.0,12000.0,12000.0,50.0,21.7,12.5,1500.0,1500,7800.0,9600.0
Nissan Kicks,Nissan,5500.0,7500.0,8500.0,80.0,21.7,20.0,1375.0,1400,7280.0,8960.0
Jeep Wrangler,Jeep,5500.0,7500.0,8500.0,100.0,21.7,25.0,1375.0,1400,7280.0,8960.0
Sumo,Tata,6000.0,9000.0,10000.0,80.0,21.7,20.0,1500.0,1500,7800.0,9600.0
WAGONR,Suzuki,5000.0,6500.0,8000.0,80.0,21.7,20.0,1250.0,1250,6500.0,8000.0
Xcent,Hyundai,5000.0,6500.0,8000.0,80.0,21.7,20.0,1250.0,1250,6500.0,8000.0
Mahindra Bolero Pickup,Mahindra,4500.0,8000.0,8000.0,50.0,21.7,12.5,1125.0,1150,5980.0,7360.0
Tata 1512 Supper Deluxe,Tata,6000.0,12000.0,12000.0,50.0,21.7,12.5,1500.0,1500,7800.0,9600.0
Brezza,Suzuki,5500.0,7500.0,8500.0,80.0,21.7,20.0,1375.0,1400,7280.0,8960.0
Tata 1512 Supper Deluxe,Tata,6000.0,12000.0,12000.0,50.0,21.7,12.5,1500.0,1500,7800.0,9600.0
Tata 1512 Supper Deluxe,Tata,6000.0,12000.0,12000.0,50.0,21.7,12.5,1500.0,1500,7800.0,9600.0
hyundai accent 2022,Hyundai,4500.0,5500.0,8000.0,100.0,21.7,25.0,1125.0,1150,5980.0,7360.0
Mahindra Scorpio,Mahindra,7500.0,8000.0,8000.0,50.0,19.73,12.5,1875.0,1900,9880.0,12160.0
Mahindra Scorpio,Mahindra,7500.0,8000.0,8000.0,50.0,19.73,12.5,1875.0,1900,9880.0,12160.0
Tata 1512 Supper Deluxe,Tata,6000.0,12000.0,12000.0,50.0,21.7,12.5,1500.0,1500,7800.0,9600.0
Mahindra Scorpio,Mahindra,7500.0,8000.0,8000.0,50.0,19.73,12.5,1875.0,1900,9880.0,12160.0
Mahindra Bolero Pickup,Mahindra,4500.0,8000.0,8000.0,50.0,21.7,12.5,1125.0,1150,5980.0,7360.0
Nissan Kicks,Nissan,5500.0,7500.0,8500.0,80.0,21.7,20.0,1375.0,1400,7280.0,8960.0
Maruti Suzuki,Suzuki,4500.0,6500.0,6500.0,100.0,21.7,25.0,1125.0,1150,5980.0,7360.0
MG ZS,MG,5500.0,7500.0,8500.0,80.0,21.7,20.0,1375.0,1400,7280.0,8960.0
KYC EV Van,KYC,5000.0,10000.0,10000.0,50.0,36.17,12.5,1250.0,1250,6500.0,8000.0
Chevrolet Aveo,Chevrolet,4500.0,5500.0,8000.0,100.0,21.7,25.0,1125.0,1150,5980.0,7360.0
Tata Manza,Tata,4500.0,5500.0,8000.0,100.0,21.7,25.0,1125.0,1150,5980.0,7360.0
Tata 1512 Supper Deluxe,Tata,6000.0,12000.0,12000.0,50.0,21.7,12.5,1500.0,1500,7800.0,9600.0
Maruti Suzuki,Suzuki,5000.0,6500.0,8000.0,80.0,21.7,20.0,1250.0,1250,6500.0,8000.0
Ecosport,Ford,5500.0,7500.0,8500.0,80.0,21.7,20.0,1375.0,1400,7280.0,8960.0
Santro,Hyundai,4500.0,5500.0,8000.0,80.0,21.7,20.0,1125.0,1150,5980.0,7360.0
Figo,Ford,4500.0,5500.0,8000.0,100.0,21.7,25.0,1125.0,1150,5980.0,7360.0
Tata 1512 Supper Deluxe,Tata,6000.0,12000.0,12000.0,50.0,21.7,12.5,1500.0,1500,7800.0,9600.0
Tata 1512 Supper Deluxe,Tata,6000.0,12000.0,12000.0,50.0,21.7,12.5,1500.0,1500,7800.0,9600.0
Toyota New Hiace,Toyota,5000.0,10000.0,10000.0,50.0,21.7,12.5,1250.0,1250,6500.0,8000.0
Santro,Hyundai,4500.0,5500.0,8000.0,80.0,21.7,20.0,1125.0,1150,5980.0,7360.0
Santro,Hyundai,4500.0,5500.0,8000.0,80.0,21.7,20.0,1125.0,1150,5980.0,7360.0
Xcent,Hyundai,4500.0,5500.0,8000.0,100.0,21.7,25.0,1125.0,1150,5980.0,7360.0
Duster,Renault,5500.0,7500.0,8500.0,80.0,21.7,20.0,1375.0,1400,7280.0,8960.0
RAPID,Skoda,4500.0,5500.0,8000.0,100.0,21.7,25.0,1125.0,1150,5980.0,7360.0
Mahindra Scorpio,Mahindra,7500.0,8000.0,8000.0,50.0,19.73,12.5,1875.0,1900,9880.0,12160.0
Toyata LX,Toyota,4500.0,5500.0,8000.0,100.0,21.7,25.0,1125.0,1150,5980.0,7360.0
Avanza,Toyota,5000.0,6500.0,8000.0,80.0,21.7,20.0,1250.0,1250,6500.0,8000.0
Toyota New Hiace,Toyota,5000.0,10000.0,10000.0,50.0,21.7,12.5,1250.0,1250,6500.0,8000.0
Maruti Suzuki,Suzuki,5000.0,6500.0,8000.0,80.0,21.7,20.0,1250.0,1250,6500.0,8000.0
Celerio,Suzuki,4500.0,5500.0,8000.0,100.0,21.7,25.0,1125.0,1150,5980.0,7360.0
EECO CARGO,Suzuki,4500.0,6500.0,6500.0,100.0,21.7,25.0,1125.0,1150,5980.0,7360.0
i10,Hyundai,4500.0,5500.0,8000.0,80.0,21.7,20.0,1125.0,1150,5980.0,7360.0
Nissan Magnite,Nissan,5500.0,7500.0,8500.0,80.0,21.7,20.0,1375.0,1400,7280.0,8960.0
Tata Manza,Tata,6000.0,9000.0,10000.0,80.0,21.7,20.0,1500.0,1500,7800.0,9600.0
Toyota Corolla Cross,Toyota,4500.0,5500.0,8000.0,50.0,21.7,12.5,1125.0,1150,5980.0,7360.0
BALENO,Suzuki,4500.0,5500.0,8000.0,100.0,21.7,25.0,1125.0,1150,5980.0,7360.0
Accent,Hyundai,5000.0,6500.0,8000.0,80.0,21.7,20.0,1250.0,1250,6500.0,8000.0
Volkswagen Polo,Volkswagen,5500.0,7500.0,8500.0,80.0,21.7,20.0,1375.0,1400,7280.0,8960.0
Sonata,Hyundai,5000.0,6500.0,8000.0,80.0,21.7,20.0,1250.0,1250,6500.0,8000.0
Ecosport,Ford,5500.0,7500.0,8500.0,80.0,21.7,20.0,1375.0,1400,7280.0,8960.0
Toyota Land Cruiser,Toyota,6000.0,9000.0,10000.0,80.0,21.7,20.0,1500.0,1500,7800.0,9600.0
Toyota Land Cruiser,Toyota,6000.0,9000.0,10000.0,80.0,21.7,20.0,1500.0,1500,7800.0,9600.0
Tata 1512 Supper Deluxe,Tata,6000.0,12000.0,12000.0,50.0,21.7,12.5,1500.0,1500,7800.0,9600.0
Toyota New Hiace,Toyota,5000.0,10000.0,10000.0,50.0,21.7,12.5,1250.0,1250,6500.0,8000.0
Brezza,Suzuki,5500.0,7500.0,8500.0,80.0,21.7,20.0,1375.0,1400,7280.0,8960.0
SWIFT,Suzuki,4500.0,5500.0,8000.0,100.0,21.7,25.0,1125.0,1150,5980.0,7360.0
Brezza,Suzuki,5500.0,7500.0,8500.0,80.0,21.7,20.0,1375.0,1400,7280.0,8960.0
DZIRE,Suzuki,4500.0,5500.0,8000.0,100.0,21.7,25.0,1125.0,1150,5980.0,7360.0
Mahindra Bolero Pickup,Mahindra,4500.0,8000.0,8000.0,50.0,21.7,12.5,1125.0,1150,5980.0,7360.0
Maruti Suzuki,Suzuki,5000.0,6500.0,8000.0,80.0,21.7,20.0,1250.0,1250,6500.0,8000.0
Mahindra Bolero Pickup,Mahindra,4500.0,8000.0,8000.0,50.0,21.7,12.5,1125.0,1150,5980.0,7360.0
Atto 3,BYD,5000.0,7000.0,8000.0,50.0,2.17,12.5,1250.0,1250,6500.0,8000.0
Mahindra Bolero Pickup,Mahindra,4500.0,8000.0,8000.0,50.0,21.7,12.5,1125.0,1150,5980.0,7360.0
Tata Manza,Tata,5000.0,6500.0,8000.0,80.0,21.7,20.0,1250.0,1250,6500.0,8000.0
Figo,Ford,4500.0,5500.0,8000.0,100.0,21.7,25.0,1125.0,1150,5980.0,7360.0
Mahindra Scorpio,Mahindra,7500.0,8000.0,8000.0,50.0,19.73,12.5,1875.0,1900,9880.0,12160.0
Ranger,Ford,5000.0,6500.0,8000.0,80.0,21.7,20.0,1250.0,1250,6500.0,8000.0
Chevrolet Aveo,Chevrolet,4500.0,5500.0,8000.0,80.0,21.7,20.0,1125.0,1150,5980.0,7360.0
EECO CARGO,Suzuki,4500.0,6500.0,6500.0,100.0,21.7,25.0,1125.0,1150,5980.0,7360.0
ALTO,Suzuki,4500.0,5500.0,8000.0,100.0,21.7,25.0,1125.0,1150,5980.0,7360.0
Maruti Suzuki,Suzuki,4500.0,6500.0,6500.0,100.0,21.7,25.0,1125.0,1150,5980.0,7360.0
Aspire,Ford,5000.0,6500.0,8000.0,80.0,21.7,20.0,1250.0,1250,6500.0,8000.0
Toyota Etios,Toyota,5000.0,6500.0,8000.0,80.0,21.7,20.0,1250.0,1250,6500.0,8000.0
Kwid,Renault,5000.0,6500.0,8000.0,80.0,21.7,20.0,1250.0,1250,6500.0,8000.0
Mahindra Scorpio,Mahindra,7500.0,8000.0,8000.0,50.0,19.73,12.5,1875.0,1900,9880.0,12160.0
Nissan Magnite,Nissan,5500.0,7500.0,8500.0,80.0,21.7,20.0,1375.0,1400,7280.0,8960.0
BALENO,Suzuki,4500.0,5500.0,8000.0,100.0,21.7,25.0,1125.0,1150,5980.0,7360.0
ALTO,Suzuki,4500.0,5500.0,8000.0,100.0,21.7,25.0,1125.0,1150,5980.0,7360.0
SWIFT,Suzuki,4500.0,5500.0,8000.0,100.0,21.7,25.0,1125.0,1150,5980.0,7360.0
Santro,Hyundai,4500.0,5500.0,8000.0,80.0,21.7,20.0,1125.0,1150,5980.0,7360.0
Maruti Suzuki,Suzuki,4500.0,6500.0,6500.0,100.0,21.7,25.0,1125.0,1150,5980.0,7360.0
Mahindra Scorpio,Mahindra,7500.0,8000.0,8000.0,50.0,19.73,12.5,1875.0,1900,9880.0,12160.0
Mahindra Scorpio,Mahindra,7500.0,8000.0,8000.0,50.0,19.73,12.5,1875.0,1900,9880.0,12160.0
Maruti Suzuki,Suzuki,5000.0,6500.0,8000.0,80.0,21.7,20.0,1250.0,1250,6500.0,8000.0
Tata Nexon,Tata,5500.0,7500.0,8500.0,80.0,21.7,20.0,1375.0,1400,7280.0,8960.0
Suzuki Ciaz 2021,Suzuki,4500.0,5500.0,8000.0,100.0,21.7,25.0,1125.0,1150,5980.0,7360.0
BYD Dolphin,BYD,4500.0,5500.0,8000.0,50.0,21.7,12.5,1125.0,1150,5980.0,7360.0
Tata Nexon,Tata,5500.0,7500.0,8500.0,80.0,21.7,20.0,1375.0,1400,7280.0,8960.0
Tata 1512 Supper Deluxe,Tata,6000.0,12000.0,12000.0,50.0,21.7,12.5,1500.0,1500,7800.0,9600.0
Toyota Etios,Toyota,5000.0,6500.0,8000.0,80.0,21.7,20.0,1250.0,1250,6500.0,8000.0
Grand i10,Hyundai,4500.0,5500.0,8000.0,80.0,21.7,20.0,1125.0,1150,5980.0,7360.0
Mahindra Scorpio,Mahindra,7500.0,8000.0,8000.0,50.0,19.73,12.5,1875.0,1900,9880.0,12160.0
Mahindra Bolero Pickup,Mahindra,4500.0,8000.0,8000.0,50.0,21.7,12.5,1125.0,1150,5980.0,7360.0
SWIFT,Suzuki,4500.0,5500.0,8000.0,100.0,21.7,25.0,1125.0,1150,5980.0,7360.0
Maruti Suzuki,Suzuki,4500.0,6500.0,6500.0,100.0,21.7,25.0,1125.0,1150,5980.0,7360.0
Brezza,Suzuki,5500.0,7500.0,8500.0,80.0,21.7,20.0,1375.0,1400,7280.0,8960.0
Mahindra Bolero Pickup,Mahindra,4500.0,8000.0,8000.0,50.0,21.7,12.5,1125.0,1150,5980.0,7360.0
Nissan Van,Nissan,5000.0,10000.0,10000.0,50.0,36.17,12.5,1250.0,1250,6500.0,8000.0
Toyota New Hiace,Toyota,5000.0,10000.0,10000.0,50.0,21.7,12.5,1250.0,1250,6500.0,8000.0
DZIRE,Suzuki,4500.0,5500.0,8000.0,100.0,21.7,25.0,1125.0,1150,5980.0,7360.0
Mahindra Scorpio,Mahindra,7500.0,8000.0,8000.0,50.0,19.73,12.5,1875.0,1900,9880.0,12160.0
BYD Dolphin,BYD,4500.0,5500.0,8000.0,50.0,21.7,12.5,1125.0,1150,5980.0,7360.0
Chevrolet Spark,Chevrolet,5000.0,6500.0,8000.0,80.0,21.7,20.0,1250.0,1250,6500.0,8000.0
Toyota New Hiace,Toyota,5000.0,10000.0,10000.0,50.0,21.7,12.5,1250.0,1250,6500.0,8000.0
Honda City,Honda,5000.0,6500.0,8000.0,80.0,21.7,20.0,1250.0,1250,6500.0,8000.0
Tata 1512 Supper Deluxe,Tata,6000.0,12000.0,12000.0,50.0,21.7,12.5,1500.0,1500,7800.0,9600.0
Brezza,Suzuki,5500.0,7500.0,8500.0,80.0,21.7,20.0,1375.0,1400,7280.0,8960.0
Mahindra Scorpio,Mahindra,7500.0,8000.0,8000.0,50.0,19.73,12.5,1875.0,1900,9880.0,12160.0
Toyota Hilux,Toyota,4500.0,8000.0,8000.0,50.0,21.7,12.5,1125.0,1150,5980.0,7360.0
Tata Tigor,Tata,5000.0,6500.0,8000.0,80.0,21.7,20.0,1250.0,1250,6500.0,8000.0
Toyota Etios,Toyota,4500.0,5500.0,8000.0,100.0,21.7,25.0,1125.0,1150,5980.0,7360.0
Mahindra Scorpio,Mahindra,7500.0,8000.0,8000.0,50.0,19.73,12.5,1875.0,1900,9880.0,12160.0
Toyota New Hiace,Toyota,5000.0,10000.0,10000.0,50.0,21.7,12.5,1250.0,1250,6500.0,8000.0
Mahindra Scorpio,Mahindra,7500.0,8000.0,8000.0,50.0,19.73,12.5,1875.0,1900,9880.0,12160.0
SWIFT,Suzuki,4500.0,5500.0,8000.0,100.0,21.7,25.0,1125.0,1150,5980.0,7360.0
Toyota Corola 1998,Toyota,4500.0,5500.0,8000.0,100.0,21.7,25.0,1125.0,1150,5980.0,7360.0
Nissan Kicks,Nissan,5500.0,7500.0,8500.0,80.0,21.7,20.0,1375.0,1400,7280.0,8960.0
NEW KUSHAQ,Skoda,5500.0,7500.0,8500.0,80.0,21.7,20.0,1375.0,1400,7280.0,8960.0
Mahindra Scorpio,Mahindra,7500.0,8000.0,8000.0,50.0,19.73,12.5,1875.0,1900,9880.0,12160.0
Toyota New Hiace,Toyota,5000.0,10000.0,10000.0,50.0,21.7,12.5,1250.0,1250,6500.0,8000.0
Toyota Rav-4,Toyota,5500.0,7500.0,8500.0,80.0,21.7,20.0,1375.0,1400,7280.0,8960.0
SWIFT,Suzuki,4500.0,5500.0,8000.0,100.0,21.7,25.0,1125.0,1150,5980.0,7360.0
BALENO,Suzuki,4500.0,5500.0,8000.0,100.0,21.7,25.0,1125.0,1150,5980.0,7360.0
Maruti Suzuki,Suzuki,5000.0,6500.0,8000.0,80.0,21.7,20.0,1250.0,1250,6500.0,8000.0
Tata ZEST 2015,Tata,4500.0,5500.0,8000.0,100.0,21.7,25.0,1125.0,1150,5980.0,7360.0
Figo,Ford,4500.0,5500.0,8000.0,100.0,21.7,25.0,1125.0,1150,5980.0,7360.0
i10,Hyundai,4500.0,5500.0,8000.0,80.0,21.7,20.0,1125.0,1150,5980.0,7360.0
Mahindra Bolero Pickup,Mahindra,4500.0,8000.0,8000.0,50.0,21.7,12.5,1125.0,1150,5980.0,7360.0
mahindra mahindra scorpio 2017,Mahindra,7800.0,8320.0,8320.0,50.0,20.45,12.5,1950.0,1950,10140.0,12480.0
Tata 1512 Supper Deluxe,Tata,6000.0,12000.0,12000.0,50.0,21.7,12.5,1500.0,1500,7800.0,9600.0
Mahindra Scorpio,Mahindra,7500.0,8000.0,8000.0,50.0,19.73,12.5,1875.0,1900,9880.0,12160.0
BALENO,Suzuki,4500.0,5500.0,8000.0,100.0,21.7,25.0,1125.0,1150,5980.0,7360.0
Accent,Hyundai,5000.0,6500.0,8000.0,80.0,21.7,20.0,1250.0,1250,6500.0,8000.0
Toyota Etios,Toyota,5000.0,6500.0,8000.0,80.0,21.7,20.0,1250.0,1250,6500.0,8000.0
Accent,Hyundai,5000.0,6500.0,8000.0,80.0,21.7,20.0,1250.0,1250,6500.0,8000.0
Santro,Hyundai,4500.0,5500.0,8000.0,80.0,21.7,20.0,1125.0,1150,5980.0,7360.0
Toyota New Hiace,Toyota,5000.0,10000.0,10000.0,50.0,21.7,12.5,1250.0,1250,6500.0,8000.0
Corola,Toyota,5000.0,6500.0,8000.0,80.0,21.7,20.0,1250.0,1250,6500.0,8000.0
Toyota New Hiace,Toyota,5000.0,10000.0,10000.0,50.0,21.7,12.5,1250.0,1250,6500.0,8000.0
Mahindra Scorpio,Mahindra,7500.0,8000.0,8000.0,50.0,19.73,12.5,1875.0,1900,9880.0,12160.0
Mahindra Scorpio,Mahindra,7500.0,8000.0,8000.0,50.0,19.73,12.5,1875.0,1900,9880.0,12160.0
Corola,Toyota,5000.0,6500.0,8000.0,80.0,21.7,20.0,1250.0,1250,6500.0,8000.0
ALTO,Suzuki,4500.0,5500.0,8000.0,100.0,21.7,25.0,1125.0,1150,5980.0,7360.0
NETA - U,NETA,5000.0,7000.0,8000.0,50.0,36.17,12.5,1250.0,1250,6500.0,8000.0
Mahindra Bolero Pickup,Mahindra,4500.0,8000.0,8000.0,50.0,21.7,12.5,1125.0,1150,5980.0,7360.0
Tata 1512 Supper Deluxe,Tata,6000.0,12000.0,12000.0,50.0,21.7,12.5,1500.0,1500,7800.0,9600.0
Celerio,Suzuki,4500.0,5500.0,8000.0,100.0,21.7,25.0,1125.0,1150,5980.0,7360.0
Mahindra Scorpio,Mahindra,7500.0,8000.0,8000.0,50.0,19.73,12.5,1875.0,1900,9880.0,12160.0
Santro,Hyundai,4500.0,5500.0,8000.0,80.0,21.7,20.0,1125.0,1150,5980.0,7360.0
Mahindra Scorpio,Mahindra,7500.0,8000.0,8000.0,50.0,19.73,12.5,1875.0,1900,9880.0,12160.0
Tata 1512 Supper Deluxe,Tata,6000.0,12000.0,12000.0,50.0,21.7,12.5,1500.0,1500,7800.0,9600.0
Mahindra Bolero Pickup,Mahindra,4500.0,8000.0,8000.0,50.0,21.7,12.5,1125.0,1150,5980.0,7360.0
Volkswagen Polo,Volkswagen,5000.0,6500.0,8000.0,80.0,21.7,20.0,1250.0,1250,6500.0,8000.0
Mahindra Scorpio,Mahindra,7500.0,8000.0,8000.0,50.0,19.73,12.5,1875.0,1900,9880.0,12160.0
Toyota Corolla Cross,Toyota,5000.0,6500.0,8000.0,80.0,21.7,20.0,1250.0,1250,6500.0,8000.0
Suzuki Ciaz 2006,Suzuki,4500.0,5500.0,8000.0,100.0,21.7,25.0,1125.0,1150,5980.0,7360.0
ALTO,Suzuki,4500.0,5500.0,8000.0,100.0,21.7,25.0,1125.0,1150,5980.0,7360.0
Toyota New Hiace,Toyota,5000.0,10000.0,10000.0,50.0,21.7,12.5,1250.0,1250,6500.0,8000.0
Tata Tiago,Tata,5000.0,6500.0,8000.0,80.0,21.7,20.0,1250.0,1250,6500.0,8000.0
ALTO,Suzuki,4500.0,5500.0,8000.0,100.0,21.7,25.0,1125.0,1150,5980.0,7360.0
Figo,Ford,4500.0,5500.0,8000.0,100.0,21.7,25.0,1125.0,1150,5980.0,7360.0
Mahindra Scorpio,Mahindra,7500.0,8000.0,8000.0,50.0,19.73,12.5,1875.0,1900,9880.0,12160.0
Creta,Hyundai,5500.0,7500.0,8500.0,80.0,21.7,20.0,1375.0,1400,7280.0,8960.0
Punch,Tata,5000.0,7000.0,8000.0,50.0,36.17,12.5,1250.0,1250,6500.0,8000.0
Classic,Unknown,4500.0,5500.0,8000.0,100.0,21.7,25.0,1125.0,1150,5980.0,7360.0
Sportage,Kia,5500.0,7500.0,8500.0,80.0,21.7,20.0,1375.0,1400,7280.0,8960.0
Mahindra Scorpio,Mahindra,7500.0,8000.0,8000.0,50.0,19.73,12.5,1875.0,1900,9880.0,12160.0
Mahindra Scorpio,Mahindra,7500.0,8000.0,8000.0,50.0,19.73,12.5,1875.0,1900,9880.0,12160.0
Mahindra Scorpio,Mahindra,7500.0,8000.0,8000.0,50.0,19.73,12.5,1875.0,1900,9880.0,12160.0
Tata 1512 Supper Deluxe,Tata,6000.0,12000.0,12000.0,50.0,21.7,12.5,1500.0,1500,7800.0,9600.0
Ignis,Suzuki,5000.0,6500.0,8000.0,80.0,21.7,20.0,1250.0,1250,6500.0,8000.0
Mahindra Scorpio,Mahindra,7500.0,8000.0,8000.0,50.0,19.73,12.5,1875.0,1900,9880.0,12160.0
VAN,Unknown,5000.0,10000.0,10000.0,50.0,36.17,12.5,1250.0,1250,6500.0,8000.0
Toyota Etios,Toyota,5000.0,6500.0,8000.0,80.0,21.7,20.0,1250.0,1250,6500.0,8000.0
Grand i10,Hyundai,4500.0,5500.0,8000.0,80.0,21.7,20.0,1125.0,1150,5980.0,7360.0
Mahindra Scorpio,Mahindra,7500.0,8000.0,8000.0,50.0,19.73,12.5,1875.0,1900,9880.0,12160.0
Tata 1512,Tata,6000.0,9000.0,10000.0,100.0,21.7,25.0,1500.0,1500,7800.0,9600.0
Tata Safari,Tata,7500.0,8000.0,8000.0,50.0,19.73,12.5,1875.0,1900,9880.0,12160.0
Mahindra Scorpio,Mahindra,7500.0,8000.0,8000.0,50.0,19.73,12.5,1875.0,1900,9880.0,12160.0
RAPID,Skoda,4500.0,5500.0,8000.0,100.0,21.7,25.0,1125.0,1150,5980.0,7360.0
Maruti Suzuki,Suzuki,4500.0,6500.0,6500.0,100.0,21.7,25.0,1125.0,1150,5980.0,7360.0
Maruti Suzuki,Suzuki,4500.0,6500.0,6500.0,100.0,21.7,25.0,1125.0,1150,5980.0,7360.0
Mahindra Bolero Pickup,Mahindra,4500.0,8000.0,8000.0,50.0,21.7,12.5,1125.0,1150,5980.0,7360.0
Toyota New Hiace,Toyota,5000.0,10000.0,10000.0,50.0,21.7,12.5,1250.0,1250,6500.0,8000.0
BALENO,Suzuki,4500.0,5500.0,8000.0,100.0,21.7,25.0,1125.0,1150,5980.0,7360.0
Toyota New Hiace,Toyota,5000.0,10000.0,10000.0,50.0,21.7,12.5,1250.0,1250,6500.0,8000.0
Tata Yodha Pickup,Tata,6000.0,12000.0,12000.0,50.0,21.7,12.5,1500.0,1500,7800.0,9600.0
SHEPHIA,Kia,5000.0,6500.0,8000.0,80.0,21.7,20.0,1250.0,1250,6500.0,8000.0
RAPID,Skoda,4500.0,5500.0,8000.0,100.0,21.7,25.0,1125.0,1150,5980.0,7360.0
KYC,KYC,5000.0,10000.0,10000.0,50.0,21.7,12.5,1250.0,1250,6500.0,8000.0
Hyundai Creta 2017,Hyundai,5500.0,7500.0,8500.0,80.0,21.7,20.0,1375.0,1400,7280.0,8960.0
Sutlej Tourist Bus 35 Seat,Unknown,8000.0,18000.0,18000.0,50.0,22.5,12.5,2000.0,2000,10400.0,12800.0
Toyota New Hiace,Toyota,5000.0,10000.0,10000.0,50.0,21.7,12.5,1250.0,1250,6500.0,8000.0
Brezza,Suzuki,5500.0,7500.0,8500.0,80.0,21.7,20.0,1375.0,1400,7280.0,8960.0
Tata 1512 Supper Deluxe,Tata,6000.0,12000.0,12000.0,50.0,21.7,12.5,1500.0,1500,7800.0,9600.0
Brezza,Suzuki,5500.0,7500.0,8500.0,80.0,21.7,20.0,1375.0,1400,7280.0,8960.0
Mahindra Bolero Pickup,Mahindra,4500.0,8000.0,8000.0,50.0,21.7,12.5,1125.0,1150,5980.0,7360.0
Tata Tiago,Tata,4500.0,5500.0,8000.0,50.0,21.7,12.5,1125.0,1150,5980.0,7360.0
Nissan Kicks,Nissan,5500.0,7500.0,8500.0,80.0,21.7,20.0,1375.0,1400,7280.0,8960.0
Mahindra Scorpio,Mahindra,7500.0,8000.0,8000.0,50.0,19.73,12.5,1875.0,1900,9880.0,12160.0
RAPID,Skoda,4500.0,5500.0,8000.0,100.0,21.7,25.0,1125.0,1150,5980.0,7360.0
Santro,Hyundai,4500.0,5500.0,8000.0,80.0,21.7,20.0,1125.0,1150,5980.0,7360.0
Mahindra Scorpio,Mahindra,7500.0,8000.0,8000.0,50.0,19.73,12.5,1875.0,1900,9880.0,12160.0
Mahindra Scorpio,Mahindra,7500.0,8000.0,8000.0,50.0,19.73,12.5,1875.0,1900,9880.0,12160.0
Suzuki Ciaz 2015,Suzuki,5000.0,6500.0,8000.0,80.0,21.7,20.0,1250.0,1250,6500.0,8000.0
Accent,Hyundai,5000.0,6500.0,8000.0,80.0,21.7,20.0,1250.0,1250,6500.0,8000.0
Xcent,Hyundai,5000.0,6500.0,8000.0,80.0,21.7,20.0,1250.0,1250,6500.0,8000.0
Tata 1512 Supper Deluxe,Tata,6000.0,12000.0,12000.0,50.0,21.7,12.5,1500.0,1500,7800.0,9600.0
S- PRESSO,Suzuki,5500.0,7500.0,8500.0,80.0,21.7,20.0,1375.0,1400,7280.0,8960.0
DZIRE,Suzuki,4500.0,5500.0,8000.0,100.0,21.7,25.0,1125.0,1150,5980.0,7360.0
Mahindra Scorpio,Mahindra,7500.0,8000.0,8000.0,50.0,19.73,12.5,1875.0,1900,9880.0,12160.0
BMW 2 Series,BMW,5000.0,6500.0,8000.0,80.0,21.7,20.0,1250.0,1250,6500.0,8000.0
DZIRE,Suzuki,4500.0,5500.0,8000.0,100.0,21.7,25.0,1125.0,1150,5980.0,7360.0
i20,Hyundai,4500.0,5500.0,8000.0,80.0,21.7,20.0,1125.0,1150,5980.0,7360.0
Hyundai Creta 2018,Hyundai,5500.0,7500.0,8500.0,80.0,21.7,20.0,1375.0,1400,7280.0,8960.0
Mahindra Bolero Pickup,Mahindra,7500.0,8000.0,8000.0,100.0,21.7,25.0,1875.0,1900,9880.0,12160.0
Maruti Suzuki,Suzuki,4500.0,6500.0,8000.0,100.0,21.7,25.0,1125.0,1150,5980.0,7360.0
Tata 1512 Supper Deluxe,Tata,6000.0,12000.0,12000.0,50.0,21.7,12.5,1500.0,1500,7800.0,9600.0
Suzuki Ciaz 2015,Suzuki,4500.0,5500.0,8000.0,100.0,21.7,25.0,1125.0,1150,5980.0,7360.0
Mahindra Scorpio,Mahindra,7500.0,8000.0,8000.0,50.0,19.73,12.5,1875.0,1900,9880.0,12160.0
TATA XENON,Tata,6000.0,9000.0,10000.0,100.0,21.7,25.0,1500.0,1500,7800.0,9600.0
Maruti Suzuki,Suzuki,5000.0,6500.0,8000.0,80.0,21.7,20.0,1250.0,1250,6500.0,8000.0
Mahindra Scorpio,Mahindra,7500.0,8000.0,8000.0,50.0,19.73,12.5,1875.0,1900,9880.0,12160.0
Mahindra Bolero Pickup,Mahindra,4500.0,8000.0,8000.0,50.0,21.7,12.5,1125.0,1150,5980.0,7360.0
Tata Nexon EV,Tata,5000.0,7000.0,8000.0,50.0,36.17,12.5,1250.0,1250,6500.0,8000.0
Tata Nexon EV,Tata,5000.0,7000.0,8000.0,50.0,36.17,12.5,1250.0,1250,6500.0,8000.0
Santro,Hyundai,4500.0,5500.0,8000.0,80.0,21.7,20.0,1125.0,1150,5980.0,7360.0
EECO CARGO,Suzuki,4500.0,6500.0,6500.0,100.0,21.7,25.0,1125.0,1150,5980.0,7360.0
Maruti Suzuki,Suzuki,4500.0,6500.0,6500.0,100.0,21.7,25.0,1125.0,1150,5980.0,7360.0
Toyata LX,Toyota,6000.0,9000.0,10000.0,80.0,21.7,20.0,1500.0,1500,7800.0,9600.0
Jeep Wrangler,Jeep,7500.0,8000.0,8000.0,50.0,19.73,12.5,1875.0,1900,9880.0,12160.0
Mahindra Scorpio,Mahindra,7500.0,8000.0,8000.0,50.0,19.73,12.5,1875.0,1900,9880.0,12160.0
Tata 1512 Supper Deluxe,Tata,6000.0,12000.0,12000.0,50.0,21.7,12.5,1500.0,1500,7800.0,9600.0
Maruti Suzuki,Suzuki,4500.0,5500.0,8000.0,100.0,21.7,25.0,1125.0,1150,5980.0,7360.0
Maruti Suzuki,Suzuki,4500.0,5500.0,8000.0,100.0,21.7,25.0,1125.0,1150,5980.0,7360.0
Tata 1512,Tata,6000.0,9000.0,10000.0,100.0,21.7,25.0,1500.0,1500,7800.0,9600.0
Tata 1512 Supper Deluxe,Tata,6000.0,12000.0,12000.0,50.0,21.7,12.5,1500.0,1500,7800.0,9600.0
Figo,Ford,4500.0,5500.0,8000.0,100.0,21.7,25.0,1125.0,1150,5980.0,7360.0
Maruti Suzuki,Suzuki,5000.0,6500.0,8000.0,80.0,21.7,20.0,1250.0,1250,6500.0,8000.0
Toyota New Hiace,Toyota,5000.0,10000.0,10000.0,50.0,21.7,12.5,1250.0,1250,6500.0,8000.0
Toyota New Hiace,Toyota,5000.0,10000.0,10000.0,50.0,21.7,12.5,1250.0,1250,6500.0,8000.0
ALTO,Suzuki,4500.0,5500.0,8000.0,100.0,21.7,25.0,1125.0,1150,5980.0,7360.0
ALTO,Suzuki,4500.0,5500.0,8000.0,100.0,21.7,25.0,1125.0,1150,5980.0,7360.0
Sorento,Kia,5000.0,6500.0,8000.0,80.0,21.7,20.0,1250.0,1250,6500.0,8000.0
Tata Safari,Tata,6000.0,9000.0,10000.0,100.0,21.7,25.0,1500.0,1500,7800.0,9600.0
ALTO,Suzuki,4500.0,5500.0,8000.0,100.0,21.7,25.0,1125.0,1150,5980.0,7360.0
Santro,Hyundai,4500.0,5500.0,8000.0,80.0,21.7,20.0,1125.0,1150,5980.0,7360.0
SWIFT,Suzuki,4500.0,5500.0,8000.0,100.0,21.7,25.0,1125.0,1150,5980.0,7360.0
Toyota Hilux,Toyota,4500.0,8000.0,8000.0,50.0,21.7,12.5,1125.0,1150,5980.0,7360.0
Volkswagen Polo,Volkswagen,5500.0,7500.0,8500.0,80.0,21.7,20.0,1375.0,1400,7280.0,8960.0
Maruti Suzuki,Suzuki,4500.0,5500.0,8000.0,100.0,21.7,25.0,1125.0,1150,5980.0,7360.0
TATA XENON,Tata,6000.0,9000.0,10000.0,100.0,21.7,25.0,1500.0,1500,7800.0,9600.0
Punch,Tata,5500.0,7500.0,8500.0,80.0,21.7,20.0,1375.0,1400,7280.0,8960.0
Tata 1512 Supper Deluxe,Tata,6000.0,12000.0,12000.0,50.0,21.7,12.5,1500.0,1500,7800.0,9600.0
Maruti Suzuki,Suzuki,4500.0,5500.0,8000.0,100.0,21.7,25.0,1125.0,1150,5980.0,7360.0
Mahindra Scorpio,Mahindra,7500.0,8000.0,8000.0,50.0,19.73,12.5,1875.0,1900,9880.0,12160.0
Grand i10,Hyundai,4500.0,5500.0,8000.0,80.0,21.7,20.0,1125.0,1150,5980.0,7360.0
Toyota New Hiace,Toyota,5000.0,10000.0,10000.0,50.0,21.7,12.5,1250.0,1250,6500.0,8000.0
Grand i10,Hyundai,4500.0,5500.0,8000.0,80.0,21.7,20.0,1125.0,1150,5980.0,7360.0
SWIFT,Suzuki,4500.0,5500.0,8000.0,100.0,21.7,25.0,1125.0,1150,5980.0,7360.0
Brezza,Suzuki,5500.0,7500.0,8500.0,80.0,21.7,20.0,1375.0,1400,7280.0,8960.0
Datsun New GO,Datsun,5000.0,6500.0,8000.0,80.0,21.7,20.0,1250.0,1250,6500.0,8000.0
ALTO,Suzuki,4500.0,5500.0,8000.0,100.0,21.7,25.0,1125.0,1150,5980.0,7360.0
Mahindra Scorpio,Mahindra,7500.0,8000.0,8000.0,50.0,19.73,12.5,1875.0,1900,9880.0,12160.0
Tucson,Hyundai,5000.0,6500.0,8000.0,80.0,21.7,20.0,1250.0,1250,6500.0,8000.0
Figo,Ford,4500.0,5500.0,8000.0,100.0,21.7,25.0,1125.0,1150,5980.0,7360.0
Atto 3,BYD,5000.0,7000.0,8000.0,50.0,36.17,12.5,1250.0,1250,6500.0,8000.0
Brezza,Suzuki,5500.0,7500.0,8500.0,80.0,21.7,20.0,1375.0,1400,7280.0,8960.0
Tata Indica,Tata,5000.0,6500.0,8000.0,80.0,21.7,20.0,1250.0,1250,6500.0,8000.0
Maruti Suzuki,Suzuki,4500.0,6500.0,6500.0,100.0,21.7,25.0,1125.0,1150,5980.0,7360.0
SWIFT,Suzuki,4500.0,5500.0,8000.0,100.0,21.7,25.0,1125.0,1150,5980.0,7360.0
Nissan Magnite,Nissan,5500.0,7500.0,8500.0,80.0,21.7,20.0,1375.0,1400,7280.0,8960.0
Mahindra Scorpio,Mahindra,7500.0,8000.0,8000.0,50.0,19.73,12.5,1875.0,1900,9880.0,12160.0
EECO CARGO,Suzuki,4500.0,6500.0,6500.0,100.0,21.7,25.0,1125.0,1150,5980.0,7360.0
WAGONR,Suzuki,5000.0,6500.0,8000.0,80.0,21.7,20.0,1250.0,1250,6500.0,8000.0
Mahindra Scorpio,Mahindra,7500.0,8000.0,8000.0,50.0,19.73,12.5,1875.0,1900,9880.0,12160.0
hyundai creta 2018,Hyundai,5500.0,7500.0,8500.0,80.0,21.7,20.0,1375.0,1400,7280.0,8960.0
Mahindra Scorpio,Mahindra,7500.0,8000.0,8000.0,50.0,19.73,12.5,1875.0,1900,9880.0,12160.0
Mahindra Scorpio,Mahindra,7500.0,8000.0,8000.0,50.0,19.73,12.5,1875.0,1900,9880.0,12160.0
EECO CARGO,Suzuki,4500.0,6500.0,6500.0,100.0,21.7,25.0,1125.0,1150,5980.0,7360.0
Toyota New Hiace,Toyota,5000.0,10000.0,10000.0,50.0,21.7,12.5,1250.0,1250,6500.0,8000.0
Toyota New Hiace,Toyota,5000.0,10000.0,10000.0,50.0,21.7,12.5,1250.0,1250,6500.0,8000.0
Toyota New Hiace,Toyota,5000.0,10000.0,10000.0,50.0,21.7,12.5,1250.0,1250,6500.0,8000.0
Aspire,Ford,5000.0,6500.0,8000.0,80.0,21.7,20.0,1250.0,1250,6500.0,8000.0
Mahindra Scorpio,Mahindra,7500.0,8000.0,8000.0,50.0,19.73,12.5,1875.0,1900,9880.0,12160.0
ALTO,Suzuki,4500.0,5500.0,8000.0,100.0,21.7,25.0,1125.0,1150,5980.0,7360.0
Tata Tigor,Tata,5000.0,6500.0,8000.0,80.0,21.7,20.0,1250.0,1250,6500.0,8000.0
Mahindra Bolero Pickup,Mahindra,7500.0,8000.0,8000.0,100.0,21.7,25.0,1875.0,1900,9880.0,12160.0
Maruti Suzuki,Suzuki,5000.0,6500.0,8000.0,80.0,21.7,20.0,1250.0,1250,6500.0,8000.0
Venue,Hyundai,5000.0,6500.0,8000.0,80.0,21.7,20.0,1250.0,1250,6500.0,8000.0
Tata 1512 Supper Deluxe,Tata,6000.0,12000.0,12000.0,50.0,21.7,12.5,1500.0,1500,7800.0,9600.0
SUPER CARRY PICK-UP VAN,Suzuki,4500.0,6500.0,8000.0,100.0,21.7,25.0,1125.0,1150,5980.0,7360.0
Mahindra Scorpio,Mahindra,7500.0,8000.0,8000.0,50.0,19.73,12.5,1875.0,1900,9880.0,12160.0
RAPID,Skoda,4500.0,5500.0,8000.0,100.0,21.7,25.0,1125.0,1150,5980.0,7360.0
Figo,Ford,4500.0,5500.0,8000.0,100.0,21.7,25.0,1125.0,1150,5980.0,7360.0
Tata Tigor,Tata,5000.0,6500.0,8000.0,80.0,21.7,20.0,1250.0,1250,6500.0,8000.0
Mahindra Bolero Pickup,Mahindra,7500.0,8000.0,8000.0,100.0,21.7,25.0,1875.0,1900,9880.0,12160.0
Tata Tiago EV,Tata,4500.0,5500.0,8000.0,50.0,21.7,12.5,1125.0,1150,5980.0,7360.0
Sumo,Tata,6000.0,9000.0,10000.0,80.0,21.7,20.0,1500.0,1500,7800.0,9600.0
Maruti Suzuki,Suzuki,5000.0,6500.0,8000.0,80.0,21.7,20.0,1250.0,1250,6500.0,8000.0
Mahindra Scorpio,Mahindra,7500.0,8000.0,8000.0,50.0,19.73,12.5,1875.0,1900,9880.0,12160.0
Freestyle,Tata,5500.0,7500.0,8500.0,80.0,21.7,20.0,1375.0,1400,7280.0,8960.0
Mahindra Scorpio,Mahindra,7500.0,8000.0,8000.0,50.0,19.73,12.5,1875.0,1900,9880.0,12160.0
Toyota New Hiace,Toyota,5000.0,10000.0,10000.0,50.0,21.7,12.5,1250.0,1250,6500.0,8000.0
i10,Hyundai,4500.0,5500.0,8000.0,80.0,21.7,20.0,1125.0,1150,5980.0,7360.0
Volkswagen Vento,Volkswagen,5000.0,6500.0,8000.0,80.0,21.7,20.0,1250.0,1250,6500.0,8000.0
Mahindra Scorpio,Mahindra,7500.0,8000.0,8000.0,50.0,19.73,12.5,1875.0,1900,9880.0,12160.0
Kwid,Renault,5000.0,6500.0,8000.0,80.0,21.7,20.0,1250.0,1250,6500.0,8000.0
Mahindra Scorpio,Mahindra,7500.0,8000.0,8000.0,50.0,19.73,12.5,1875.0,1900,9880.0,12160.0
Nissan Magnite,Nissan,5500.0,7500.0,8500.0,80.0,21.7,20.0,1375.0,1400,7280.0,8960.0
Tata Nexon,Tata,5500.0,7500.0,8500.0,80.0,21.7,20.0,1375.0,1400,7280.0,8960.0
Mahindra Scorpio,Mahindra,7500.0,8000.0,8000.0,50.0,19.73,12.5,1875.0,1900,9880.0,12160.0
Datsun Redi GO,Datsun,5000.0,6500.0,8000.0,80.0,21.7,20.0,1250.0,1250,6500.0,8000.0
DZIRE,Suzuki,4500.0,5500.0,8000.0,100.0,21.7,25.0,1125.0,1150,5980.0,7360.0
Mahindra Scorpio,Mahindra,7500.0,8000.0,8000.0,50.0,19.73,12.5,1875.0,1900,9880.0,12160.0
SWIFT,Suzuki,4500.0,5500.0,8000.0,100.0,21.7,25.0,1125.0,1150,5980.0,7360.0
Tata 1512 Supper Deluxe,Tata,6000.0,12000.0,12000.0,50.0,21.7,12.5,1500.0,1500,7800.0,9600.0
Tata Tigor,Tata,4500.0,5500.0,8000.0,100.0,21.7,25.0,1125.0,1150,5980.0,7360.0
Santro,Hyundai,4500.0,5500.0,8000.0,80.0,21.7,20.0,1125.0,1150,5980.0,7360.0
Maruti Suzuki,Suzuki,5000.0,6500.0,8000.0,80.0,21.7,20.0,1250.0,1250,6500.0,8000.0
BALENO,Suzuki,4500.0,5500.0,8000.0,100.0,21.7,25.0,1125.0,1150,5980.0,7360.0
Tata 1512 Supper Deluxe,Tata,6000.0,12000.0,12000.0,50.0,21.7,12.5,1500.0,1500,7800.0,9600.0
Toyata LX,Toyota,5000.0,6500.0,8000.0,80.0,21.7,20.0,1250.0,1250,6500.0,8000.0
Santro,Hyundai,4500.0,5500.0,8000.0,80.0,21.7,20.0,1125.0,1150,5980.0,7360.0
Sumo,Tata,6000.0,9000.0,10000.0,80.0,21.7,20.0,1500.0,1500,7800.0,9600.0
Nissan Kicks,Nissan,5000.0,6500.0,8000.0,80.0,21.7,20.0,1250.0,1250,6500.0,8000.0
Mahindra Scorpio,Mahindra,7500.0,8000.0,8000.0,50.0,19.73,12.5,1875.0,1900,9880.0,12160.0
Ecosport,Ford,5500.0,7500.0,8500.0,80.0,21.7,20.0,1375.0,1400,7280.0,8960.0
Nissan Kicks,Nissan,5500.0,7500.0,8500.0,80.0,21.7,20.0,1375.0,1400,7280.0,8960.0
Mahindra Scorpio,Mahindra,7500.0,8000.0,8000.0,50.0,19.73,12.5,1875.0,1900,9880.0,12160.0
Santro,Hyundai,4500.0,5500.0,8000.0,80.0,21.7,20.0,1125.0,1150,5980.0,7360.0
Brezza,Suzuki,5500.0,7500.0,8500.0,80.0,21.7,20.0,1375.0,1400,7280.0,8960.0
Mahindra Scorpio,Mahindra,7500.0,8000.0,8000.0,50.0,19.73,12.5,1875.0,1900,9880.0,12160.0
Creta,Hyundai,5500.0,7500.0,8500.0,80.0,21.7,20.0,1375.0,1400,7280.0,8960.0
Mahindra Scorpio,Mahindra,7500.0,8000.0,8000.0,50.0,19.73,12.5,1875.0,1900,9880.0,12160.0
Mahindra Scorpio,Mahindra,7500.0,8000.0,8000.0,50.0,19.73,12.5,1875.0,1900,9880.0,12160.0
ALTO,Suzuki,4500.0,5500.0,8000.0,100.0,21.7,25.0,1125.0,1150,5980.0,7360.0
Mahindra Scorpio,Mahindra,7500.0,8000.0,8000.0,50.0,19.73,12.5,1875.0,1900,9880.0,12160.0
Santro,Hyundai,4500.0,5500.0,8000.0,80.0,21.7,20.0,1125.0,1150,5980.0,7360.0
ALTO,Suzuki,4500.0,5500.0,8000.0,100.0,21.7,25.0,1125.0,1150,5980.0,7360.0
Grand i10,Hyundai,4500.0,5500.0,8000.0,80.0,21.7,20.0,1125.0,1150,5980.0,7360.0
Santro,Hyundai,4500.0,5500.0,8000.0,80.0,21.7,20.0,1125.0,1150,5980.0,7360.0
MG ZS,MG,5000.0,7000.0,8000.0,50.0,36.17,12.5,1250.0,1250,6500.0,8000.0
Brezza,Suzuki,5500.0,7500.0,8500.0,80.0,21.7,20.0,1375.0,1400,7280.0,8960.0
Creta,Hyundai,5500.0,7500.0,8500.0,80.0,21.7,20.0,1375.0,1400,7280.0,8960.0
Nissan Kicks,Nissan,5500.0,7500.0,8500.0,80.0,21.7,20.0,1375.0,1400,7280.0,8960.0
Toyota New Hiace,Toyota,5000.0,10000.0,10000.0,50.0,21.7,12.5,1250.0,1250,6500.0,8000.0
Nissan Kicks,Nissan,5500.0,7500.0,8500.0,80.0,21.7,20.0,1375.0,1400,7280.0,8960.0
Celerio,Suzuki,4500.0,5500.0,8000.0,100.0,21.7,25.0,1125.0,1150,5980.0,7360.0
Tata Nexon,Tata,5500.0,7500.0,8500.0,80.0,21.7,20.0,1375.0,1400,7280.0,8960.0
Mahindra Scorpio,Mahindra,7500.0,8000.0,8000.0,50.0,19.73,12.5,1875.0,1900,9880.0,12160.0
Mahindra Scorpio,Mahindra,7500.0,8000.0,8000.0,50.0,19.73,12.5,1875.0,1900,9880.0,12160.0
Nissan Magnite,Nissan,5000.0,6500.0,8000.0,80.0,21.7,20.0,1250.0,1250,6500.0,8000.0
Tucson,Hyundai,7500.0,8000.0,8000.0,50.0,19.73,12.5,1875.0,1900,9880.0,12160.0
S- PRESSO,Suzuki,5500.0,7500.0,8500.0,80.0,21.7,20.0,1375.0,1400,7280.0,8960.0
Ecosport,Ford,5500.0,7500.0,8500.0,80.0,21.7,20.0,1375.0,1400,7280.0,8960.0
Sportage,Kia,5500.0,7500.0,8500.0,80.0,21.7,20.0,1375.0,1400,7280.0,8960.0
Nissan Kicks,Nissan,5500.0,7500.0,8500.0,80.0,21.7,20.0,1375.0,1400,7280.0,8960.0
Chevrolet Aveo,Chevrolet,5000.0,6500.0,8000.0,80.0,21.7,20.0,1250.0,1250,6500.0,8000.0
ALTO,Suzuki,4500.0,5500.0,8000.0,100.0,21.7,25.0,1125.0,1150,5980.0,7360.0
Mahindra Scorpio,Mahindra,7500.0,8000.0,8000.0,50.0,19.73,12.5,1875.0,1900,9880.0,12160.0
M-3 EV,Unknown,5500.0,6500.0,6500.0,50.0,36.17,12.5,1375.0,1400,7280.0,8960.0
Toyota New Hiace,Toyota,5000.0,10000.0,10000.0,50.0,21.7,12.5,1250.0,1250,6500.0,8000.0
ALTO,Suzuki,4500.0,5500.0,8000.0,100.0,21.7,25.0,1125.0,1150,5980.0,7360.0
Isuzu Highlander,Isuzu,4500.0,8000.0,8000.0,50.0,21.7,12.5,1125.0,1150,5980.0,7360.0
Tata Indica,Tata,5000.0,6500.0,8000.0,80.0,21.7,20.0,1250.0,1250,6500.0,8000.0
Mahindra Scorpio,Mahindra,7500.0,8000.0,8000.0,50.0,19.73,12.5,1875.0,1900,9880.0,12160.0
Venue,Hyundai,5500.0,7500.0,8500.0,80.0,21.7,20.0,1375.0,1400,7280.0,8960.0
Maruti Suzuki,Suzuki,4500.0,6500.0,6500.0,100.0,21.7,25.0,1125.0,1150,5980.0,7360.0
Mahindra Scorpio,Mahindra,7500.0,8000.0,8000.0,50.0,19.73,12.5,1875.0,1900,9880.0,12160.0
Mahindra Scorpio,Mahindra,7500.0,8000.0,8000.0,50.0,19.73,12.5,1875.0,1900,9880.0,12160.0
Mahindra Scorpio,Mahindra,7500.0,8000.0,8000.0,50.0,19.73,12.5,1875.0,1900,9880.0,12160.0
Mahindra Scorpio,Mahindra,7500.0,8000.0,8000.0,50.0,19.73,12.5,1875.0,1900,9880.0,12160.0
Maruti Suzuki,Suzuki,4500.0,6500.0,6500.0,100.0,21.7,25.0,1125.0,1150,5980.0,7360.0
Maruti Suzuki,Suzuki,5000.0,6500.0,8000.0,80.0,21.7,20.0,1250.0,1250,6500.0,8000.0
Tata Indica,Tata,5000.0,6500.0,8000.0,80.0,21.7,20.0,1250.0,1250,6500.0,8000.0
Mahindra Scorpio,Mahindra,7500.0,8000.0,8000.0,50.0,19.73,12.5,1875.0,1900,9880.0,12160.0
SWIFT,Suzuki,4500.0,5500.0,8000.0,100.0,21.7,25.0,1125.0,1150,5980.0,7360.0
Mahindra Scorpio,Mahindra,7500.0,8000.0,8000.0,50.0,19.73,12.5,1875.0,1900,9880.0,12160.0
Toyota New Hiace,Toyota,5000.0,10000.0,10000.0,50.0,21.7,12.5,1250.0,1250,6500.0,8000.0
Mahindra Scorpio,Mahindra,7500.0,8000.0,8000.0,50.0,19.73,12.5,1875.0,1900,9880.0,12160.0
Mahindra Scorpio,Mahindra,7500.0,8000.0,8000.0,50.0,19.73,12.5,1875.0,1900,9880.0,12160.0
Mahindra Scorpio,Mahindra,7500.0,8000.0,8000.0,50.0,19.73,12.5,1875.0,1900,9880.0,12160.0
EECO CARGO,Suzuki,4500.0,6500.0,6500.0,100.0,21.7,25.0,1125.0,1150,5980.0,7360.0
Mahindra XUV,Mahindra,5500.0,7500.0,8500.0,80.0,21.7,20.0,1375.0,1400,7280.0,8960.0
Tata 1512 Supper Deluxe,Tata,6000.0,12000.0,12000.0,50.0,21.7,12.5,1500.0,1500,7800.0,9600.0
Mahindra Scorpio,Mahindra,7500.0,8000.0,8000.0,50.0,19.73,12.5,1875.0,1900,9880.0,12160.0
Santro,Hyundai,4500.0,5500.0,8000.0,80.0,21.7,20.0,1125.0,1150,5980.0,7360.0
Mahindra Scorpio,Mahindra,7500.0,8000.0,8000.0,50.0,19.73,12.5,1875.0,1900,9880.0,12160.0
Toyota New Hiace,Toyota,5000.0,10000.0,10000.0,50.0,21.7,12.5,1250.0,1250,6500.0,8000.0
Tata Altroz,Tata,6000.0,12000.0,12000.0,50.0,21.7,12.5,1500.0,1500,7800.0,9600.0
BMW 2 Series,BMW,5000.0,6500.0,8000.0,80.0,21.7,20.0,1250.0,1250,6500.0,8000.0
Isuzu Highlander,Isuzu,4500.0,8000.0,8000.0,50.0,21.7,12.5,1125.0,1150,5980.0,7360.0
SWIFT,Suzuki,4500.0,5500.0,8000.0,100.0,21.7,25.0,1125.0,1150,5980.0,7360.0
Sumo,Tata,6000.0,9000.0,10000.0,80.0,21.7,20.0,1500.0,1500,7800.0,9600.0
SWIFT,Suzuki,4500.0,5500.0,8000.0,100.0,21.7,25.0,1125.0,1150,5980.0,7360.0
Toyota New Hiace,Toyota,5000.0,10000.0,10000.0,50.0,21.7,12.5,1250.0,1250,6500.0,8000.0
Mahindra Scorpio,Mahindra,7500.0,8000.0,8000.0,50.0,19.73,12.5,1875.0,1900,9880.0,12160.0
Sumo,Tata,6000.0,9000.0,10000.0,80.0,21.7,20.0,1500.0,1500,7800.0,9600.0
Toyota New Hiace,Toyota,5000.0,10000.0,10000.0,50.0,21.7,12.5,1250.0,1250,6500.0,8000.0
Tata 1512 Supper Deluxe,Tata,6000.0,12000.0,12000.0,50.0,21.7,12.5,1500.0,1500,7800.0,9600.0
Santro,Hyundai,4500.0,5500.0,8000.0,80.0,21.7,20.0,1125.0,1150,5980.0,7360.0
Aspire,Ford,5000.0,6500.0,8000.0,80.0,21.7,20.0,1250.0,1250,6500.0,8000.0
207 DI,Tata,4500.0,8000.0,8000.0,50.0,21.7,12.5,1125.0,1150,5980.0,7360.0
Mahindra Scorpio,Mahindra,7500.0,8000.0,8000.0,50.0,19.73,12.5,1875.0,1900,9880.0,12160.0
MG 5,MG,5000.0,7000.0,8000.0,50.0,36.17,12.5,1250.0,1250,6500.0,8000.0
Toyota New Hiace,Toyota,5000.0,10000.0,10000.0,50.0,21.7,12.5,1250.0,1250,6500.0,8000.0
Santro,Hyundai,4500.0,5500.0,8000.0,80.0,21.7,20.0,1125.0,1150,5980.0,7360.0
KYC,KYC,5000.0,10000.0,10000.0,50.0,21.7,12.5,1250.0,1250,6500.0,8000.0
Ecosport,Ford,5500.0,7500.0,8500.0,80.0,21.7,20.0,1375.0,1400,7280.0,8960.0
DZIRE,Suzuki,4500.0,5500.0,8000.0,100.0,21.7,25.0,1125.0,1150,5980.0,7360.0
Tata Tigor EV,Tata,4500.0,6000.0,7000.0,80.0,2.17,20.0,1125.0,1150,5980.0,7360.0
Maruti Suzuki,Suzuki,4500.0,6500.0,6500.0,100.0,21.7,25.0,1125.0,1150,5980.0,7360.0
Toyota New Hiace,Toyota,5000.0,10000.0,10000.0,50.0,21.7,12.5,1250.0,1250,6500.0,8000.0
Corola,Toyota,5000.0,6500.0,8000.0,80.0,21.7,20.0,1250.0,1250,6500.0,8000.0
EECO CARGO,Suzuki,4500.0,6500.0,6500.0,100.0,21.7,25.0,1125.0,1150,5980.0,7360.0
Toyota New Hiace,Toyota,5000.0,10000.0,10000.0,50.0,21.7,12.5,1250.0,1250,6500.0,8000.0
BMW 2 Series,BMW,5500.0,7500.0,8500.0,80.0,21.7,20.0,1375.0,1400,7280.0,8960.0
Ecosport,Ford,5500.0,7500.0,8500.0,80.0,21.7,20.0,1375.0,1400,7280.0,8960.0
Maruti Suzuki,Suzuki,4500.0,6500.0,6500.0,100.0,21.7,25.0,1125.0,1150,5980.0,7360.0
Chevrolet Spark,Chevrolet,5000.0,6500.0,8000.0,80.0,21.7,20.0,1250.0,1250,6500.0,8000.0
Sumo,Tata,7500.0,8000.0,8000.0,50.0,19.73,12.5,1875.0,1900,9880.0,12160.0
Seltos,Kia,5500.0,7500.0,8500.0,80.0,21.7,20.0,1375.0,1400,7280.0,8960.0
MG ZS 2020,MG,5000.0,7000.0,8000.0,50.0,36.17,12.5,1250.0,1250,6500.0,8000.0
Santro,Hyundai,4500.0,5500.0,8000.0,80.0,21.7,20.0,1125.0,1150,5980.0,7360.0
ALTO,Suzuki,4500.0,5500.0,8000.0,100.0,21.7,25.0,1125.0,1150,5980.0,7360.0
ALTO,Suzuki,4500.0,5500.0,8000.0,100.0,21.7,25.0,1125.0,1150,5980.0,7360.0
Mahindra Scorpio,Mahindra,7500.0,8000.0,8000.0,50.0,19.73,12.5,1875.0,1900,9880.0,12160.0
Tata Safari,Tata,6000.0,9000.0,10000.0,100.0,21.7,25.0,1500.0,1500,7800.0,9600.0
Mahindra Bolero Pickup,Mahindra,4500.0,8000.0,8000.0,50.0,21.7,12.5,1125.0,1150,5980.0,7360.0
Atto 3,BYD,5000.0,7000.0,8000.0,50.0,36.17,12.5,1250.0,1250,6500.0,8000.0
Mahindra Scorpio,Mahindra,7500.0,8000.0,8000.0,50.0,19.73,12.5,1875.0,1900,9880.0,12160.0
i20,Hyundai,4500.0,5500.0,8000.0,80.0,21.7,20.0,1125.0,1150,5980.0,7360.0
Figo,Ford,4500.0,5500.0,8000.0,100.0,21.7,25.0,1125.0,1150,5980.0,7360.0
Datsun Redi GO,Datsun,5500.0,7500.0,8500.0,80.0,21.7,20.0,1375.0,1400,7280.0,8960.0
Toyota Innova,Toyota,5000.0,6500.0,8000.0,80.0,21.7,20.0,1250.0,1250,6500.0,8000.0
BALENO,Suzuki,4500.0,5500.0,8000.0,100.0,21.7,25.0,1125.0,1150,5980.0,7360.0
Toyota New Hiace,Toyota,5000.0,10000.0,10000.0,50.0,21.7,12.5,1250.0,1250,6500.0,8000.0
SWIFT,Suzuki,4500.0,5500.0,8000.0,100.0,21.7,25.0,1125.0,1150,5980.0,7360.0
Tata Safari,Tata,6000.0,9000.0,10000.0,100.0,21.7,25.0,1500.0,1500,7800.0,9600.0
i10,Hyundai,4500.0,5500.0,8000.0,80.0,21.7,20.0,1125.0,1150,5980.0,7360.0
Toyota New Hiace,Toyota,5000.0,10000.0,10000.0,50.0,21.7,12.5,1250.0,1250,6500.0,8000.0
Tata Sumo 2017,Tata,6000.0,9000.0,10000.0,80.0,21.7,20.0,1500.0,1500,7800.0,9600.0
Nissan Magnite,Nissan,5500.0,7500.0,8500.0,80.0,21.7,20.0,1375.0,1400,7280.0,8960.0
DZIRE,Suzuki,4500.0,5500.0,8000.0,100.0,21.7,25.0,1125.0,1150,5980.0,7360.0
WAGONR,Suzuki,5000.0,6500.0,8000.0,80.0,21.7,20.0,1250.0,1250,6500.0,8000.0
tata tata tigor 2021,Tata,4500.0,5500.0,8000.0,100.0,21.7,25.0,1125.0,1150,5980.0,7360.0
Tata 1512 Supper Deluxe,Tata,6000.0,12000.0,12000.0,50.0,21.7,12.5,1500.0,1500,7800.0,9600.0
Venue,Hyundai,5500.0,7500.0,8500.0,80.0,21.7,20.0,1375.0,1400,7280.0,8960.0
Mahindra Scorpio,Mahindra,7500.0,8000.0,8000.0,50.0,19.73,12.5,1875.0,1900,9880.0,12160.0
Tata 1512 Supper Deluxe,Tata,6000.0,12000.0,12000.0,50.0,21.7,12.5,1500.0,1500,7800.0,9600.0
Tata 1512,Tata,6000.0,9000.0,10000.0,100.0,21.7,25.0,1500.0,1500,7800.0,9600.0
Xcent,Hyundai,5000.0,6500.0,8000.0,80.0,21.7,20.0,1250.0,1250,6500.0,8000.0
Tata Nexon,Tata,5500.0,7500.0,8500.0,80.0,21.7,20.0,1375.0,1400,7280.0,8960.0
Toyota New Hiace,Toyota,5000.0,10000.0,10000.0,50.0,21.7,12.5,1250.0,1250,6500.0,8000.0
Mahindra Scorpio,Mahindra,7500.0,8000.0,8000.0,50.0,19.73,12.5,1875.0,1900,9880.0,12160.0
BALENO,Suzuki,4500.0,5500.0,8000.0,100.0,21.7,25.0,1125.0,1150,5980.0,7360.0
NETA - V,NETA,5000.0,7000.0,8000.0,50.0,36.17,12.5,1250.0,1250,6500.0,8000.0
Toyota New Hiace,Toyota,5000.0,10000.0,10000.0,50.0,21.7,12.5,1250.0,1250,6500.0,8000.0
Atto 3,BYD,5000.0,7000.0,8000.0,50.0,36.17,12.5,1250.0,1250,6500.0,8000.0
Tata 1512 Supper Deluxe,Tata,6000.0,12000.0,12000.0,50.0,21.7,12.5,1500.0,1500,7800.0,9600.0
Toyota New Hiace,Toyota,5000.0,10000.0,10000.0,50.0,21.7,12.5,1250.0,1250,6500.0,8000.0
Mahindra Scorpio,Mahindra,7500.0,8000.0,8000.0,50.0,19.73,12.5,1875.0,1900,9880.0,12160.0
Ignis,Suzuki,5000.0,6500.0,8000.0,80.0,21.7,20.0,1250.0,1250,6500.0,8000.0
Mahindra Scorpio,Mahindra,7500.0,8000.0,8000.0,50.0,19.73,12.5,1875.0,1900,9880.0,12160.0
Volkswagen Polo,Volkswagen,5000.0,6500.0,8000.0,80.0,21.7,20.0,1250.0,1250,6500.0,8000.0
Mahindra Scorpio,Mahindra,7500.0,8000.0,8000.0,50.0,19.73,12.5,1875.0,1900,9880.0,12160.0
Mahindra Scorpio,Mahindra,7500.0,8000.0,8000.0,50.0,19.73,12.5,1875.0,1900,9880.0,12160.0
Honda BRV 2012,Honda,4500.0,5500.0,8000.0,80.0,21.7,20.0,1125.0,1150,5980.0,7360.0
Maruti Suzuki,Suzuki,4500.0,6500.0,6500.0,100.0,21.7,25.0,1125.0,1150,5980.0,7360.0
Mahindra Scorpio,Mahindra,7500.0,8000.0,8000.0,50.0,19.73,12.5,1875.0,1900,9880.0,12160.0
Mahindra Scorpio,Mahindra,7500.0,8000.0,8000.0,50.0,19.73,12.5,1875.0,1900,9880.0,12160.0
Toyota New Hiace,Toyota,5000.0,10000.0,10000.0,50.0,21.7,12.5,1250.0,1250,6500.0,8000.0
Honda CRV,Honda,4500.0,5500.0,8000.0,100.0,21.7,25.0,1125.0,1150,5980.0,7360.0
Tata 1512 Supper Deluxe,Tata,6000.0,12000.0,12000.0,50.0,21.7,12.5,1500.0,1500,7800.0,9600.0
Maruti Suzuki,Suzuki,4500.0,6500.0,6500.0,100.0,21.7,25.0,1125.0,1150,5980.0,7360.0
Mahindra Bolero Pickup,Mahindra,4500.0,8000.0,8000.0,50.0,21.7,12.5,1125.0,1150,5980.0,7360.0
RAPID,Skoda,4500.0,5500.0,8000.0,100.0,21.7,25.0,1125.0,1150,5980.0,7360.0
Corola,Toyota,5000.0,6500.0,8000.0,80.0,21.7,20.0,1250.0,1250,6500.0,8000.0
Mahindra Scorpio,Mahindra,7500.0,8000.0,8000.0,50.0,19.73,12.5,1875.0,1900,9880.0,12160.0
Tata 1512 Supper Deluxe,Tata,6000.0,12000.0,12000.0,50.0,21.7,12.5,1500.0,1500,7800.0,9600.0
Tata 1512 Supper Deluxe,Tata,6000.0,12000.0,12000.0,50.0,21.7,12.5,1500.0,1500,7800.0,9600.0
Mahindra Scorpio,Mahindra,7500.0,8000.0,8000.0,50.0,19.73,12.5,1875.0,1900,9880.0,12160.0
Mahindra Scorpio,Mahindra,7500.0,8000.0,8000.0,50.0,19.73,12.5,1875.0,1900,9880.0,12160.0
Tata 1512 Supper Deluxe,Tata,6000.0,12000.0,12000.0,50.0,21.7,12.5,1500.0,1500,7800.0,9600.0
Mahindra Scorpio,Mahindra,7500.0,8000.0,8000.0,50.0,19.73,12.5,1875.0,1900,9880.0,12160.0
Mahindra Scorpio,Mahindra,7500.0,8000.0,8000.0,50.0,19.73,12.5,1875.0,1900,9880.0,12160.0
Tata 1512 Supper Deluxe,Tata,6000.0,12000.0,12000.0,50.0,21.7,12.5,1500.0,1500,7800.0,9600.0
Toyota New Hiace,Toyota,5000.0,10000.0,10000.0,50.0,21.7,12.5,1250.0,1250,6500.0,8000.0
NETA - V,NETA,5000.0,7000.0,8000.0,50.0,36.17,12.5,1250.0,1250,6500.0,8000.0
Mahindra Scorpio,Mahindra,7500.0,8000.0,8000.0,50.0,19.73,12.5,1875.0,1900,9880.0,12160.0
Creta,Hyundai,5500.0,7500.0,8500.0,80.0,21.7,20.0,1375.0,1400,7280.0,8960.0
Tata Safari,Tata,6000.0,9000.0,10000.0,100.0,21.7,25.0,1500.0,1500,7800.0,9600.0
Mahindra Thar,Mahindra,7500.0,8000.0,8000.0,50.0,19.73,12.5,1875.0,1900,9880.0,12160.0
Tata Nexon,Tata,5500.0,7500.0,8500.0,80.0,21.7,20.0,1375.0,1400,7280.0,8960.0
Nissan Kicks,Nissan,5500.0,7500.0,8500.0,80.0,21.7,20.0,1375.0,1400,7280.0,8960.0
Tata 1512 Supper Deluxe,Tata,6000.0,12000.0,12000.0,50.0,21.7,12.5,1500.0,1500,7800.0,9600.0
Tata 1512 Supper Deluxe,Tata,6000.0,12000.0,12000.0,50.0,21.7,12.5,1500.0,1500,7800.0,9600.0
Toyota New Hiace,Toyota,5000.0,10000.0,10000.0,50.0,21.7,12.5,1250.0,1250,6500.0,8000.0
Toyota New Hiace,Toyota,5000.0,10000.0,10000.0,50.0,21.7,12.5,1250.0,1250,6500.0,8000.0
Mahindra Scorpio,Mahindra,7500.0,8000.0,8000.0,50.0,19.73,12.5,1875.0,1900,9880.0,12160.0
S-cross,Suzuki,4500.0,5500.0,8000.0,100.0,21.7,25.0,1125.0,1150,5980.0,7360.0
Toyota New Hiace,Toyota,5000.0,10000.0,10000.0,50.0,21.7,12.5,1250.0,1250,6500.0,8000.0
Maruti Suzuki,Suzuki,4500.0,6500.0,6500.0,100.0,21.7,25.0,1125.0,1150,5980.0,7360.0
Mahindra Scorpio,Mahindra,7500.0,8000.0,8000.0,50.0,19.73,12.5,1875.0,1900,9880.0,12160.0
DZIRE,Suzuki,4500.0,5500.0,8000.0,100.0,21.7,25.0,1125.0,1150,5980.0,7360.0
Toyota New Hiace,Toyota,5000.0,10000.0,10000.0,50.0,21.7,12.5,1250.0,1250,6500.0,8000.0
Tata 1512 Supper Deluxe,Tata,6000.0,12000.0,12000.0,50.0,21.7,12.5,1500.0,1500,7800.0,9600.0
Toyota Hilux,Toyota,4500.0,8000.0,8000.0,50.0,21.7,12.5,1125.0,1150,5980.0,7360.0
Tata Nexon,Tata,5500.0,7500.0,8500.0,80.0,21.7,20.0,1375.0,1400,7280.0,8960.0
Maruti Suzuki,Suzuki,4500.0,6500.0,6500.0,100.0,21.7,25.0,1125.0,1150,5980.0,7360.0
Toyota New Hiace,Toyota,5000.0,10000.0,10000.0,50.0,21.7,12.5,1250.0,1250,6500.0,8000.0
Mahindra Scorpio,Mahindra,7500.0,8000.0,8000.0,50.0,20.45,12.5,1875.0,1900,9880.0,12160.0
Maruti Suzuki,Suzuki,4500.0,5500.0,8000.0,100.0,21.7,25.0,1125.0,1150,5980.0,7360.0
Jeep Wrangler,Jeep,6000.0,9000.0,10000.0,80.0,21.7,20.0,1500.0,1500,7800.0,9600.0
Maruti Suzuki,Suzuki,4500.0,6500.0,6500.0,100.0,21.7,25.0,1125.0,1150,5980.0,7360.0
Toyota New Hiace,Toyota,5000.0,10000.0,10000.0,50.0,21.7,12.5,1250.0,1250,6500.0,8000.0
Mahindra Scorpio,Mahindra,7500.0,8000.0,8000.0,50.0,19.73,12.5,1875.0,1900,9880.0,12160.0
SWIFT,Suzuki,4500.0,5500.0,8000.0,100.0,21.7,25.0,1125.0,1150,5980.0,7360.0
Corola,Toyota,4500.0,5500.0,8000.0,100.0,21.7,25.0,1125.0,1150,5980.0,7360.0
Mahindra Scorpio,Mahindra,7500.0,8000.0,8000.0,50.0,19.73,12.5,1875.0,1900,9880.0,12160.0
Tata Indica Vista,Tata,4500.0,5500.0,8000.0,50.0,21.7,12.5,1125.0,1150,5980.0,7360.0
Maruti Suzuki,Suzuki,4500.0,6500.0,6500.0,100.0,21.7,25.0,1125.0,1150,5980.0,7360.0
Nissan Sunny,Nissan,5000.0,6500.0,8000.0,80.0,21.7,20.0,1250.0,1250,6500.0,8000.0
SWIFT,Suzuki,4500.0,5500.0,8000.0,100.0,21.7,25.0,1125.0,1150,5980.0,7360.0
RAPID,Skoda,4500.0,5500.0,8000.0,100.0,21.7,25.0,1125.0,1150,5980.0,7360.0
NETA - V,NETA,5000.0,7000.0,8000.0,50.0,36.17,12.5,1250.0,1250,6500.0,8000.0
Mahindra Scorpio,Mahindra,7500.0,8000.0,8000.0,50.0,19.73,12.5,1875.0,1900,9880.0,12160.0
Mahindra Scorpio,Mahindra,7500.0,8000.0,8000.0,50.0,19.73,12.5,1875.0,1900,9880.0,12160.0
Mahindra Scorpio,Mahindra,7500.0,8000.0,8000.0,50.0,19.73,12.5,1875.0,1900,9880.0,12160.0
Santro,Hyundai,4500.0,5500.0,8000.0,80.0,21.7,20.0,1125.0,1150,5980.0,7360.0
Mahindra Scorpio,Mahindra,7500.0,8000.0,8000.0,50.0,19.73,12.5,1875.0,1900,9880.0,12160.0
Mahindra Scorpio,Mahindra,7500.0,8000.0,8000.0,50.0,19.73,12.5,1875.0,1900,9880.0,12160.0
Mahindra Scorpio,Mahindra,7500.0,8000.0,8000.0,50.0,19.73,12.5,1875.0,1900,9880.0,12160.0
Ecosport,Ford,5500.0,7500.0,8500.0,80.0,21.7,20.0,1375.0,1400,7280.0,8960.0
Classic,Unknown,4500.0,5500.0,8000.0,100.0,21.7,25.0,1125.0,1150,5980.0,7360.0
Mahindra Scorpio,Mahindra,7500.0,8000.0,8000.0,50.0,19.73,12.5,1875.0,1900,9880.0,12160.0
Toyota New Hiace,Toyota,5000.0,10000.0,10000.0,50.0,21.7,12.5,1250.0,1250,6500.0,8000.0
Tata Yodha Pickup,Tata,4500.0,8000.0,8000.0,50.0,21.7,12.5,1125.0,1150,5980.0,7360.0
Mahindra Scorpio,Mahindra,7500.0,8000.0,8000.0,50.0,19.73,12.5,1875.0,1900,9880.0,12160.0
DZIRE,Suzuki,4500.0,5500.0,8000.0,100.0,21.7,25.0,1125.0,1150,5980.0,7360.0
Freestyle,Tata,4500.0,5500.0,8000.0,100.0,21.7,25.0,1125.0,1150,5980.0,7360.0
Figo,Ford,4500.0,5500.0,8000.0,100.0,21.7,25.0,1125.0,1150,5980.0,7360.0
Mahindra Scorpio,Mahindra,7500.0,8000.0,8000.0,50.0,19.73,12.5,1875.0,1900,9880.0,12160.0
Toyota Land Cruiser,Toyota,6000.0,9000.0,10000.0,80.0,21.7,20.0,1500.0,1500,7800.0,9600.0
SWIFT,Suzuki,4500.0,5500.0,8000.0,100.0,21.7,25.0,1125.0,1150,5980.0,7360.0
ALTO,Suzuki,4500.0,5500.0,8000.0,100.0,21.7,25.0,1125.0,1150,5980.0,7360.0
Mahindra Scorpio,Mahindra,7500.0,8000.0,8000.0,50.0,19.73,12.5,1875.0,1900,9880.0,12160.0
Tata 1512 Supper Deluxe,Tata,6000.0,12000.0,12000.0,50.0,21.7,12.5,1500.0,1500,7800.0,9600.0
SWIFT,Suzuki,4500.0,5500.0,8000.0,100.0,21.7,25.0,1125.0,1150,5980.0,7360.0
Brezza,Suzuki,5500.0,7500.0,8500.0,80.0,21.7,20.0,1375.0,1400,7280.0,8960.0
Tata Tiago EV,Tata,4500.0,5500.0,8000.0,50.0,21.7,12.5,1125.0,1150,5980.0,7360.0
EECO CARGO,Suzuki,4500.0,6500.0,6500.0,100.0,21.7,25.0,1125.0,1150,5980.0,7360.0
Toyota Hilux,Toyota,4500.0,8000.0,8000.0,50.0,21.7,12.5,1125.0,1150,5980.0,7360.0
Mahindra Scorpio,Mahindra,7500.0,8000.0,8000.0,50.0,19.73,12.5,1875.0,1900,9880.0,12160.0
Tata Tiago,Tata,4500.0,5500.0,8000.0,50.0,21.7,12.5,1125.0,1150,5980.0,7360.0
Maruti Suzuki,Suzuki,4500.0,6500.0,6500.0,100.0,21.7,25.0,1125.0,1150,5980.0,7360.0
Nissan Van,Nissan,5000.0,10000.0,10000.0,50.0,36.17,12.5,1250.0,1250,6500.0,8000.0
Tata Tiago EV,Tata,4500.0,5500.0,8000.0,50.0,21.7,12.5,1125.0,1150,5980.0,7360.0
Grand i10,Hyundai,4500.0,5500.0,8000.0,80.0,21.7,20.0,1125.0,1150,5980.0,7360.0
Accent,Hyundai,4500.0,5500.0,8000.0,100.0,21.7,25.0,1125.0,1150,5980.0,7360.0
Kiger,Renault,5000.0,6500.0,8000.0,80.0,21.7,20.0,1250.0,1250,6500.0,8000.0
Mahindra Scorpio,Mahindra,7500.0,8000.0,8000.0,50.0,19.73,12.5,1875.0,1900,9880.0,12160.0
Ecosport,Ford,5500.0,7500.0,8500.0,80.0,21.7,20.0,1375.0,1400,7280.0,8960.0
Toyota New Hiace,Toyota,5000.0,10000.0,10000.0,50.0,21.7,12.5,1250.0,1250,6500.0,8000.0
Mahindra Scorpio,Mahindra,7500.0,8000.0,8000.0,50.0,19.73,12.5,1875.0,1900,9880.0,12160.0
Mahindra Scorpio,Mahindra,7500.0,8000.0,8000.0,50.0,19.73,12.5,1875.0,1900,9880.0,12160.0
Honda City,Honda,5000.0,6500.0,8000.0,80.0,21.7,20.0,1250.0,1250,6500.0,8000.0
Tata Tigor,Tata,5000.0,6500.0,8000.0,80.0,21.7,20.0,1250.0,1250,6500.0,8000.0
Brezza,Suzuki,5500.0,7500.0,8500.0,80.0,21.7,20.0,1375.0,1400,7280.0,8960.0
Mitsubishi Pajero,Mitsubishi,6000.0,9000.0,10000.0,80.0,21.7,20.0,1500.0,1500,7800.0,9600.0
Classic,Unknown,4500.0,5500.0,8000.0,100.0,21.7,25.0,1125.0,1150,5980.0,7360.0
Freestyle,Tata,4500.0,5500.0,8000.0,100.0,21.7,25.0,1125.0,1150,5980.0,7360.0
Maruti Suzuki,Suzuki,4500.0,6500.0,6500.0,100.0,21.7,25.0,1125.0,1150,5980.0,7360.0
Maruti Suzuki,Suzuki,4500.0,6500.0,6500.0,100.0,21.7,25.0,1125.0,1150,5980.0,7360.0
SUPER CARRY PICK-UP VAN,Suzuki,4500.0,6500.0,6500.0,100.0,21.7,25.0,1125.0,1150,5980.0,7360.0
Tata Yodha Pickup,Tata,4500.0,8000.0,8000.0,50.0,21.7,12.5,1125.0,1150,5980.0,7360.0
Santro,Hyundai,4500.0,5500.0,8000.0,80.0,21.7,20.0,1125.0,1150,5980.0,7360.0
Isuzu Highlander,Isuzu,5500.0,7500.0,8500.0,80.0,21.7,20.0,1375.0,1400,7280.0,8960.0
Mahindra Scorpio,Mahindra,7500.0,8000.0,8000.0,50.0,19.73,12.5,1875.0,1900,9880.0,12160.0
Toyota Corolla Cross,Toyota,4500.0,5500.0,8000.0,100.0,21.7,25.0,1125.0,1150,5980.0,7360.0
Mahindra Scorpio,Mahindra,7500.0,8000.0,8000.0,50.0,19.73,12.5,1875.0,1900,9880.0,12160.0
Classic,Unknown,4500.0,5500.0,8000.0,100.0,21.7,25.0,1125.0,1150,5980.0,7360.0
Sonata,Hyundai,5000.0,6500.0,8000.0,80.0,21.7,20.0,1250.0,1250,6500.0,8000.0
Maruti Suzuki,Suzuki,4500.0,6500.0,6500.0,100.0,21.7,25.0,1125.0,1150,5980.0,7360.0
Mahindra Scorpio,Mahindra,7500.0,8000.0,8000.0,50.0,19.73,12.5,1875.0,1900,9880.0,12160.0
Maruti Suzuki,Suzuki,5000.0,6500.0,8000.0,80.0,21.7,20.0,1250.0,1250,6500.0,8000.0
Mahindra Scorpio,Mahindra,7500.0,8000.0,8000.0,50.0,19.73,12.5,1875.0,1900,9880.0,12160.0
Toyata LX,Toyota,4500.0,5500.0,8000.0,100.0,21.7,25.0,1125.0,1150,5980.0,7360.0
Mahindra Bolero Pickup,Mahindra,4500.0,8000.0,8000.0,50.0,21.7,12.5,1125.0,1150,5980.0,7360.0
Ecosport,Ford,5500.0,7500.0,8500.0,80.0,21.7,20.0,1375.0,1400,7280.0,8960.0
Mahindra Scorpio,Mahindra,7500.0,8000.0,8000.0,50.0,19.73,12.5,1875.0,1900,9880.0,12160.0
Mahindra Scorpio,Mahindra,7500.0,8000.0,8000.0,50.0,19.73,12.5,1875.0,1900,9880.0,12160.0
Mahindra Scorpio,Mahindra,7500.0,8000.0,8000.0,50.0,19.73,12.5,1875.0,1900,9880.0,12160.0
Tata 1512 Supper Deluxe,Tata,6000.0,12000.0,12000.0,50.0,21.7,12.5,1500.0,1500,7800.0,9600.0
Ford Classic 2014,Ford,4500.0,5500.0,8000.0,100.0,21.7,25.0,1125.0,1150,5980.0,7360.0
Mahindra Scorpio,Mahindra,7500.0,8000.0,8000.0,50.0,19.73,12.5,1875.0,1900,9880.0,12160.0
Figo,Ford,4500.0,5500.0,8000.0,100.0,21.7,25.0,1125.0,1150,5980.0,7360.0
Maruti Suzuki,Suzuki,4500.0,6500.0,6500.0,100.0,21.7,25.0,1125.0,1150,5980.0,7360.0
Toyota New Hiace,Toyota,5000.0,10000.0,10000.0,50.0,21.7,12.5,1250.0,1250,6500.0,8000.0
Sonet,Kia,5500.0,7500.0,8500.0,80.0,21.7,20.0,1375.0,1400,7280.0,8960.0
Classic,Unknown,5000.0,6500.0,8000.0,80.0,21.7,20.0,1250.0,1250,6500.0,8000.0
SWIFT,Suzuki,4500.0,5500.0,8000.0,100.0,21.7,25.0,1125.0,1150,5980.0,7360.0
Toyota New Hiace,Toyota,5000.0,10000.0,10000.0,50.0,21.7,12.5,1250.0,1250,6500.0,8000.0
Ecosport,Ford,5500.0,7500.0,8500.0,80.0,21.7,20.0,1375.0,1400,7280.0,8960.0
Corola,Toyota,4500.0,5500.0,8000.0,100.0,21.7,25.0,1125.0,1150,5980.0,7360.0
Volkswagen Polo,Volkswagen,4500.0,5500.0,8000.0,80.0,21.7,20.0,1125.0,1150,5980.0,7360.0
SWIFT,Suzuki,4500.0,5500.0,8000.0,100.0,21.7,25.0,1125.0,1150,5980.0,7360.0
Ecosport,Ford,5500.0,7500.0,8500.0,80.0,21.7,20.0,1375.0,1400,7280.0,8960.0
Hyundai Creta 2021,Hyundai,5500.0,7500.0,8500.0,80.0,21.7,20.0,1375.0,1400,7280.0,8960.0
Classic,Unknown,5000.0,6500.0,8000.0,80.0,21.7,20.0,1250.0,1250,6500.0,8000.0
SWIFT,Suzuki,4500.0,5500.0,8000.0,100.0,21.7,25.0,1125.0,1150,5980.0,7360.0
Figo,Ford,4500.0,5500.0,8000.0,100.0,21.7,25.0,1125.0,1150,5980.0,7360.0
Mahindra Scorpio,Mahindra,7500.0,8000.0,8000.0,50.0,19.73,12.5,1875.0,1900,9880.0,12160.0
Chevrolet Aveo,Chevrolet,4500.0,5500.0,8000.0,100.0,21.7,25.0,1125.0,1150,5980.0,7360.0
NETA - V,NETA,5000.0,7000.0,8000.0,50.0,36.17,12.5,1250.0,1250,6500.0,8000.0
Mahindra Scorpio,Mahindra,7500.0,8000.0,8000.0,50.0,19.73,12.5,1875.0,1900,9880.0,12160.0
Figo,Ford,4500.0,5500.0,8000.0,100.0,21.7,25.0,1125.0,1150,5980.0,7360.0
Figo,Ford,4500.0,5500.0,8000.0,100.0,21.7,25.0,1125.0,1150,5980.0,7360.0
Classic,Unknown,4500.0,5500.0,8000.0,100.0,21.7,25.0,1125.0,1150,5980.0,7360.0
Figo,Ford,4500.0,5500.0,8000.0,100.0,21.7,25.0,1125.0,1150,5980.0,7360.0
Classic,Unknown,4500.0,5500.0,8000.0,100.0,21.7,25.0,1125.0,1150,5980.0,7360.0
Classic,Unknown,5000.0,6500.0,8000.0,80.0,21.7,20.0,1250.0,1250,6500.0,8000.0
DZIRE,Suzuki,4500.0,5500.0,8000.0,100.0,21.7,25.0,1125.0,1150,5980.0,7360.0
Maruti Suzuki,Suzuki,5000.0,6500.0,8000.0,80.0,21.7,20.0,1250.0,1250,6500.0,8000.0
Tata Tiago,Tata,4500.0,5500.0,8000.0,50.0,21.7,12.5,1125.0,1150,5980.0,7360.0
Tata Tiago EV,Tata,4500.0,5500.0,8000.0,50.0,21.7,12.5,1125.0,1150,5980.0,7360.0
SUPER CARRY PICK-UP VAN,Suzuki,4500.0,6500.0,6500.0,100.0,21.7,25.0,1125.0,1150,5980.0,7360.0
Creta,Hyundai,5500.0,7500.0,8500.0,80.0,21.7,20.0,1375.0,1400,7280.0,8960.0
Maruti Suzuki,Suzuki,4500.0,5500.0,8000.0,100.0,21.7,25.0,1125.0,1150,5980.0,7360.0
SWIFT,Suzuki,4500.0,5500.0,8000.0,100.0,21.7,25.0,1125.0,1150,5980.0,7360.0
Xcent,Hyundai,5000.0,6500.0,8000.0,80.0,21.7,20.0,1250.0,1250,6500.0,8000.0
Creta,Hyundai,5500.0,7500.0,8500.0,80.0,21.7,20.0,1375.0,1400,7280.0,8960.0
Mahindra Scorpio,Mahindra,7500.0,8000.0,8000.0,50.0,19.73,12.5,1875.0,1900,9880.0,12160.0
Mahindra Scorpio,Mahindra,7500.0,8000.0,8000.0,50.0,19.73,12.5,1875.0,1900,9880.0,12160.0
Mahindra Scorpio,Mahindra,7500.0,8000.0,8000.0,50.0,19.73,12.5,1875.0,1900,9880.0,12160.0
Mahindra Bolero Pickup,Mahindra,4500.0,8000.0,8000.0,50.0,21.7,12.5,1125.0,1150,5980.0,7360.0
Tata Indica,Tata,4500.0,5500.0,8000.0,100.0,21.7,25.0,1125.0,1150,5980.0,7360.0
i10,Hyundai,4500.0,5500.0,8000.0,80.0,21.7,20.0,1125.0,1150,5980.0,7360.0
RAPID,Skoda,4500.0,5500.0,8000.0,100.0,21.7,25.0,1125.0,1150,5980.0,7360.0
Tata Indica,Tata,4500.0,5500.0,8000.0,100.0,21.7,25.0,1125.0,1150,5980.0,7360.0
Toyota New Hiace,Toyota,5000.0,10000.0,10000.0,50.0,21.7,12.5,1250.0,1250,6500.0,8000.0
Hyundai Creta 2021,Hyundai,5500.0,7500.0,8500.0,80.0,21.7,20.0,1375.0,1400,7280.0,8960.0
i10,Hyundai,4500.0,5500.0,8000.0,80.0,21.7,20.0,1125.0,1150,5980.0,7360.0
Tata Tigor EV,Tata,4500.0,5500.0,8000.0,50.0,21.7,12.5,1125.0,1150,5980.0,7360.0
Maruti Suzuki,Suzuki,4500.0,6500.0,6500.0,100.0,21.7,25.0,1125.0,1150,5980.0,7360.0
Maruti Suzuki,Suzuki,5000.0,6500.0,8000.0,80.0,21.7,20.0,1250.0,1250,6500.0,8000.0
Patrol,Nissan,7500.0,8000.0,8000.0,50.0,19.73,12.5,1875.0,1900,9880.0,12160.0
Tata 1512 Supper Deluxe,Tata,6000.0,12000.0,12000.0,50.0,21.7,12.5,1500.0,1500,7800.0,9600.0
Tata Tiago EV,Tata,4500.0,5500.0,8000.0,50.0,21.7,12.5,1125.0,1150,5980.0,7360.0
Brezza,Suzuki,5500.0,7500.0,8500.0,80.0,21.7,20.0,1375.0,1400,7280.0,8960.0
WAGONR,Suzuki,5000.0,6500.0,8000.0,80.0,21.7,20.0,1250.0,1250,6500.0,8000.0
Mahindra Scorpio,Mahindra,7500.0,8000.0,8000.0,50.0,19.73,12.5,1875.0,1900,9880.0,12160.0
E-6 EV,BYD,5500.0,6500.0,6500.0,50.0,36.17,12.5,1375.0,1400,7280.0,8960.0
KIA Sportage 2010,Kia,5500.0,7500.0,8500.0,80.0,21.7,20.0,1375.0,1400,7280.0,8960.0
Mahindra Scorpio,Mahindra,7500.0,8000.0,8000.0,50.0,19.73,12.5,1875.0,1900,9880.0,12160.0
Xcent,Hyundai,5000.0,6500.0,8000.0,80.0,21.7,20.0,1250.0,1250,6500.0,8000.0
Mahindra Scorpio,Mahindra,7500.0,8000.0,8000.0,50.0,19.73,12.5,1875.0,1900,9880.0,12160.0
Tata Tigor,Tata,5000.0,6500.0,8000.0,80.0,21.7,20.0,1250.0,1250,6500.0,8000.0
Santro,Hyundai,4500.0,5500.0,8000.0,80.0,21.7,20.0,1125.0,1150,5980.0,7360.0
i10,Hyundai,4500.0,5500.0,8000.0,80.0,21.7,20.0,1125.0,1150,5980.0,7360.0
i10,Hyundai,4500.0,5500.0,8000.0,80.0,21.7,20.0,1125.0,1150,5980.0,7360.0
Datsun Redi GO,Datsun,5000.0,6500.0,8000.0,80.0,21.7,20.0,1250.0,1250,6500.0,8000.0
Grand i10,Hyundai,4500.0,5500.0,8000.0,80.0,21.7,20.0,1125.0,1150,5980.0,7360.0
Tata Indica Vista,Tata,5000.0,6500.0,8000.0,80.0,21.7,20.0,1250.0,1250,6500.0,8000.0
Sportage,Kia,5500.0,7500.0,8500.0,80.0,21.7,20.0,1375.0,1400,7280.0,8960.0
Ecosport,Ford,5500.0,7500.0,8500.0,80.0,21.7,20.0,1375.0,1400,7280.0,8960.0
Toyota New Hiace,Toyota,5000.0,10000.0,10000.0,50.0,21.7,12.5,1250.0,1250,6500.0,8000.0
ALTO,Suzuki,4500.0,5500.0,8000.0,100.0,21.7,25.0,1125.0,1150,5980.0,7360.0
Mahindra Scorpio 2019,Mahindra,7500.0,8000.0,8000.0,50.0,19.73,12.5,1875.0,1900,9880.0,12160.0
Santro,Hyundai,4500.0,5500.0,8000.0,80.0,21.7,20.0,1125.0,1150,5980.0,7360.0
Tata Nexon EV,Tata,5000.0,7000.0,8000.0,50.0,36.17,12.5,1250.0,1250,6500.0,8000.0
Mahindra Scorpio,Mahindra,7500.0,8000.0,8000.0,50.0,19.73,12.5,1875.0,1900,9880.0,12160.0
i20,Hyundai,4500.0,5500.0,8000.0,80.0,21.7,20.0,1125.0,1150,5980.0,7360.0
i10,Hyundai,4500.0,5500.0,8000.0,80.0,21.7,20.0,1125.0,1150,5980.0,7360.0
Mahindra Scorpio,Mahindra,7500.0,8000.0,8000.0,50.0,19.73,12.5,1875.0,1900,9880.0,12160.0
Toyota New Hiace,Toyota,5000.0,10000.0,10000.0,50.0,21.7,12.5,1250.0,1250,6500.0,8000.0
Toyota New Hiace,Toyota,5000.0,10000.0,10000.0,50.0,21.7,12.5,1250.0,1250,6500.0,8000.0
DZIRE,Suzuki,4500.0,5500.0,8000.0,100.0,21.7,25.0,1125.0,1150,5980.0,7360.0
DZIRE,Suzuki,4500.0,5500.0,8000.0,100.0,21.7,25.0,1125.0,1150,5980.0,7360.0
Honda WRV,Honda,5000.0,6500.0,8000.0,80.0,21.7,20.0,1250.0,1250,6500.0,8000.0
Nissan Sunny,Nissan,5000.0,6500.0,8000.0,80.0,21.7,20.0,1250.0,1250,6500.0,8000.0
Sonet,Kia,5500.0,7500.0,8500.0,80.0,21.7,20.0,1375.0,1400,7280.0,8960.0
Mahindra Scorpio,Mahindra,7500.0,8000.0,8000.0,50.0,19.73,12.5,1875.0,1900,9880.0,12160.0
ALTO,Suzuki,4500.0,5500.0,8000.0,100.0,21.7,25.0,1125.0,1150,5980.0,7360.0
Tata Nexon EV,Tata,5000.0,7000.0,8000.0,50.0,36.17,12.5,1250.0,1250,6500.0,8000.0
MG ZS,MG,5000.0,7000.0,8000.0,50.0,36.17,12.5,1250.0,1250,6500.0,8000.0
Mahindra Scorpio,Mahindra,7500.0,8000.0,8000.0,50.0,19.73,12.5,1875.0,1900,9880.0,12160.0
DZIRE,Suzuki,4500.0,5500.0,8000.0,100.0,21.7,25.0,1125.0,1150,5980.0,7360.0
Nissan Magnite,Nissan,5500.0,7500.0,8500.0,80.0,21.7,20.0,1375.0,1400,7280.0,8960.0
Toyota New Hiace,Toyota,5000.0,10000.0,10000.0,50.0,21.7,12.5,1250.0,1250,6500.0,8000.0
Honda Amaze,Honda,5000.0,6500.0,8000.0,80.0,21.7,20.0,1250.0,1250,6500.0,8000.0
Celerio,Suzuki,4500.0,5500.0,8000.0,100.0,21.7,25.0,1125.0,1150,5980.0,7360.0
Toyota New Hiace,Toyota,5000.0,10000.0,10000.0,50.0,21.7,12.5,1250.0,1250,6500.0,8000.0
Mahindra Scorpio,Mahindra,7500.0,8000.0,8000.0,50.0,19.73,12.5,1875.0,1900,9880.0,12160.0
BMW M440i,BMW,5000.0,6500.0,8000.0,80.0,21.7,20.0,1250.0,1250,6500.0,8000.0
Toyota New Hiace,Toyota,5000.0,10000.0,10000.0,50.0,21.7,12.5,1250.0,1250,6500.0,8000.0
Toyota New Hiace,Toyota,5000.0,10000.0,10000.0,50.0,21.7,12.5,1250.0,1250,6500.0,8000.0
Figo,Ford,4500.0,5500.0,8000.0,100.0,21.7,25.0,1125.0,1150,5980.0,7360.0
Honda CRV,Honda,4500.0,5500.0,8000.0,80.0,21.7,20.0,1125.0,1150,5980.0,7360.0
Mahindra Scorpio,Mahindra,7500.0,8000.0,8000.0,50.0,19.73,12.5,1875.0,1900,9880.0,12160.0
EECO CARGO,Suzuki,4500.0,6500.0,6500.0,100.0,21.7,25.0,1125.0,1150,5980.0,7360.0
DZIRE,Suzuki,4500.0,5500.0,8000.0,100.0,21.7,25.0,1125.0,1150,5980.0,7360.0
Toyota New Hiace,Toyota,5000.0,10000.0,10000.0,50.0,21.7,12.5,1250.0,1250,6500.0,8000.0
SWIFT,Suzuki,4500.0,5500.0,8000.0,100.0,21.7,25.0,1125.0,1150,5980.0,7360.0
ALTO,Suzuki,4500.0,5500.0,8000.0,100.0,21.7,25.0,1125.0,1150,5980.0,7360.0
EECO CARGO,Suzuki,4500.0,6500.0,6500.0,100.0,21.7,25.0,1125.0,1150,5980.0,7360.0
EECO CARGO,Suzuki,4500.0,6500.0,6500.0,100.0,21.7,25.0,1125.0,1150,5980.0,7360.0
Tata 1512 Supper Deluxe,Tata,6000.0,12000.0,12000.0,50.0,21.7,12.5,1500.0,1500,7800.0,9600.0
Sumo,Tata,6000.0,9000.0,10000.0,80.0,21.7,20.0,1500.0,1500,7800.0,9600.0
Toyota New Hiace,Toyota,5000.0,10000.0,10000.0,50.0,21.7,12.5,1250.0,1250,6500.0,8000.0
ALTO,Suzuki,4500.0,5500.0,8000.0,100.0,21.7,25.0,1125.0,1150,5980.0,7360.0
Atto 3,BYD,5000.0,7000.0,8000.0,50.0,36.17,12.5,1250.0,1250,6500.0,8000.0
Toyota Etios,Toyota,4500.0,5500.0,8000.0,100.0,21.7,25.0,1125.0,1150,5980.0,7360.0
ALTO,Suzuki,4500.0,5500.0,8000.0,100.0,21.7,25.0,1125.0,1150,5980.0,7360.0
Tata Manza,Tata,6000.0,9000.0,10000.0,100.0,21.7,25.0,1500.0,1500,7800.0,9600.0
Toyota Etios,Toyota,4500.0,5500.0,8000.0,100.0,21.7,25.0,1125.0,1150,5980.0,7360.0
Toyota New Hiace,Toyota,5000.0,10000.0,10000.0,50.0,21.7,12.5,1250.0,1250,6500.0,8000.0
Mahindra Scorpio,Mahindra,7500.0,8000.0,8000.0,50.0,19.73,12.5,1875.0,1900,9880.0,12160.0
ALTO,Suzuki,4500.0,5500.0,8000.0,100.0,21.7,25.0,1125.0,1150,5980.0,7360.0
WAGONR,Suzuki,4500.0,5500.0,8000.0,100.0,21.7,25.0,1125.0,1150,5980.0,7360.0
Mahindra Scorpio,Mahindra,7500.0,8000.0,8000.0,50.0,19.73,12.5,1875.0,1900,9880.0,12160.0
Toyota New Hiace,Toyota,5000.0,10000.0,10000.0,50.0,21.7,12.5,1250.0,1250,6500.0,8000.0
Toyota New Hiace,Toyota,5000.0,10000.0,10000.0,50.0,21.7,12.5,1250.0,1250,6500.0,8000.0
Mahindra Scorpio,Mahindra,7500.0,8000.0,8000.0,50.0,19.73,12.5,1875.0,1900,9880.0,12160.0
Mahindra Scorpio,Mahindra,7500.0,8000.0,8000.0,50.0,19.73,12.5,1875.0,1900,9880.0,12160.0
Honda Amaze,Honda,4500.0,5500.0,8000.0,100.0,21.7,25.0,1125.0,1150,5980.0,7360.0
Toyota Fortuner,Toyota,5500.0,7500.0,8500.0,80.0,21.7,20.0,1375.0,1400,7280.0,8960.0
Brezza,Suzuki,5500.0,7500.0,8500.0,80.0,21.7,20.0,1375.0,1400,7280.0,8960.0
Mahindra Scorpio,Mahindra,7500.0,8000.0,8000.0,50.0,19.73,12.5,1875.0,1900,9880.0,12160.0
NEW KUSHAQ,Skoda,5000.0,6500.0,8000.0,80.0,21.7,20.0,1250.0,1250,6500.0,8000.0
Nissan Magnite,Nissan,5500.0,7500.0,8500.0,80.0,21.7,20.0,1375.0,1400,7280.0,8960.0
Mahindra Scorpio,Mahindra,7500.0,8000.0,8000.0,50.0,19.73,12.5,1875.0,1900,9880.0,12160.0
COMPASS,Jeep,5500.0,7500.0,8500.0,80.0,21.7,20.0,1375.0,1400,7280.0,8960.0
C - 3,Citroen,5000.0,6500.0,8000.0,80.0,21.7,20.0,1250.0,1250,6500.0,8000.0
RAPID,Skoda,4500.0,5500.0,8000.0,100.0,21.7,25.0,1125.0,1150,5980.0,7360.0
Maruti Suzuki,Suzuki,4500.0,5500.0,8000.0,100.0,21.7,25.0,1125.0,1150,5980.0,7360.0
Mahindra Scorpio,Mahindra,7500.0,8000.0,8000.0,50.0,19.73,12.5,1875.0,1900,9880.0,12160.0
NETA - V,NETA,5000.0,7000.0,8000.0,50.0,36.17,12.5,1250.0,1250,6500.0,8000.0
Tata Nexon EV,Tata,5000.0,7000.0,8000.0,50.0,36.17,12.5,1250.0,1250,6500.0,8000.0
SUPERB,Skoda,5500.0,7500.0,8500.0,80.0,21.7,20.0,1375.0,1400,7280.0,8960.0
Mahindra Scorpio,Mahindra,7500.0,8000.0,8000.0,50.0,19.73,12.5,1875.0,1900,9880.0,12160.0
Tata Tiago EV,Tata,4500.0,5500.0,8000.0,50.0,21.7,12.5,1125.0,1150,5980.0,7360.0
DZIRE,Suzuki,4500.0,5500.0,8000.0,100.0,21.7,25.0,1125.0,1150,5980.0,7360.0
NETA - V,NETA,5000.0,7000.0,8000.0,50.0,36.17,12.5,1250.0,1250,6500.0,8000.0
Mahindra Scorpio,Mahindra,7500.0,8000.0,8000.0,50.0,19.73,12.5,1875.0,1900,9880.0,12160.0
BYD Dolphin,BYD,4500.0,5500.0,8000.0,50.0,21.7,12.5,1125.0,1150,5980.0,7360.0
DZIRE,Suzuki,4500.0,5500.0,8000.0,100.0,21.7,25.0,1125.0,1150,5980.0,7360.0
Toyota New Hiace,Toyota,5000.0,10000.0,10000.0,50.0,21.7,12.5,1250.0,1250,6500.0,8000.0
Tata Nexon,Tata,5500.0,7500.0,8500.0,80.0,21.7,20.0,1375.0,1400,7280.0,8960.0
Mahindra Scorpio,Mahindra,7500.0,8000.0,8000.0,50.0,20.45,12.5,1875.0,1900,9880.0,12160.0
SHEPHIA,Kia,5000.0,6500.0,8000.0,80.0,21.7,20.0,1250.0,1250,6500.0,8000.0
Tata Nexon EV,Tata,5000.0,7000.0,8000.0,50.0,36.17,12.5,1250.0,1250,6500.0,8000.0
Mahindra Scorpio,Mahindra,7500.0,8000.0,8000.0,50.0,19.73,12.5,1875.0,1900,9880.0,12160.0
OMODA 230T Lux 2024,Omoda,5000.0,7000.0,8000.0,50.0,2.17,12.5,1250.0,1250,6500.0,8000.0
Tata Nexon 2019,Tata,5000.0,7000.0,8000.0,50.0,2.17,12.5,1250.0,1250,6500.0,8000.0
Toyota New Hiace,Toyota,5000.0,10000.0,10000.0,50.0,21.7,12.5,1250.0,1250,6500.0,8000.0
Mahindra Scorpio,Mahindra,7500.0,8000.0,8000.0,50.0,19.73,12.5,1875.0,1900,9880.0,12160.0
Tata Safari,Tata,6000.0,9000.0,10000.0,80.0,21.7,20.0,1500.0,1500,7800.0,9600.0
NETA - V,NETA,5000.0,7000.0,8000.0,50.0,36.17,12.5,1250.0,1250,6500.0,8000.0
Santro,Hyundai,4500.0,5500.0,8000.0,80.0,21.7,20.0,1125.0,1150,5980.0,7360.0
SWIFT,Suzuki,4500.0,5500.0,8000.0,100.0,21.7,25.0,1125.0,1150,5980.0,7360.0
Mahindra Scorpio,Mahindra,7500.0,8000.0,8000.0,50.0,19.73,12.5,1875.0,1900,9880.0,12160.0
DZIRE,Suzuki,4500.0,5500.0,8000.0,100.0,21.7,25.0,1125.0,1150,5980.0,7360.0
Mahindra Scorpio,Mahindra,7500.0,8000.0,8000.0,50.0,19.73,12.5,1875.0,1900,9880.0,12160.0
Suzuki DZIRE 2009,Suzuki,4500.0,5500.0,8000.0,100.0,21.7,25.0,1125.0,1150,5980.0,7360.0
Suzuki Ciaz 2018,Suzuki,5000.0,6500.0,8000.0,80.0,21.7,20.0,1250.0,1250,6500.0,8000.0
Nissan Magnite,Nissan,5500.0,7500.0,8500.0,80.0,21.7,20.0,1375.0,1400,7280.0,8960.0
Brezza,Suzuki,5500.0,7500.0,8500.0,80.0,21.7,20.0,1375.0,1400,7280.0,8960.0
Mahindra Bolero Pickup,Mahindra,4500.0,8000.0,8000.0,50.0,21.7,12.5,1125.0,1150,5980.0,7360.0
Chery T11,Chery,5500.0,7500.0,8500.0,80.0,21.7,20.0,1375.0,1400,7280.0,8960.0
Nissan Magnite,Nissan,5500.0,7500.0,8500.0,80.0,21.7,20.0,1375.0,1400,7280.0,8960.0
Datsun New GO,Datsun,5000.0,6500.0,8000.0,80.0,21.7,20.0,1250.0,1250,6500.0,8000.0
Tata Nexon EV,Tata,5000.0,7000.0,8000.0,50.0,36.17,12.5,1250.0,1250,6500.0,8000.0
Tata Nexon EV,Tata,5000.0,7000.0,8000.0,50.0,36.17,12.5,1250.0,1250,6500.0,8000.0
Brezza,Suzuki,5500.0,7500.0,8500.0,80.0,21.7,20.0,1375.0,1400,7280.0,8960.0
DZIRE,Suzuki,4500.0,5500.0,8000.0,100.0,21.7,25.0,1125.0,1150,5980.0,7360.0
Brezza,Suzuki,5500.0,7500.0,8500.0,80.0,21.7,20.0,1375.0,1400,7280.0,8960.0
DZIRE,Suzuki,4500.0,5500.0,8000.0,100.0,21.7,25.0,1125.0,1150,5980.0,7360.0
DZIRE,Suzuki,4500.0,5500.0,8000.0,100.0,21.7,25.0,1125.0,1150,5980.0,7360.0
Sportage,Kia,5500.0,7500.0,8500.0,80.0,21.7,20.0,1375.0,1400,7280.0,8960.0
Nissan Magnite,Nissan,5500.0,7500.0,8500.0,80.0,21.7,20.0,1375.0,1400,7280.0,8960.0
DZIRE,Suzuki,4500.0,5500.0,8000.0,100.0,21.7,25.0,1125.0,1150,5980.0,7360.0
Ecosport,Ford,5500.0,7500.0,8500.0,80.0,21.7,20.0,1375.0,1400,7280.0,8960.0
SUZUKI WAGONR,Suzuki,4500.0,5500.0,8000.0,100.0,21.7,25.0,1125.0,1150,5980.0,7360.0
Atto 3,BYD,5000.0,7000.0,8000.0,50.0,36.17,12.5,1250.0,1250,6500.0,8000.0
ALTO,Suzuki,4500.0,5500.0,8000.0,100.0,21.7,25.0,1125.0,1150,5980.0,7360.0
Seres - 3,Seres,5000.0,7000.0,8000.0,50.0,36.17,12.5,1250.0,1250,6500.0,8000.0
Mahindra Scorpio,Mahindra,7500.0,8000.0,8000.0,50.0,19.73,12.5,1875.0,1900,9880.0,12160.0
Mahindra Scorpio,Mahindra,7500.0,8000.0,8000.0,50.0,19.73,12.5,1875.0,1900,9880.0,12160.0
Sportage,Kia,5500.0,7500.0,8500.0,80.0,21.7,20.0,1375.0,1400,7280.0,8960.0
NETA - V,NETA,5000.0,7000.0,8000.0,50.0,36.17,12.5,1250.0,1250,6500.0,8000.0
Hyundai Creta 2016,Hyundai,5500.0,7500.0,8500.0,80.0,21.7,20.0,1375.0,1400,7280.0,8960.0
Santro,Hyundai,4500.0,5500.0,8000.0,80.0,21.7,20.0,1125.0,1150,5980.0,7360.0
Grand i10,Hyundai,4500.0,5500.0,8000.0,80.0,21.7,20.0,1125.0,1150,5980.0,7360.0
Tata Nexon EV,Tata,5000.0,7000.0,8000.0,50.0,36.17,12.5,1250.0,1250,6500.0,8000.0
Nissan Magnite,Nissan,5500.0,7500.0,8500.0,80.0,21.7,20.0,1375.0,1400,7280.0,8960.0
Foton EV Van,Foton,5000.0,10000.0,10000.0,50.0,2.17,12.5,1250.0,1250,6500.0,8000.0
Mahindra Scorpio,Mahindra,7500.0,8000.0,8000.0,50.0,19.73,12.5,1875.0,1900,9880.0,12160.0
King Long,King Long,5000.0,10000.0,10000.0,50.0,36.17,12.5,1250.0,1250,6500.0,8000.0
Tata Nexon,Tata,5500.0,7500.0,8500.0,80.0,21.7,20.0,1375.0,1400,7280.0,8960.0
Mahindra Scorpio,Mahindra,7500.0,8000.0,8000.0,50.0,19.73,12.5,1875.0,1900,9880.0,12160.0
KYC,KYC,5000.0,10000.0,10000.0,50.0,36.17,12.5,1250.0,1250,6500.0,8000.0
Mahindra Scorpio,Mahindra,7500.0,8000.0,8000.0,50.0,19.73,12.5,1875.0,1900,9880.0,12160.0
Brezza,Suzuki,5500.0,7500.0,8500.0,80.0,21.7,20.0,1375.0,1400,7280.0,8960.0
Hyundai Creta 2015,Hyundai,5500.0,7500.0,8500.0,80.0,21.7,20.0,1375.0,1400,7280.0,8960.0
Hyundai Creta 2021,Hyundai,5500.0,7500.0,8500.0,80.0,21.7,20.0,1375.0,1400,7280.0,8960.0
BMW 2 Series,BMW,5500.0,7500.0,8500.0,80.0,21.7,20.0,1375.0,1400,7280.0,8960.0
KYC 10 Seater EV Van,KYC,5000.0,10000.0,10000.0,100.0,1.3,25.0,1250.0,1250,6500.0,8000.0
Brezza,Suzuki,5500.0,7500.0,8500.0,80.0,21.7,20.0,1375.0,1400,7280.0,8960.0
Mahindra Scorpio,Mahindra,7500.0,8000.0,8000.0,50.0,19.73,12.5,1875.0,1900,9880.0,12160.0
Tata Safari,Tata,6000.0,9000.0,10000.0,80.0,21.7,20.0,1500.0,1500,7800.0,9600.0
Creta,Hyundai,5500.0,7500.0,8500.0,80.0,21.7,20.0,1375.0,1400,7280.0,8960.0
KIA Picanto 2010,Kia,5000.0,6500.0,8000.0,80.0,21.7,20.0,1250.0,1250,6500.0,8000.0
Santro,Hyundai,4500.0,5500.0,8000.0,80.0,21.7,20.0,1125.0,1150,5980.0,7360.0
Linea,Fiat,4500.0,5500.0,8000.0,80.0,21.7,20.0,1125.0,1150,5980.0,7360.0
Brezza,Suzuki,5500.0,7500.0,8500.0,80.0,21.7,20.0,1375.0,1400,7280.0,8960.0
Mahindra Scorpio,Mahindra,7500.0,8000.0,8000.0,50.0,19.73,12.5,1875.0,1900,9880.0,12160.0
Seltos,Kia,5500.0,7500.0,8500.0,80.0,21.7,20.0,1375.0,1400,7280.0,8960.0
Brezza,Suzuki,5500.0,7500.0,8500.0,80.0,21.7,20.0,1375.0,1400,7280.0,8960.0
NETA - V,NETA,5000.0,7000.0,8000.0,50.0,36.17,12.5,1250.0,1250,6500.0,8000.0
Mahindra Scorpio,Mahindra,7500.0,8000.0,8000.0,50.0,19.73,12.5,1875.0,1900,9880.0,12160.0
Hyundai Accent 2012,Hyundai,4500.0,5500.0,8000.0,80.0,21.7,20.0,1125.0,1150,5980.0,7360.0
Mahindra Scorpio,Mahindra,7500.0,8000.0,8000.0,50.0,19.73,12.5,1875.0,1900,9880.0,12160.0
Atto 3,BYD,5000.0,7000.0,8000.0,50.0,36.17,12.5,1250.0,1250,6500.0,8000.0
Seltos,Kia,5500.0,7500.0,8500.0,80.0,21.7,20.0,1375.0,1400,7280.0,8960.0
BMW 2 Series,BMW,5500.0,7500.0,8500.0,80.0,21.7,20.0,1375.0,1400,7280.0,8960.0
Celerio,Suzuki,4500.0,5500.0,8000.0,100.0,21.7,25.0,1125.0,1150,5980.0,7360.0
BYD Dolphin,BYD,4500.0,5500.0,8000.0,50.0,21.7,12.5,1125.0,1150,5980.0,7360.0
Brezza,Suzuki,5500.0,7500.0,8500.0,80.0,21.7,20.0,1375.0,1400,7280.0,8960.0
Tata Nexon,Tata,5500.0,7500.0,8500.0,80.0,21.7,20.0,1375.0,1400,7280.0,8960.0
Nissan Leaf,Nissan,5000.0,6500.0,8000.0,80.0,21.7,20.0,1250.0,1250,6500.0,8000.0
Punch,Tata,5000.0,7000.0,8000.0,50.0,36.17,12.5,1250.0,1250,6500.0,8000.0
Tata Nexon EV,Tata,5000.0,7000.0,8000.0,50.0,36.17,12.5,1250.0,1250,6500.0,8000.0
Mahindra Scorpio,Mahindra,7500.0,8000.0,8000.0,50.0,19.73,12.5,1875.0,1900,9880.0,12160.0
Sportage,Kia,5500.0,7500.0,8500.0,80.0,21.7,20.0,1375.0,1400,7280.0,8960.0
Xcent,Hyundai,4500.0,5500.0,8000.0,100.0,21.7,25.0,1125.0,1150,5980.0,7360.0
Tata Tiago EV,Tata,4500.0,5500.0,8000.0,50.0,21.7,12.5,1125.0,1150,5980.0,7360.0
Kona,Hyundai,5500.0,7500.0,8500.0,80.0,21.7,20.0,1375.0,1400,7280.0,8960.0
Mahindra Scorpio,Mahindra,7500.0,8000.0,8000.0,50.0,19.73,12.5,1875.0,1900,9880.0,12160.0
EECO CARGO,Suzuki,4500.0,6500.0,6500.0,100.0,21.7,25.0,1125.0,1150,5980.0,7360.0
DZIRE,Suzuki,4500.0,5500.0,8000.0,100.0,21.7,25.0,1125.0,1150,5980.0,7360.0
Tata 1512 Supper Deluxe,Tata,6000.0,12000.0,12000.0,50.0,21.7,12.5,1500.0,1500,7800.0,9600.0
Tata 1512 Supper Deluxe,Tata,6000.0,12000.0,12000.0,50.0,21.7,12.5,1500.0,1500,7800.0,9600.0
230T Lux S,Omoda,5000.0,7000.0,8000.0,50.0,36.17,12.5,1250.0,1250,6500.0,8000.0
Mahindra Scorpio,Mahindra,7500.0,8000.0,8000.0,50.0,19.73,12.5,1875.0,1900,9880.0,12160.0
Tata Tiago EV,Tata,4500.0,5500.0,8000.0,50.0,21.7,12.5,1125.0,1150,5980.0,7360.0
DZIRE,Suzuki,4500.0,5500.0,8000.0,100.0,21.7,25.0,1125.0,1150,5980.0,7360.0
Mahindra Scorpio,Mahindra,7500.0,8000.0,8000.0,50.0,19.73,12.5,1875.0,1900,9880.0,12160.0
Mahindra Scorpio,Mahindra,7500.0,8000.0,8000.0,50.0,19.73,12.5,1875.0,1900,9880.0,12160.0
KYC,KYC,5000.0,10000.0,10000.0,50.0,36.17,12.5,1250.0,1250,6500.0,8000.0
Seres - 3-Seres,Seres,4500.0,5500.0,8000.0,50.0,21.7,12.5,1125.0,1150,5980.0,7360.0
TATA Tiago,Tata,6000.0,9000.0,10000.0,100.0,21.7,25.0,1500.0,1500,7800.0,9600.0
Suzuki Ciaz 2015,Suzuki,5000.0,6500.0,8000.0,80.0,21.7,20.0,1250.0,1250,6500.0,8000.0
Citroen,Citroen,5500.0,7500.0,8500.0,80.0,21.7,20.0,1375.0,1400,7280.0,8960.0
BYD Dolphin,BYD,4500.0,5500.0,8000.0,50.0,1.3,12.5,1125.0,1150,5980.0,7360.0
Citroen,Citroen,5500.0,7500.0,8500.0,80.0,21.7,20.0,1375.0,1400,7280.0,8960.0
Tata Safari,Tata,7500.0,8000.0,8000.0,50.0,19.73,12.5,1875.0,1900,9880.0,12160.0
Scorpio,Mahindra,7500.0,8000.0,8000.0,100.0,21.7,25.0,1875.0,1900,9880.0,12160.0
Anugraha,Unknown,5000.0,6500.0,8000.0,100.0,21.7,25.0,1250.0,1250,6500.0,8000.0
Skoda,Skoda,5000.0,6500.0,8000.0,80.0,21.7,20.0,1250.0,1250,6500.0,8000.0
Suzuki Dzier 2009,Suzuki,5000.0,6500.0,8000.0,80.0,21.7,20.0,1250.0,1250,6500.0,8000.0
Suzuki sx4,Suzuki,5000.0,6500.0,8000.0,80.0,21.7,20.0,1250.0,1250,6500.0,8000.0
Tata Nexon,Tata,5000.0,7000.0,8000.0,50.0,36.17,12.5,1250.0,1250,6500.0,8000.0
Citroen,Citroen,5500.0,7500.0,8500.0,80.0,21.7,20.0,1375.0,1400,7280.0,8960.0
Tata Nexon,Tata,5000.0,7000.0,8000.0,50.0,36.17,12.5,1250.0,1250,6500.0,8000.0
Scorpio,Mahindra,7500.0,8000.0,8000.0,50.0,19.73,12.5,1875.0,1900,9880.0,12160.0
