vehicle_id	vehicle_name	manufacturer	manufacture_year	vehicle_age	fuel_type	price_4hr	price_8hr	price_1day	max_km_4hr	max_km_8hr	max_km_1day	extra_km_price	fuel_cost_per_km	vehicle_url	price_per_hr_4hr	price_per_hr_8hr	price_per_hr_day
1	ALTO				cost	4500	5500	8000	5500	210	210	0	21.7	https://sajilorental.com/vehicle/1	1125	687.5	333.3333333
2	Sorento				cost	5000	6500	8000	80	150	190	0	21.7	https://sajilorental.com/vehicle/2	1250	812.5	333.3333333
3	Mahindra Scorpio	Mahindra			cost	7500	8000	8000	50	100	200	0	19.73	https://sajilorental.com/vehicle/3	1875	1000	333.3333333
4	Toyota New Hiace	Toyota			cost	5000	10000	10000	50	100	200	0	21.7	https://sajilorental.com/vehicle/4	1250	1250	416.6666667
5	Maruti Suzuki	Suzuki			cost	5000	6500	8000	80	150	190	0	21.7	https://sajilorental.com/vehicle/5	1250	812.5	333.3333333
7	Toyota Land Cruiser	Toyota			cost	6000	9000	10000	80	150	190	0	21.7	https://sajilorental.com/vehicle/7	1500	1125	416.6666667
8	Nissan Van	Nissan			cost	0	0	0	100	210	210	0	21.7	https://sajilorental.com/vehicle/8	0	0	0
9	Aspire				cost	5000	6500	8000	80	150	190	0	21.7	https://sajilorental.com/vehicle/9	1250	812.5	333.3333333
10	Mahindra Scorpio	Mahindra			cost	7500	8000	8000	50	100	200	0	19.73	https://sajilorental.com/vehicle/10	1875	1000	333.3333333
11	Toyota Land Cruiser	Toyota			cost	6000	9000	10000	80	150	190	0	21.7	https://sajilorental.com/vehicle/11	1500	1125	416.6666667
12	Tata 1512 Supper Deluxe	Tata			cost	6000	12000	12000	50	100	200	0	21.7	https://sajilorental.com/vehicle/12	1500	1500	500
15	Suzuki Wagoner	Suzuki			cost	4500	5500	8000	5500	210	210	0	21.7	https://sajilorental.com/vehicle/15	1125	687.5	333.3333333
16	WAGONR				cost	5000	6500	8000	80	150	190	0	21.7	https://sajilorental.com/vehicle/16	1250	812.5	333.3333333
17	Toyota Land Cruiser	Toyota			cost	6000	9000	10000	80	150	190	0	21.7	https://sajilorental.com/vehicle/17	1500	1125	416.6666667
18	Mahindra Scorpio	Mahindra			cost	7500	8000	8000	50	100	200	0	19.73	https://sajilorental.com/vehicle/18	1875	1000	333.3333333
20	Mahindra Bolero Pickup	Mahindra			cost	0	0	0	100	210	210	0	21.7	https://sajilorental.com/vehicle/20	0	0	0
22	Sonet				cost	5500	7500	8500	80	100	190	0	21.7	https://sajilorental.com/vehicle/22	1375	937.5	354.1666667
23	KYC				cost	5000	10000	10000	50	100	200	0	21.7	https://sajilorental.com/vehicle/23	1250	1250	416.6666667
24	Maruti Suzuki	Suzuki			cost	4500	6500	6500	100	150	180	0	21.7	https://sajilorental.com/vehicle/24	1125	812.5	270.8333333
25	Maruti Suzuki	Suzuki			cost	4500	6500	6500	100	150	180	0	21.7	https://sajilorental.com/vehicle/25	1125	812.5	270.8333333
26	Ecosport				cost	5500	7500	8500	80	100	190	0	21.7	https://sajilorental.com/vehicle/26	1375	937.5	354.1666667
27	Maruti Suzuki	Suzuki			cost	4500	6500	6500	100	150	180	0	21.7	https://sajilorental.com/vehicle/27	1125	812.5	270.8333333
28	Mahindra Scorpio	Mahindra			cost	7500	8000	8000	50	100	200	0	19.73	https://sajilorental.com/vehicle/28	1875	1000	333.3333333
29	Maruti Suzuki	Suzuki			cost	4500	5500	8000	5500	210	210	0	21.7	https://sajilorental.com/vehicle/29	1125	687.5	333.3333333
31	Mahindra Scorpio	Mahindra			cost	7500	8000	8000	50	100	200	0	19.73	https://sajilorental.com/vehicle/31	1875	1000	333.3333333
32	Isuzu V-CROSS	ISUZU			cost	4500	8000	8000	50	100	200	0	21.7	https://sajilorental.com/vehicle/32	1125	1000	333.3333333
33	Tata Nexon	Tata			cost	5500	7500	8500	80	100	190	0	21.7	https://sajilorental.com/vehicle/33	1375	937.5	354.1666667
34	Mahindra Scorpio	Mahindra			cost	7500	8000	8000	50	100	200	0	19.73	https://sajilorental.com/vehicle/34	1875	1000	333.3333333
35	Duster				cost	5500	7500	8500	80	100	190	0	21.7	https://sajilorental.com/vehicle/35	1375	937.5	354.1666667
36	Figo				cost	4500	5500	8000	100	210	210	0	21.7	https://sajilorental.com/vehicle/36	1125	687.5	333.3333333
37	Mahindra Scorpio	Mahindra			cost	7500	8000	8000	50	100	200	0	19.73	https://sajilorental.com/vehicle/37	1875	1000	333.3333333
38	Honda BRV	Honda			cost	5500	7500	8500	80	100	190	0	21.7	https://sajilorental.com/vehicle/38	1375	937.5	354.1666667
39	Mahindra Scorpio	Mahindra			cost	7500	8000	8000	50	100	200	0	19.73	https://sajilorental.com/vehicle/39	1875	1000	333.3333333
40	Tata 1512 Supper Deluxe	Tata			cost	6000	12000	12000	50	100	200	0	21.7	https://sajilorental.com/vehicle/40	1500	1500	500
41	Mahindra Scorpio	Mahindra			cost	7500	8000	8000	50	100	200	0	19.73	https://sajilorental.com/vehicle/41	1875	1000	333.3333333
42	Figo				cost	4500	5500	8000	100	210	210	0	21.7	https://sajilorental.com/vehicle/42	1125	687.5	333.3333333
43	Grand Carnival				cost	5000	6500	8000	80	150	190	0	21.7	https://sajilorental.com/vehicle/43	1250	812.5	333.3333333
44	Toyota Rav-4	Toyota			cost	5500	7500	8500	80	100	190	0	21.7	https://sajilorental.com/vehicle/44	1375	937.5	354.1666667
47	Chevrolet Aveo	Chevrolet			cost	5000	6500	8000	80	150	190	0	21.7	https://sajilorental.com/vehicle/47	1250	812.5	333.3333333
48	EECO CARGO				cost	4500	6500	6500	100	150	180	0	21.7	https://sajilorental.com/vehicle/48	1125	812.5	270.8333333
49	Mahindra Scorpio	Mahindra			cost	7500	8000	8000	50	100	200	0	19.73	https://sajilorental.com/vehicle/49	1875	1000	333.3333333
50	Maruti Suzuki	Suzuki			cost	5000	6500	8000	80	150	190	0	21.7	https://sajilorental.com/vehicle/50	1250	812.5	333.3333333
52	Mahindra Scorpio	Mahindra			cost	7500	8000	8000	50	100	200	0	19.73	https://sajilorental.com/vehicle/52	1875	1000	333.3333333
53	RAPID				cost	5500	7500	8500	80	100	190	0	21.7	https://sajilorental.com/vehicle/53	1375	937.5	354.1666667
54	Mahindra Scorpio	Mahindra			cost	7500	8000	8000	50	100	200	0	19.73	https://sajilorental.com/vehicle/54	1875	1000	333.3333333
55	BMW 2 Series	BMW			cost	5000	6500	8000	80	150	190	0	21.7	https://sajilorental.com/vehicle/55	1250	812.5	333.3333333
56	Tata Nexon	Tata			cost	5500	7500	8500	80	100	190	0	21.7	https://sajilorental.com/vehicle/56	1375	937.5	354.1666667
57	Nissan Magnite	Nissan			cost	5500	7500	8500	80	100	190	0	21.7	https://sajilorental.com/vehicle/57	1375	937.5	354.1666667
60	Hyundai Creta 2016	Hyundai	2016	10	cost	5500	7500	8500	80	100	190	0	21.7	https://sajilorental.com/vehicle/60	1375	937.5	354.1666667
61	Tata Nexon EV	Tata			cost	5000	7000	8000	50	100	200	0	36.17	https://sajilorental.com/vehicle/61	1250	875	333.3333333
62	Mahindra Scorpio	Mahindra			cost	7500	8000	8000	50	100	200	0	19.73	https://sajilorental.com/vehicle/62	1875	1000	333.3333333
63	DZIRE				cost	4500	5500	8000	100	210	210	0	21.7	https://sajilorental.com/vehicle/63	1125	687.5	333.3333333
64	Classic				cost	5000	6500	8000	80	150	190	0	21.7	https://sajilorental.com/vehicle/64	1250	812.5	333.3333333
65	Mahindra Bolero Pickup	Mahindra			cost	0	0	0	100	210	210	0	21.7	https://sajilorental.com/vehicle/65	0	0	0
66	Mahindra Scorpio	Mahindra			cost	7500	8000	8000	50	100	200	0	19.73	https://sajilorental.com/vehicle/66	1875	1000	333.3333333
67	Tata 1512 Supper Deluxe	Tata			cost	6000	12000	12000	50	100	200	0	21.7	https://sajilorental.com/vehicle/67	1500	1500	500
68	Figo				cost	4500	5500	8000	100	210	210	0	21.7	https://sajilorental.com/vehicle/68	1125	687.5	333.3333333
69	Mahindra Scorpio	Mahindra			cost	7500	8000	8000	50	100	200	0	19.73	https://sajilorental.com/vehicle/69	1875	1000	333.3333333
71	DZIRE				cost	4500	5500	8000	100	210	210	0	21.7	https://sajilorental.com/vehicle/71	1125	687.5	333.3333333
72	EECO CARGO				cost	0	0	0	100	210	210	0	21.7	https://sajilorental.com/vehicle/72	0	0	0
73	Mahindra Scorpio	Mahindra			cost	7500	8000	8000	50	100	200	0	19.73	https://sajilorental.com/vehicle/73	1875	1000	333.3333333
74	Toyota New Hiace	Toyota			cost	5000	10000	10000	50	100	200	0	21.7	https://sajilorental.com/vehicle/74	1250	1250	416.6666667
75	Toyota New Hiace	Toyota			cost	5000	10000	10000	50	100	200	0	21.7	https://sajilorental.com/vehicle/75	1250	1250	416.6666667
76	Mahindra Scorpio	Mahindra			cost	7500	8000	8000	50	100	200	0	19.73	https://sajilorental.com/vehicle/76	1875	1000	333.3333333
77	Tata 1512 Supper Deluxe	Tata			cost	6000	12000	12000	50	100	200	0	21.7	https://sajilorental.com/vehicle/77	1500	1500	500
78	Mahindra Scorpio	Mahindra			cost	7500	8000	8000	50	100	200	0	19.73	https://sajilorental.com/vehicle/78	1875	1000	333.3333333
79	Mahindra Scorpio	Mahindra			cost	7500	8000	8000	50	100	200	0	19.73	https://sajilorental.com/vehicle/79	1875	1000	333.3333333
80	Toyata LX				cost	5500	7500	8500	80	100	190	0	21.7	https://sajilorental.com/vehicle/80	1375	937.5	354.1666667
81	EECO CARGO				cost	4500	6500	6500	100	150	180	0	21.7	https://sajilorental.com/vehicle/81	1125	812.5	270.8333333
82	Mahindra Scorpio	Mahindra			cost	7500	8000	8000	50	100	200	0	19.73	https://sajilorental.com/vehicle/82	1875	1000	333.3333333
83	Mahindra Scorpio	Mahindra			cost	7500	8000	8000	50	100	200	0	19.73	https://sajilorental.com/vehicle/83	1875	1000	333.3333333
84	Mahindra Scorpio	Mahindra			cost	7500	8000	8000	50	100	200	0	19.73	https://sajilorental.com/vehicle/84	1875	1000	333.3333333
85	Mahindra Scorpio	Mahindra			cost	7500	8000	8000	50	100	200	0	19.73	https://sajilorental.com/vehicle/85	1875	1000	333.3333333
86	Nissan GT-R	Nissan			cost	5000	6500	8000	80	150	190	0	21.7	https://sajilorental.com/vehicle/86	1250	812.5	333.3333333
88	Nissan Kicks	Nissan			cost	5500	7500	8500	80	100	190	0	21.7	https://sajilorental.com/vehicle/88	1375	937.5	354.1666667
89	Tata Yodha Pickup	Tata			cost	0	0	0	100	210	210	0	21.7	https://sajilorental.com/vehicle/89	0	0	0
90	Mahindra Bolero Pickup	Mahindra			cost	0	0	0	100	210	210	0	21.7	https://sajilorental.com/vehicle/90	0	0	0
91	ALTO				cost	4500	5500	8000	5500	210	210	0	21.7	https://sajilorental.com/vehicle/91	1125	687.5	333.3333333
92	Tata 1512 Supper Deluxe	Tata			cost	6000	12000	12000	50	100	200	0	21.7	https://sajilorental.com/vehicle/92	1500	1500	500
93	Mahindra Scorpio	Mahindra			cost	7500	8000	8000	50	100	200	0	19.73	https://sajilorental.com/vehicle/93	1875	1000	333.3333333
94	DZIRE				cost	4500	5500	8000	100	210	210	0	21.7	https://sajilorental.com/vehicle/94	1125	687.5	333.3333333
95	Datsun New GO	Datsun			cost	5000	6500	8000	80	150	190	0	21.7	https://sajilorental.com/vehicle/95	1250	812.5	333.3333333
96	Tata Tiago EV	Tata			cost	4500	5500	8000	50	200	200	0	21.7	https://sajilorental.com/vehicle/96	1125	687.5	333.3333333
97	Maruti Suzuki	Suzuki			cost	5000	6500	8000	80	150	190	0	21.7	https://sajilorental.com/vehicle/97	1250	812.5	333.3333333
98	ALTO				cost	4500	5500	8000	5500	210	210	0	21.7	https://sajilorental.com/vehicle/98	1125	687.5	333.3333333
99	Tata 1512 Supper Deluxe	Tata			cost	6000	12000	12000	50	100	200	0	21.7	https://sajilorental.com/vehicle/99	1500	1500	500
100	Mitsubishi Eclipse Cross	MITSUBISHI			cost	5000	6500	8000	80	150	190	0	21.7	https://sajilorental.com/vehicle/100	1250	812.5	333.3333333
101	Tata 1512 Supper Deluxe	Tata			cost	6000	12000	12000	50	100	200	0	21.7	https://sajilorental.com/vehicle/101	1500	1500	500
102	Tata Nexon	Tata			cost	5500	7500	8500	80	100	190	0	21.7	https://sajilorental.com/vehicle/102	1375	937.5	354.1666667
103	Mahindra Bolero Pickup	Mahindra			cost	0	0	0	100	210	210	0	21.7	https://sajilorental.com/vehicle/103	0	0	0
104	Maruti Suzuki	Suzuki			cost	5000	6500	8000	80	150	190	0	21.7	https://sajilorental.com/vehicle/104	1250	812.5	333.3333333
105	Maruti Suzuki	Suzuki			cost	4500	5500	8000	100	210	210	0	21.7	https://sajilorental.com/vehicle/105	1125	687.5	333.3333333
106	207 DI				cost	0	0	0	100	210	210	0	21.7	https://sajilorental.com/vehicle/106	0	0	0
108	TATA XENON	Tata			cost	4500	8000	8000	50	100	200	0	21.7	https://sajilorental.com/vehicle/108	1125	1000	333.3333333
109	KAROQ				cost	5000	6500	8000	80	150	190	0	21.7	https://sajilorental.com/vehicle/109	1250	812.5	333.3333333
110	Mahindra Bolero Pickup	Mahindra			cost	0	0	0	100	210	210	0	21.7	https://sajilorental.com/vehicle/110	0	0	0
111	WAGONR				cost	5000	6500	8000	80	150	190	0	21.7	https://sajilorental.com/vehicle/111	1250	812.5	333.3333333
112	DZIRE				cost	4500	5500	8000	100	210	210	0	21.7	https://sajilorental.com/vehicle/112	1125	687.5	333.3333333
113	Maruti Suzuki	Suzuki			cost	4500	6500	6500	100	150	180	0	21.7	https://sajilorental.com/vehicle/113	1125	812.5	270.8333333
114	Santro				cost	4500	5500	8000	5500	210	210	0	21.7	https://sajilorental.com/vehicle/114	1125	687.5	333.3333333
115	Mahindra Bolero Pickup	Mahindra			cost	0	0	0	100	210	210	0	21.7	https://sajilorental.com/vehicle/115	0	0	0
116	Mahindra Scorpio	Mahindra			cost	7500	8000	8000	50	100	200	0	19.73	https://sajilorental.com/vehicle/116	1875	1000	333.3333333
117	Sportage				cost	5500	7500	8500	80	100	190	0	21.7	https://sajilorental.com/vehicle/117	1375	937.5	354.1666667
118	Mahindra Scorpio	Mahindra			cost	7500	8000	8000	50	100	200	0	19.73	https://sajilorental.com/vehicle/118	1875	1000	333.3333333
119	MG ZS				cost	5500	7500	8500	80	100	190	0	21.7	https://sajilorental.com/vehicle/119	1375	937.5	354.1666667
120	BMW 2 Series	BMW			cost	5000	6500	8000	80	150	190	0	21.7	https://sajilorental.com/vehicle/120	1250	812.5	333.3333333
121	SUPER CARRY PICK-UP VAN				cost	4500	6500	6500	100	150	180	0	21.7	https://sajilorental.com/vehicle/121	1125	812.5	270.8333333
122	Mahindra Scorpio	Mahindra			cost	7500	8000	8000	50	100	200	0	19.73	https://sajilorental.com/vehicle/122	1875	1000	333.3333333
123	ALTO				cost	4500	5500	8000	5500	210	210	0	21.7	https://sajilorental.com/vehicle/123	1125	687.5	333.3333333
124	Mahindra Scorpio	Mahindra			cost	7500	8000	8000	50	100	200	0	19.73	https://sajilorental.com/vehicle/124	1875	1000	333.3333333
125	Tata 1512 Supper Deluxe	Tata			cost	6000	12000	12000	50	100	200	0	21.7	https://sajilorental.com/vehicle/125	1500	1500	500
126	Maruti Suzuki	Suzuki			cost	4500	6500	6500	100	150	180	0	21.7	https://sajilorental.com/vehicle/126	1125	812.5	270.8333333
127	Maruti Suzuki	Suzuki			cost	4500	6500	6500	100	150	180	0	21.7	https://sajilorental.com/vehicle/127	1125	812.5	270.8333333
128	Mahindra Scorpio	Mahindra			cost	7500	8000	8000	50	100	200	0	19.73	https://sajilorental.com/vehicle/128	1875	1000	333.3333333
129	Tata Safari	Tata			cost	6000	9000	10000	80	150	190	0	21.7	https://sajilorental.com/vehicle/129	1500	1125	416.6666667
130	Santro				cost	4500	5500	8000	5500	210	210	0	21.7	https://sajilorental.com/vehicle/130	1125	687.5	333.3333333
131	Datsun Redi GO	Datsun			cost	4500	5500	8000	5500	210	210	0	21.7	https://sajilorental.com/vehicle/131	1125	687.5	333.3333333
132	Mahindra Scorpio	Mahindra			cost	7500	8000	8000	50	100	200	0	19.73	https://sajilorental.com/vehicle/132	1875	1000	333.3333333
133	Mahindra Scorpio	Mahindra			cost	7500	8000	8000	50	100	200	0	19.73	https://sajilorental.com/vehicle/133	1875	1000	333.3333333
134	Mahindra Scorpio	Mahindra			cost	7500	8000	8000	50	100	200	0	19.73	https://sajilorental.com/vehicle/134	1875	1000	333.3333333
135	Micra				cost	4500	6500	6500	100	150	180	0	21.7	https://sajilorental.com/vehicle/135	1125	812.5	270.8333333
137	Santro				cost	4500	5500	8000	5500	210	210	0	21.7	https://sajilorental.com/vehicle/137	1125	687.5	333.3333333
138	Mahindra Scorpio	Mahindra			cost	7500	8000	8000	50	100	200	0	19.73	https://sajilorental.com/vehicle/138	1875	1000	333.3333333
139	Brezza				cost	5500	7500	8500	80	100	190	0	21.7	https://sajilorental.com/vehicle/139	1375	937.5	354.1666667
140	Datsun New GO	Datsun			cost	5000	6500	8000	80	150	190	0	21.7	https://sajilorental.com/vehicle/140	1250	812.5	333.3333333
143	Toyota New Hiace	Toyota			cost	5000	10000	10000	50	100	200	0	21.7	https://sajilorental.com/vehicle/143	1250	1250	416.6666667
144	Santro				cost	4500	5500	8000	5500	210	210	0	21.7	https://sajilorental.com/vehicle/144	1125	687.5	333.3333333
145	Mahindra Scorpio	Mahindra			cost	7500	8000	8000	50	100	200	0	19.73	https://sajilorental.com/vehicle/145	1875	1000	333.3333333
146	Seltos				cost	5500	7500	8500	80	100	190	0	21.7	https://sajilorental.com/vehicle/146	1375	937.5	354.1666667
147	Mahindra Scorpio	Mahindra			cost	7500	8000	8000	50	100	200	0	19.73	https://sajilorental.com/vehicle/147	1875	1000	333.3333333
148	Mahindra Scorpio	Mahindra			cost	7500	8000	8000	50	100	200	0	19.73	https://sajilorental.com/vehicle/148	1875	1000	333.3333333
149	Tata 1512 Supper Deluxe	Tata			cost	6000	12000	12000	50	100	200	0	21.7	https://sajilorental.com/vehicle/149	1500	1500	500
150	BYD Dolphin	BYD			cost	4500	5500	8000	50	200	200	0	21.7	https://sajilorental.com/vehicle/150	1125	687.5	333.3333333
151	Mahindra Scorpio	Mahindra			cost	7500	8000	8000	50	100	200	0	19.73	https://sajilorental.com/vehicle/151	1875	1000	333.3333333
152	Mahindra Scorpio	Mahindra			cost	7500	8000	8000	50	100	200	0	19.73	https://sajilorental.com/vehicle/152	1875	1000	333.3333333
153	Brezza				cost	5500	7500	8500	80	100	190	0	21.7	https://sajilorental.com/vehicle/153	1375	937.5	354.1666667
154	Tata 1512 Supper Deluxe	Tata			cost	6000	12000	12000	50	100	200	0	21.7	https://sajilorental.com/vehicle/154	1500	1500	500
155	Ignis				cost	5000	6500	8000	80	150	190	0	21.7	https://sajilorental.com/vehicle/155	1250	812.5	333.3333333
156	Maruti Suzuki	Suzuki			cost	5000	6500	8000	80	150	190	0	21.7	https://sajilorental.com/vehicle/156	1250	812.5	333.3333333
157	Toyota New Hiace	Toyota			cost	5000	10000	10000	50	100	200	0	21.7	https://sajilorental.com/vehicle/157	1250	1250	416.6666667
158	Mahindra Scorpio	Mahindra			cost	7500	8000	8000	50	100	200	0	19.73	https://sajilorental.com/vehicle/158	1875	1000	333.3333333
159	Tata Tiago	Tata			cost	5000	6500	8000	80	150	190	0	21.7	https://sajilorental.com/vehicle/159	1250	812.5	333.3333333
160	Mahindra Scorpio	Mahindra			cost	7500	8000	8000	50	100	200	0	19.73	https://sajilorental.com/vehicle/160	1875	1000	333.3333333
161	Isuzu D-Max	ISUZU			cost	4500	8000	8000	50	100	200	0	21.7	https://sajilorental.com/vehicle/161	1125	1000	333.3333333
162	RAPID				cost	4500	5500	8000	100	210	210	0	21.7	https://sajilorental.com/vehicle/162	1125	687.5	333.3333333
163	TATA XENON	Tata			cost	0	0	0	100	210	210	0	21.7	https://sajilorental.com/vehicle/163	0	0	0
164	Brezza				cost	5500	7500	8500	80	100	190	0	21.7	https://sajilorental.com/vehicle/164	1375	937.5	354.1666667
165	Toyota New Hiace	Toyota			cost	5000	10000	10000	50	100	200	0	21.7	https://sajilorental.com/vehicle/165	1250	1250	416.6666667
166	Tata 1512 Supper Deluxe	Tata			cost	6000	12000	12000	50	100	200	0	21.7	https://sajilorental.com/vehicle/166	1500	1500	500
167	Seltos				cost	5500	7500	8500	80	100	190	0	21.7	https://sajilorental.com/vehicle/167	1375	937.5	354.1666667
168	Mahindra Scorpio	Mahindra			cost	7500	8000	8000	50	100	200	0	19.73	https://sajilorental.com/vehicle/168	1875	1000	333.3333333
169	Tata 1512 Supper Deluxe	Tata			cost	6000	12000	12000	50	100	200	0	21.7	https://sajilorental.com/vehicle/169	1500	1500	500
170	Mahindra Scorpio	Mahindra			cost	7500	8000	8000	50	100	200	0	19.73	https://sajilorental.com/vehicle/170	1875	1000	333.3333333
171	Tata 1512 Supper Deluxe	Tata			cost	6000	12000	12000	50	100	200	0	21.7	https://sajilorental.com/vehicle/171	1500	1500	500
172	Santro				cost	4500	5500	8000	5500	210	210	0	21.7	https://sajilorental.com/vehicle/172	1125	687.5	333.3333333
173	Scorpio				cost	7500	8000	8000	50	100	200	0	20.45	https://sajilorental.com/vehicle/173	1875	1000	333.3333333
174	Mahindra Scorpio	Mahindra			cost	7500	8000	8000	50	100	200	0	19.73	https://sajilorental.com/vehicle/174	1875	1000	333.3333333
175	Mahindra Bolero Pickup	Mahindra			cost	4500	8000	8000	50	100	200	0	21.7	https://sajilorental.com/vehicle/175	1125	1000	333.3333333
176	Mahindra Scorpio	Mahindra			cost	7500	8000	8000	50	100	200	0	19.73	https://sajilorental.com/vehicle/176	1875	1000	333.3333333
177	Tata Safari	Tata			cost	0	0	0	100	210	210	0	21.7	https://sajilorental.com/vehicle/177	0	0	0
178	SHEPHIA				cost	5000	6500	8000	80	150	190	0	21.7	https://sajilorental.com/vehicle/178	1250	812.5	333.3333333
179	Toyota New Hiace	Toyota			cost	5000	10000	10000	50	100	200	0	21.7	https://sajilorental.com/vehicle/179	1250	1250	416.6666667
180	Toyota Etios	Toyota			cost	5000	6500	8000	80	150	190	0	21.7	https://sajilorental.com/vehicle/180	1250	812.5	333.3333333
181	RAPID				cost	4500	5500	8000	100	210	210	0	21.7	https://sajilorental.com/vehicle/181	1125	687.5	333.3333333
182	SUPER CARRY PICK-UP VAN				cost	0	0	0	100	210	210	0	21.7	https://sajilorental.com/vehicle/182	0	0	0
183	Classic				cost	4500	5500	8000	100	210	210	0	21.7	https://sajilorental.com/vehicle/183	1125	687.5	333.3333333
184	Classic				cost	4500	5500	8000	100	210	210	0	21.7	https://sajilorental.com/vehicle/184	1125	687.5	333.3333333
185	Brezza				cost	5500	7500	8500	80	100	190	0	21.7	https://sajilorental.com/vehicle/185	1375	937.5	354.1666667
186	Tata 1512 Supper Deluxe	Tata			cost	6000	12000	12000	50	100	200	0	21.7	https://sajilorental.com/vehicle/186	1500	1500	500
188	Mahindra Scorpio	Mahindra			cost	7500	8000	8000	50	100	200	0	19.73	https://sajilorental.com/vehicle/188	1875	1000	333.3333333
189	Mahindra Bolero Pickup	Mahindra			cost	0	0	0	100	210	210	0	21.7	https://sajilorental.com/vehicle/189	0	0	0
190	Mahindra Bolero Pickup	Mahindra			cost	4500	8000	8000	50	100	200	0	21.7	https://sajilorental.com/vehicle/190	1125	1000	333.3333333
191	Sonet				cost	5500	7500	8500	80	100	190	0	21.7	https://sajilorental.com/vehicle/191	1375	937.5	354.1666667
192	Mahindra Scorpio	Mahindra			cost	7500	8000	8000	50	100	200	0	19.73	https://sajilorental.com/vehicle/192	1875	1000	333.3333333
194	DZIRE				cost	4500	5500	8000	100	210	210	0	21.7	https://sajilorental.com/vehicle/194	1125	687.5	333.3333333
195	Mahindra Scorpio	Mahindra			cost	7500	8000	8000	50	100	200	0	19.73	https://sajilorental.com/vehicle/195	1875	1000	333.3333333
196	Mahindra Marazzo	Mahindra			cost	0	0	0	100	210	210	0	21.7	https://sajilorental.com/vehicle/196	0	0	0
197	Maruti Suzuki	Suzuki			cost	5000	6500	8000	80	150	190	0	21.7	https://sajilorental.com/vehicle/197	1250	812.5	333.3333333
198	ALTO				cost	4500	5500	8000	5500	210	210	0	21.7	https://sajilorental.com/vehicle/198	1125	687.5	333.3333333
199	Datsun Redi GO	Datsun			cost	5000	6500	8000	80	150	190	0	21.7	https://sajilorental.com/vehicle/199	1250	812.5	333.3333333
200	DZIRE				cost	4500	5500	8000	100	210	210	0	21.7	https://sajilorental.com/vehicle/200	1125	687.5	333.3333333
202	Toyota New Hiace	Toyota			cost	5000	10000	10000	50	100	200	0	21.7	https://sajilorental.com/vehicle/202	1250	1250	416.6666667
203	Toyota New Hiace	Toyota			cost	5000	10000	10000	50	100	200	0	21.7	https://sajilorental.com/vehicle/203	1250	1250	416.6666667
204	DZIRE				cost	4500	5500	8000	100	210	210	0	21.7	https://sajilorental.com/vehicle/204	1125	687.5	333.3333333
205	ALTO				cost	4500	5500	8000	5500	210	210	0	21.7	https://sajilorental.com/vehicle/205	1125	687.5	333.3333333
206	Mahindra Scorpio	Mahindra			cost	7500	8000	8000	50	100	200	0	19.73	https://sajilorental.com/vehicle/206	1875	1000	333.3333333
207	Mahindra Scorpio	Mahindra			cost	7500	8000	8000	50	100	200	0	19.73	https://sajilorental.com/vehicle/207	1875	1000	333.3333333
208	Mahindra Bolero Pickup	Mahindra			cost	0	0	0	100	210	210	0	21.7	https://sajilorental.com/vehicle/208	0	0	0
209	SUPER CARRY PICK-UP VAN				cost	0	0	0	100	210	210	0	21.7	https://sajilorental.com/vehicle/209	0	0	0
210	Toyota New Hiace	Toyota			cost	5000	10000	10000	50	100	200	0	21.7	https://sajilorental.com/vehicle/210	1250	1250	416.6666667
211	Mahindra Scorpio	Mahindra			cost	7500	8000	8000	50	100	200	0	19.73	https://sajilorental.com/vehicle/211	1875	1000	333.3333333
212	Nissan Sunny	Nissan			cost	5000	6500	8000	80	150	190	0	21.7	https://sajilorental.com/vehicle/212	1250	812.5	333.3333333
213	ALTO				cost	4500	5500	8000	5500	210	210	0	21.7	https://sajilorental.com/vehicle/213	1125	687.5	333.3333333
214	Sonet				cost	5500	7500	8500	80	100	190	0	21.7	https://sajilorental.com/vehicle/214	1375	937.5	354.1666667
215	Tata 1512 Supper Deluxe	Tata			cost	6000	12000	12000	50	100	200	0	21.7	https://sajilorental.com/vehicle/215	1500	1500	500
216	Toyota New Hiace	Toyota			cost	5000	10000	10000	50	100	200	0	21.7	https://sajilorental.com/vehicle/216	1250	1250	416.6666667
217	SUPER CARRY PICK-UP VAN				cost	4500	6500	6500	100	150	180	0	21.7	https://sajilorental.com/vehicle/217	1125	812.5	270.8333333
218	RAPID				cost	4500	5500	8000	100	210	210	0	21.7	https://sajilorental.com/vehicle/218	1125	687.5	333.3333333
220	Alto				cost	4500	5500	8000	5500	210	210	0	21.7	https://sajilorental.com/vehicle/220	1125	687.5	333.3333333
221	Mahindra Scorpio	Mahindra			cost	7500	8000	8000	50	100	200	0	19.73	https://sajilorental.com/vehicle/221	1875	1000	333.3333333
222	Mahindra Scorpio	Mahindra			cost	7500	8000	8000	50	100	200	0	19.73	https://sajilorental.com/vehicle/222	1875	1000	333.3333333
223	Tata 1512 Supper Deluxe	Tata			cost	6000	12000	12000	50	100	200	0	21.7	https://sajilorental.com/vehicle/223	1500	1500	500
224	Toyota Land Cruiser	Toyota			cost	6000	9000	10000	80	150	190	0	21.7	https://sajilorental.com/vehicle/224	1500	1125	416.6666667
225	Nissan Magnite	Nissan			cost	5500	7500	8500	80	100	190	0	21.7	https://sajilorental.com/vehicle/225	1375	937.5	354.1666667
226	Kwid				cost	5500	7500	8500	80	100	190	0	21.7	https://sajilorental.com/vehicle/226	1375	937.5	354.1666667
227	RAPID				cost	4500	5500	8000	100	210	210	0	21.7	https://sajilorental.com/vehicle/227	1125	687.5	333.3333333
228	Toyota New Hiace	Toyota			cost	5000	10000	10000	50	100	200	0	21.7	https://sajilorental.com/vehicle/228	1250	1250	416.6666667
229	Honda CRV	Honda			cost	4500	5500	8000	5500	210	210	0	21.7	https://sajilorental.com/vehicle/229	1125	687.5	333.3333333
230	Mahindra Scorpio	Mahindra			cost	7500	8000	8000	50	100	200	0	19.73	https://sajilorental.com/vehicle/230	1875	1000	333.3333333
231	SWIFT				cost	4500	5500	8000	5500	210	210	0	21.7	https://sajilorental.com/vehicle/231	1125	687.5	333.3333333
232	Tata Tiago EV	Tata			cost	4500	5500	8000	50	200	200	0	21.7	https://sajilorental.com/vehicle/232	1125	687.5	333.3333333
233	Brezza				cost	5500	7500	8500	80	100	190	0	21.7	https://sajilorental.com/vehicle/233	1375	937.5	354.1666667
234	Mahindra Scorpio	Mahindra			cost	7500	8000	8000	50	100	200	0	19.73	https://sajilorental.com/vehicle/234	1875	1000	333.3333333
235	Mahindra Scorpio	Mahindra			cost	7500	8000	8000	50	100	200	0	19.73	https://sajilorental.com/vehicle/235	1875	1000	333.3333333
236	Maruti Suzuki	Suzuki			cost	4500	6500	6500	100	150	180	0	21.7	https://sajilorental.com/vehicle/236	1125	812.5	270.8333333
237	RAPID				cost	4500	5500	8000	100	210	210	0	21.7	https://sajilorental.com/vehicle/237	1125	687.5	333.3333333
238	Ecosport				cost	5500	7500	8500	80	100	190	0	21.7	https://sajilorental.com/vehicle/238	1375	937.5	354.1666667
239	Mahindra Scorpio	Mahindra			cost	7500	8000	8000	50	100	200	0	19.73	https://sajilorental.com/vehicle/239	1875	1000	333.3333333
240	Ecosport				cost	5500	7500	8500	80	100	190	0	21.7	https://sajilorental.com/vehicle/240	1375	937.5	354.1666667
241	Toyota New Hiace	Toyota			cost	5000	10000	10000	50	100	200	0	21.7	https://sajilorental.com/vehicle/241	1250	1250	416.6666667
242	Kwid				cost	5500	7500	8500	80	100	190	0	21.7	https://sajilorental.com/vehicle/242	1375	937.5	354.1666667
243	Mahindra Scorpio	Mahindra			cost	7500	8000	8000	50	100	200	0	19.73	https://sajilorental.com/vehicle/243	1875	1000	333.3333333
244	Venue				cost	5000	6500	8000	80	150	190	0	21.7	https://sajilorental.com/vehicle/244	1250	812.5	333.3333333
245	Linea				cost	5000	6500	8000	80	150	190	0	21.7	https://sajilorental.com/vehicle/245	1250	812.5	333.3333333
246	Mahindra Scorpio	Mahindra			cost	7500	8000	8000	50	100	200	0	19.73	https://sajilorental.com/vehicle/246	1875	1000	333.3333333
247	WAGONR				cost	5000	6500	8000	80	150	190	0	21.7	https://sajilorental.com/vehicle/247	1250	812.5	333.3333333
248	Mahindra Scorpio	Mahindra			cost	7500	8000	8000	50	100	200	0	19.73	https://sajilorental.com/vehicle/248	1875	1000	333.3333333
249	Seres - 3	Seres			cost	5000	7000	8000	50	100	200	0	36.17	https://sajilorental.com/vehicle/249	1250	875	333.3333333
250	Figo				cost	4500	5500	8000	100	210	210	0	21.7	https://sajilorental.com/vehicle/250	1125	687.5	333.3333333
251	Mahindra Scorpio	Mahindra			cost	7500	8000	8000	50	100	200	0	19.73	https://sajilorental.com/vehicle/251	1875	1000	333.3333333
252	Mahindra Scorpio	Mahindra			cost	7500	8000	8000	50	100	200	0	19.73	https://sajilorental.com/vehicle/252	1875	1000	333.3333333
253	EECO CARGO				cost	0	0	0	100	210	210	0	21.7	https://sajilorental.com/vehicle/253	0	0	0
254	NETA - V	NETA			cost	5000	7000	8000	50	100	200	0	36.17	https://sajilorental.com/vehicle/254	1250	875	333.3333333
255	EECO CARGO				cost	4500	6500	6500	100	150	180	0	21.7	https://sajilorental.com/vehicle/255	1125	812.5	270.8333333
256	Mahindra Scorpio	Mahindra			cost	7500	8000	8000	50	100	200	0	19.73	https://sajilorental.com/vehicle/256	1875	1000	333.3333333
258	Triber				cost	5500	7500	8500	80	100	190	0	21.7	https://sajilorental.com/vehicle/258	1375	937.5	354.1666667
259	Tucson				cost	7500	8000	8000	50	100	200	0	19.73	https://sajilorental.com/vehicle/259	1875	1000	333.3333333
261	Toyota New Hiace	Toyota			cost	5000	10000	10000	50	100	200	0	21.7	https://sajilorental.com/vehicle/261	1250	1250	416.6666667
262	Mahindra Bolero Pickup	Mahindra			cost	4500	8000	8000	50	100	200	0	21.7	https://sajilorental.com/vehicle/262	1125	1000	333.3333333
263	Classic				cost	5000	6500	8000	80	150	190	0	21.7	https://sajilorental.com/vehicle/263	1250	812.5	333.3333333
264	Grand i10				cost	4500	5500	8000	5500	210	210	0	21.7	https://sajilorental.com/vehicle/264	1125	687.5	333.3333333
266	Tata 1512 Supper Deluxe	Tata			cost	6000	12000	12000	50	100	200	0	21.7	https://sajilorental.com/vehicle/266	1500	1500	500
267	SWIFT				cost	4500	5500	8000	5500	210	210	0	21.7	https://sajilorental.com/vehicle/267	1125	687.5	333.3333333
268	Mahindra Scorpio	Mahindra			cost	7500	8000	8000	50	100	200	0	19.73	https://sajilorental.com/vehicle/268	1875	1000	333.3333333
269	Mahindra Scorpio	Mahindra			cost	7500	8000	8000	50	100	200	0	19.73	https://sajilorental.com/vehicle/269	1875	1000	333.3333333
270	Tata 1512 Supper Deluxe	Tata			cost	6000	12000	12000	50	100	200	0	21.7	https://sajilorental.com/vehicle/270	1500	1500	500
271	NETA - V	NETA			cost	5000	7000	8000	50	100	200	0	36.17	https://sajilorental.com/vehicle/271	1250	875	333.3333333
272	Accent				cost	4500	5500	8000	100	210	210	0	21.7	https://sajilorental.com/vehicle/272	1125	687.5	333.3333333
273	ALTO				cost	4500	5500	8000	5500	210	210	0	21.7	https://sajilorental.com/vehicle/273	1125	687.5	333.3333333
274	ALTO				cost	4500	5500	8000	5500	210	210	0	21.7	https://sajilorental.com/vehicle/274	1125	687.5	333.3333333
275	Toyota New Hiace	Toyota			cost	5000	10000	10000	50	100	200	0	21.7	https://sajilorental.com/vehicle/275	1250	1250	416.6666667
276	Nissan Magnite	Nissan			cost	5500	7500	8500	80	100	190	0	21.7	https://sajilorental.com/vehicle/276	1375	937.5	354.1666667
277	BALENO				cost	4500	5500	8000	5500	210	210	0	21.7	https://sajilorental.com/vehicle/277	1125	687.5	333.3333333
278	Honda Amaze	Honda			cost	4500	5500	8000	100	210	210	0	21.7	https://sajilorental.com/vehicle/278	1125	687.5	333.3333333
279	SUPER CARRY PICK-UP VAN				cost	4500	6500	6500	100	150	180	0	21.7	https://sajilorental.com/vehicle/279	1125	812.5	270.8333333
280	Celerio				cost	4500	5500	8000	5500	210	210	0	21.7	https://sajilorental.com/vehicle/280	1125	687.5	333.3333333
281	Grand i10				cost	4500	5500	8000	5500	210	210	0	21.7	https://sajilorental.com/vehicle/281	1125	687.5	333.3333333
282	Mahindra Scorpio	Mahindra			cost	7500	8000	8000	50	100	200	0	19.73	https://sajilorental.com/vehicle/282	1875	1000	333.3333333
283	Tucson				cost	7500	8000	8000	50	100	200	0	19.73	https://sajilorental.com/vehicle/283	1875	1000	333.3333333
284	Toyota New Hiace	Toyota			cost	5000	10000	10000	50	100	200	0	21.7	https://sajilorental.com/vehicle/284	1250	1250	416.6666667
285	Mahindra Scorpio	Mahindra			cost	7500	8000	8000	50	100	200	0	19.73	https://sajilorental.com/vehicle/285	1875	1000	333.3333333
286	Maruti Suzuki	Suzuki			cost	4500	6500	6500	100	150	180	0	21.7	https://sajilorental.com/vehicle/286	1125	812.5	270.8333333
287	Sumo				cost	7500	8000	8000	50	100	200	0	19.73	https://sajilorental.com/vehicle/287	1875	1000	333.3333333
288	Toyota New Hiace	Toyota			cost	5000	10000	10000	50	100	200	0	21.7	https://sajilorental.com/vehicle/288	1250	1250	416.6666667
289	Toyota New Hiace	Toyota			cost	5000	10000	10000	50	100	200	0	21.7	https://sajilorental.com/vehicle/289	1250	1250	416.6666667
290	Kiger				cost	5500	7500	8500	80	100	190	0	21.7	https://sajilorental.com/vehicle/290	1375	937.5	354.1666667
291	SWIFT				cost	4500	5500	8000	5500	210	210	0	21.7	https://sajilorental.com/vehicle/291	1125	687.5	333.3333333
292	Mahindra Scorpio	Mahindra			cost	7500	8000	8000	50	100	200	0	19.73	https://sajilorental.com/vehicle/292	1875	1000	333.3333333
293	Volkswagen Polo	Volkswagen			cost	5000	6500	8000	80	150	190	0	21.7	https://sajilorental.com/vehicle/293	1250	812.5	333.3333333
294	Mahindra Scorpio	Mahindra			cost	7500	8000	8000	50	100	200	0	19.73	https://sajilorental.com/vehicle/294	1875	1000	333.3333333
296	Mahindra Scorpio	Mahindra			cost	7500	8000	8000	50	100	200	0	19.73	https://sajilorental.com/vehicle/296	1875	1000	333.3333333
297	Mahindra Scorpio	Mahindra			cost	7500	8000	8000	50	100	200	0	19.73	https://sajilorental.com/vehicle/297	1875	1000	333.3333333
298	WAGONR				cost	5000	6500	8000	80	150	190	0	21.7	https://sajilorental.com/vehicle/298	1250	812.5	333.3333333
299	Mahindra Scorpio	Mahindra			cost	7500	8000	8000	50	100	200	0	19.73	https://sajilorental.com/vehicle/299	1875	1000	333.3333333
300	Mahindra Scorpio	Mahindra			cost	7500	8000	8000	50	100	200	0	19.73	https://sajilorental.com/vehicle/300	1875	1000	333.3333333
301	Toyota Etios	Toyota			cost	5000	6500	8000	80	150	190	0	21.7	https://sajilorental.com/vehicle/301	1250	812.5	333.3333333
303	MG ZS				cost	5000	7000	8000	50	100	200	0	36.17	https://sajilorental.com/vehicle/303	1250	875	333.3333333
304	Xcent				cost	5000	6500	8000	80	150	190	0	21.7	https://sajilorental.com/vehicle/304	1250	812.5	333.3333333
305	Seres - 3	Seres			cost	5000	7000	8000	50	100	200	0	36.17	https://sajilorental.com/vehicle/305	1250	875	333.3333333
306	Tata 1512 Supper Deluxe	Tata			cost	6000	12000	12000	50	100	200	0	21.7	https://sajilorental.com/vehicle/306	1500	1500	500
307	DZIRE				cost	4500	5500	8000	100	210	210	0	21.7	https://sajilorental.com/vehicle/307	1125	687.5	333.3333333
308	SWIFT				cost	4500	5500	8000	5500	210	210	0	21.7	https://sajilorental.com/vehicle/308	1125	687.5	333.3333333
309	Tata Safari	Tata			cost	0	0	0	100	210	210	0	21.7	https://sajilorental.com/vehicle/309	0	0	0
310	Mahindra Scorpio	Mahindra			cost	7500	8000	8000	50	100	200	0	19.73	https://sajilorental.com/vehicle/310	1875	1000	333.3333333
311	Nissan Sunny	Nissan			cost	4500	5500	8000	100	210	210	0	21.7	https://sajilorental.com/vehicle/311	1125	687.5	333.3333333
312	TATA XENON	Tata			cost	4500	8000	8000	50	100	200	0	21.7	https://sajilorental.com/vehicle/312	1125	1000	333.3333333
313	Tata 1512 Supper Deluxe	Tata			cost	6000	12000	12000	50	100	200	0	21.7	https://sajilorental.com/vehicle/313	1500	1500	500
315	BALENO				cost	4500	5500	8000	5500	210	210	0	21.7	https://sajilorental.com/vehicle/315	1125	687.5	333.3333333
316	DZIRE				cost	4500	5500	8000	100	210	210	0	21.7	https://sajilorental.com/vehicle/316	1125	687.5	333.3333333
317	Mahindra Scorpio	Mahindra			cost	7500	8000	8000	50	100	200	0	19.73	https://sajilorental.com/vehicle/317	1875	1000	333.3333333
318	Tata 1512 Supper Deluxe	Tata			cost	6000	12000	12000	50	100	200	0	21.7	https://sajilorental.com/vehicle/318	1500	1500	500
319	Mahindra Scorpio	Mahindra			cost	7500	8000	8000	50	100	200	0	19.73	https://sajilorental.com/vehicle/319	1875	1000	333.3333333
320	Maruti Suzuki	Suzuki			cost	5000	6500	8000	80	150	190	0	21.7	https://sajilorental.com/vehicle/320	1250	812.5	333.3333333
321	Grand i10				cost	4500	5500	8000	5500	210	210	0	21.7	https://sajilorental.com/vehicle/321	1125	687.5	333.3333333
322	Tucson				cost	7500	8000	8000	50	100	200	0	19.73	https://sajilorental.com/vehicle/322	1875	1000	333.3333333
324	Mahindra Scorpio	Mahindra			cost	7500	8000	8000	50	100	200	0	19.73	https://sajilorental.com/vehicle/324	1875	1000	333.3333333
326	Kiger				cost	5500	7500	8500	80	100	190	0	21.7	https://sajilorental.com/vehicle/326	1375	937.5	354.1666667
327	Hyundai Creta 2016	Hyundai	2016	10	cost	5500	7500	8500	80	100	190	0	21.7	https://sajilorental.com/vehicle/327	1375	937.5	354.1666667
328	Tata Harrier	Tata			cost	6000	9000	10000	80	150	190	0	21.7	https://sajilorental.com/vehicle/328	1500	1125	416.6666667
329	Micra				cost	5000	6500	8000	80	150	190	0	21.7	https://sajilorental.com/vehicle/329	1250	812.5	333.3333333
330	Tata 1512 Supper Deluxe	Tata			cost	6000	12000	12000	50	100	200	0	21.7	https://sajilorental.com/vehicle/330	1500	1500	500
331	Toyota Land Cruiser	Toyota			cost	6000	9000	10000	80	150	190	0	21.7	https://sajilorental.com/vehicle/331	1500	1125	416.6666667
332	Nexo				cost	4500	5500	8000	5500	210	210	0	21.7	https://sajilorental.com/vehicle/332	1125	687.5	333.3333333
333	Mahindra Scorpio	Mahindra			cost	7500	8000	8000	50	100	200	0	19.73	https://sajilorental.com/vehicle/333	1875	1000	333.3333333
334	Mahindra Scorpio	Mahindra			cost	7500	8000	8000	50	100	200	0	19.73	https://sajilorental.com/vehicle/334	1875	1000	333.3333333
335	Mahindra Scorpio	Mahindra			cost	7500	8000	8000	50	100	200	0	19.73	https://sajilorental.com/vehicle/335	1875	1000	333.3333333
336	Toyota New Hiace	Toyota			cost	5000	10000	10000	50	100	200	0	21.7	https://sajilorental.com/vehicle/336	1250	1250	416.6666667
337	Mahindra Scorpio	Mahindra			cost	7500	8000	8000	50	100	200	0	19.73	https://sajilorental.com/vehicle/337	1875	1000	333.3333333
338	Ecosport				cost	5500	7500	8500	80	100	190	0	21.7	https://sajilorental.com/vehicle/338	1375	937.5	354.1666667
339	ALTO				cost	4500	5500	8000	5500	210	210	0	21.7	https://sajilorental.com/vehicle/339	1125	687.5	333.3333333
340	Tata Tigor	Tata			cost	5000	6500	8000	80	150	190	0	21.7	https://sajilorental.com/vehicle/340	1250	812.5	333.3333333
341	Sumo				cost	6000	9000	10000	80	150	190	0	21.7	https://sajilorental.com/vehicle/341	1500	1125	416.6666667
342	Nissan Magnite	Nissan			cost	5500	7500	8500	80	100	190	0	21.7	https://sajilorental.com/vehicle/342	1375	937.5	354.1666667
343	EECO CARGO				cost	4500	6500	6500	100	150	180	0	21.7	https://sajilorental.com/vehicle/343	1125	812.5	270.8333333
344	Toyota New Hiace	Toyota			cost	5000	10000	10000	50	100	200	0	21.7	https://sajilorental.com/vehicle/344	1250	1250	416.6666667
345	Celerio				cost	4500	5500	8000	5500	210	210	0	21.7	https://sajilorental.com/vehicle/345	1125	687.5	333.3333333
346	Maruti Suzuki	Suzuki			cost	4500	6500	6500	100	150	180	0	21.7	https://sajilorental.com/vehicle/346	1125	812.5	270.8333333
347	Classic				cost	4500	5500	8000	100	210	210	0	21.7	https://sajilorental.com/vehicle/347	1125	687.5	333.3333333
348	Honda City	Honda			cost	5000	6500	8000	80	150	190	0	21.7	https://sajilorental.com/vehicle/348	1250	812.5	333.3333333
349	Duster				cost	5500	7500	8500	80	100	190	0	21.7	https://sajilorental.com/vehicle/349	1375	937.5	354.1666667
350	Mitsubishi Eclipse Cross	MITSUBISHI			cost	5500	7500	8500	80	100	190	0	21.7	https://sajilorental.com/vehicle/350	1375	937.5	354.1666667
351	C - 3				cost	5000	6500	8000	80	150	190	0	21.7	https://sajilorental.com/vehicle/351	1250	812.5	333.3333333
352	Mahindra Scorpio	Mahindra			cost	7500	8000	8000	50	100	200	0	19.73	https://sajilorental.com/vehicle/352	1875	1000	333.3333333
353	Mahindra Scorpio	Mahindra			cost	7500	8000	8000	50	100	200	0	19.73	https://sajilorental.com/vehicle/353	1875	1000	333.3333333
354	Mahindra Scorpio	Mahindra			cost	7500	8000	8000	50	100	200	0	19.73	https://sajilorental.com/vehicle/354	1875	1000	333.3333333
355	Classic				cost	5000	6500	8000	80	150	190	0	21.7	https://sajilorental.com/vehicle/355	1250	812.5	333.3333333
356	Maruti Suzuki	Suzuki			cost	5000	6500	8000	80	150	190	0	21.7	https://sajilorental.com/vehicle/356	1250	812.5	333.3333333
357	Brezza				cost	5500	7500	8500	80	100	190	0	21.7	https://sajilorental.com/vehicle/357	1375	937.5	354.1666667
358	Brezza				cost	5500	7500	8500	80	100	190	0	21.7	https://sajilorental.com/vehicle/358	1375	937.5	354.1666667
359	Maruti Suzuki	Suzuki			cost	4500	6500	6500	100	150	180	0	21.7	https://sajilorental.com/vehicle/359	1125	812.5	270.8333333
360	Tata 1512 Supper Deluxe	Tata			cost	6000	12000	12000	50	100	200	0	21.7	https://sajilorental.com/vehicle/360	1500	1500	500
361	KODIAQ				cost	5500	7500	8500	80	100	190	0	21.7	https://sajilorental.com/vehicle/361	1375	937.5	354.1666667
362	Hyundai Creta 2020	Hyundai	2020	6	cost	5500	7500	8500	80	100	190	0	21.7	https://sajilorental.com/vehicle/362	1375	937.5	354.1666667
363	Duster				cost	5500	7500	8500	80	100	190	0	21.7	https://sajilorental.com/vehicle/363	1375	937.5	354.1666667
364	RAPID				cost	4500	5500	8000	100	210	210	0	21.7	https://sajilorental.com/vehicle/364	1125	687.5	333.3333333
365	Freestyle				cost	5500	7500	8500	80	100	190	0	21.7	https://sajilorental.com/vehicle/365	1375	937.5	354.1666667
367	Kiger				cost	5000	6500	8000	80	150	190	0	21.7	https://sajilorental.com/vehicle/367	1250	812.5	333.3333333
368	Mahindra Scorpio	Mahindra			cost	7500	8000	8000	50	100	200	0	19.73	https://sajilorental.com/vehicle/368	1875	1000	333.3333333
369	Mahindra Scorpio	Mahindra			cost	7500	8000	8000	50	100	200	0	19.73	https://sajilorental.com/vehicle/369	1875	1000	333.3333333
370	207 DI				cost	6000	12000	12000	50	100	200	0	21.7	https://sajilorental.com/vehicle/370	1500	1500	500
371	Mahindra Bolero Pickup	Mahindra			cost	0	0	0	100	210	210	0	21.7	https://sajilorental.com/vehicle/371	0	0	0
373	Tata Nexon	Tata			cost	5500	7500	8500	80	100	190	0	21.7	https://sajilorental.com/vehicle/373	1375	937.5	354.1666667
374	ALTO				cost	4500	5500	8000	5500	210	210	0	21.7	https://sajilorental.com/vehicle/374	1125	687.5	333.3333333
375	Mahindra Scorpio	Mahindra			cost	7500	8000	8000	50	100	200	0	19.73	https://sajilorental.com/vehicle/375	1875	1000	333.3333333
376	Tata Tiago	Tata			cost	4500	5500	8000	5500	210	210	0	21.7	https://sajilorental.com/vehicle/376	1125	687.5	333.3333333
377	Maruti Suzuki	Suzuki			cost	4500	6500	6500	100	150	180	0	21.7	https://sajilorental.com/vehicle/377	1125	812.5	270.8333333
378	i10				cost	4500	5500	8000	5500	210	210	0	21.7	https://sajilorental.com/vehicle/378	1125	687.5	333.3333333
379	Xcent				cost	5000	6500	8000	80	150	190	0	21.7	https://sajilorental.com/vehicle/379	1250	812.5	333.3333333
380	Nissan Sunny	Nissan			cost	5000	6500	8000	80	150	190	0	21.7	https://sajilorental.com/vehicle/380	1250	812.5	333.3333333
381	207 DI				cost	6000	12000	12000	50	100	200	0	21.7	https://sajilorental.com/vehicle/381	1500	1500	500
382	Toyota New Hiace	Toyota			cost	5000	10000	10000	50	100	200	0	21.7	https://sajilorental.com/vehicle/382	1250	1250	416.6666667
383	Mahindra Scorpio	Mahindra			cost	7500	8000	8000	50	100	200	0	19.73	https://sajilorental.com/vehicle/383	1875	1000	333.3333333
384	Tata Nexon EV	Tata			cost	5000	7000	8000	50	100	200	0	36.17	https://sajilorental.com/vehicle/384	1250	875	333.3333333
385	Tata 1512 Supper Deluxe	Tata			cost	6000	12000	12000	50	100	200	0	21.7	https://sajilorental.com/vehicle/385	1500	1500	500
386	Tata 1512 Supper Deluxe	Tata			cost	6000	12000	12000	50	100	200	0	21.7	https://sajilorental.com/vehicle/386	1500	1500	500
387	Nissan Kicks	Nissan			cost	5500	7500	8500	80	100	190	0	21.7	https://sajilorental.com/vehicle/387	1375	937.5	354.1666667
388	TATA XENON	Tata			cost	0	0	0	100	210	210	0	21.7	https://sajilorental.com/vehicle/388	0	0	0
389	Mahindra Scorpio	Mahindra			cost	7500	8000	8000	50	100	200	0	19.73	https://sajilorental.com/vehicle/389	1875	1000	333.3333333
390	Toyota Innova	Toyota			cost	5000	6500	8000	80	150	190	0	21.7	https://sajilorental.com/vehicle/390	1250	812.5	333.3333333
391	Grand i10				cost	4500	5500	8000	5500	210	210	0	21.7	https://sajilorental.com/vehicle/391	1125	687.5	333.3333333
392	Suzuki BALENO 2018	Suzuki	2018	8	cost	4500	5500	8000	5500	210	210	0	21.7	https://sajilorental.com/vehicle/392	1125	687.5	333.3333333
393	Toyota New Hiace	Toyota			cost	5000	10000	10000	50	100	200	0	21.7	https://sajilorental.com/vehicle/393	1250	1250	416.6666667
394	Accent				cost	4500	5500	8000	5500	210	210	0	21.7	https://sajilorental.com/vehicle/394	1125	687.5	333.3333333
395	RAPID				cost	4500	5500	8000	100	210	210	0	21.7	https://sajilorental.com/vehicle/395	1125	687.5	333.3333333
396	Chevrolet Aveo	Chevrolet			cost	5000	6500	8000	80	150	190	0	21.7	https://sajilorental.com/vehicle/396	1250	812.5	333.3333333
397	Santro				cost	4500	5500	8000	5500	210	210	0	21.7	https://sajilorental.com/vehicle/397	1125	687.5	333.3333333
398	Santro				cost	4500	5500	8000	5500	210	210	0	21.7	https://sajilorental.com/vehicle/398	1125	687.5	333.3333333
399	Mahindra Scorpio	Mahindra			cost	7500	8000	8000	50	100	200	0	19.73	https://sajilorental.com/vehicle/399	1875	1000	333.3333333
400	Maruti Suzuki	Suzuki			cost	4500	6500	6500	100	150	180	0	21.7	https://sajilorental.com/vehicle/400	1125	812.5	270.8333333
402	Toyota New Hiace	Toyota			cost	5000	10000	10000	50	100	200	0	21.7	https://sajilorental.com/vehicle/402	1250	1250	416.6666667
403	Tata 1512 Supper Deluxe	Tata			cost	6000	12000	12000	50	100	200	0	21.7	https://sajilorental.com/vehicle/403	1500	1500	500
404	Brezza				cost	5500	7500	8500	80	100	190	0	21.7	https://sajilorental.com/vehicle/404	1375	937.5	354.1666667
405	Sorento				cost	5000	6500	8000	80	150	190	0	21.7	https://sajilorental.com/vehicle/405	1250	812.5	333.3333333
406	Toyota New Hiace	Toyota			cost	5000	10000	10000	50	100	200	0	21.7	https://sajilorental.com/vehicle/406	1250	1250	416.6666667
407	Toyota New Hiace	Toyota			cost	5000	10000	10000	50	100	200	0	21.7	https://sajilorental.com/vehicle/407	1250	1250	416.6666667
408	Celerio				cost	4500	5500	8000	5500	210	210	0	21.7	https://sajilorental.com/vehicle/408	1125	687.5	333.3333333
409	Tucson				cost	5500	7500	8500	80	100	190	0	21.7	https://sajilorental.com/vehicle/409	1375	937.5	354.1666667
410	Mahindra Scorpio	Mahindra			cost	7500	8000	8000	50	100	200	0	19.73	https://sajilorental.com/vehicle/410	1875	1000	333.3333333
411	Toyota New Hiace	Toyota			cost	5000	10000	10000	50	100	200	0	21.7	https://sajilorental.com/vehicle/411	1250	1250	416.6666667
412	WAGONR				cost	4500	5500	8000	5500	210	210	0	21.7	https://sajilorental.com/vehicle/412	1125	687.5	333.3333333
414	Mahindra Scorpio	Mahindra			cost	7500	8000	8000	50	100	200	0	19.73	https://sajilorental.com/vehicle/414	1875	1000	333.3333333
415	Mahindra Bolero Pickup	Mahindra			cost	4500	8000	8000	50	100	200	0	21.7	https://sajilorental.com/vehicle/415	1125	1000	333.3333333
416	Mahindra Scorpio	Mahindra			cost	7500	8000	8000	50	100	200	0	19.73	https://sajilorental.com/vehicle/416	1875	1000	333.3333333
417	Mahindra Scorpio	Mahindra			cost	7500	8000	8000	50	100	200	0	19.73	https://sajilorental.com/vehicle/417	1875	1000	333.3333333
418	"EC - 3, EV"				cost	5500	7500	8500	80	100	190	0	21.7	https://sajilorental.com/vehicle/418	1375	937.5	354.1666667
419	WAGONR				cost	4500	5500	8000	5500	210	210	0	21.7	https://sajilorental.com/vehicle/419	1125	687.5	333.3333333
420	EECO CARGO				cost	4500	6500	6500	100	150	180	0	21.7	https://sajilorental.com/vehicle/420	1125	812.5	270.8333333
421	207 DI				cost	6000	12000	12000	50	100	200	0	21.7	https://sajilorental.com/vehicle/421	1500	1500	500
422	Tata 1512 Supper Deluxe	Tata			cost	6000	12000	12000	50	100	200	0	21.7	https://sajilorental.com/vehicle/422	1500	1500	500
423	i20				cost	4500	5500	8000	5500	210	210	0	21.7	https://sajilorental.com/vehicle/423	1125	687.5	333.3333333
424	Mahindra Scorpio	Mahindra			cost	7500	8000	8000	50	100	200	0	19.73	https://sajilorental.com/vehicle/424	1875	1000	333.3333333
425	Celerio				cost	4500	5500	8000	5500	210	210	0	21.7	https://sajilorental.com/vehicle/425	1125	687.5	333.3333333
426	i10				cost	4500	5500	8000	5500	210	210	0	21.7	https://sajilorental.com/vehicle/426	1125	687.5	333.3333333
427	Avanza				cost	4500	5500	8000	5500	210	210	0	21.7	https://sajilorental.com/vehicle/427	1125	687.5	333.3333333
428	Mahindra Scorpio	Mahindra			cost	7500	8000	8000	50	100	200	0	19.73	https://sajilorental.com/vehicle/428	1875	1000	333.3333333
429	Toyota New Hiace	Toyota			cost	5000	10000	10000	50	100	200	0	21.7	https://sajilorental.com/vehicle/429	1250	1250	416.6666667
430	Mahindra Scorpio	Mahindra			cost	7500	8000	8000	50	100	200	0	19.73	https://sajilorental.com/vehicle/430	1875	1000	333.3333333
431	SUPER CARRY PICK-UP VAN				cost	0	0	0	100	210	210	0	21.7	https://sajilorental.com/vehicle/431	0	0	0
432	Hyundai Creta 2016	Hyundai	2016	10	cost	5500	7500	8500	80	100	190	0	21.7	https://sajilorental.com/vehicle/432	1375	937.5	354.1666667
433	Grand i10				cost	4500	5500	8000	5500	210	210	0	21.7	https://sajilorental.com/vehicle/433	1125	687.5	333.3333333
434	Mahindra Scorpio Pickup	Mahindra			cost	4500	8000	8000	50	100	200	0	21.7	https://sajilorental.com/vehicle/434	1125	1000	333.3333333
435	Mahindra Scorpio	Mahindra			cost	7500	8000	8000	50	100	200	0	19.73	https://sajilorental.com/vehicle/435	1875	1000	333.3333333
436	Tata Indica Vista	Tata			cost	5000	6500	8000	80	150	190	0	21.7	https://sajilorental.com/vehicle/436	1250	812.5	333.3333333
437	Toyota New Hiace	Toyota			cost	5000	10000	10000	50	100	200	0	21.7	https://sajilorental.com/vehicle/437	1250	1250	416.6666667
438	Accent				cost	5000	6500	8000	80	150	190	0	21.7	https://sajilorental.com/vehicle/438	1250	812.5	333.3333333
439	Brezza				cost	5500	7500	8500	80	100	190	0	21.7	https://sajilorental.com/vehicle/439	1375	937.5	354.1666667
440	Tata Indica Vista	Tata			cost	5000	6500	8000	80	150	190	0	21.7	https://sajilorental.com/vehicle/440	1250	812.5	333.3333333
441	Mahindra Scorpio	Mahindra			cost	7500	8000	8000	50	100	200	0	19.73	https://sajilorental.com/vehicle/441	1875	1000	333.3333333
442	KIA Picanto 2008	KIA	2008	18	cost	4500	5500	8000	5500	210	210	0	21.7	https://sajilorental.com/vehicle/442	1125	687.5	333.3333333
443	Mahindra Bolero Pickup	Mahindra			cost	4500	8000	8000	50	100	200	0	21.7	https://sajilorental.com/vehicle/443	1125	1000	333.3333333
444	Sumo				cost	6000	9000	10000	80	150	190	0	21.7	https://sajilorental.com/vehicle/444	1500	1125	416.6666667
445	KAROQ				cost	5500	7500	8500	80	100	190	0	21.7	https://sajilorental.com/vehicle/445	1375	937.5	354.1666667
446	SUPER CARRY PICK-UP VAN				cost	0	0	0	100	210	210	0	21.7	https://sajilorental.com/vehicle/446	0	0	0
447	Nissan Magnite	Nissan			cost	5500	7500	8500	80	100	190	0	21.7	https://sajilorental.com/vehicle/447	1375	937.5	354.1666667
449	Tucson				cost	7500	8000	8000	50	100	200	0	19.73	https://sajilorental.com/vehicle/449	1875	1000	333.3333333
450	Celerio				cost	4500	5500	8000	5500	210	210	0	21.7	https://sajilorental.com/vehicle/450	1125	687.5	333.3333333
451	Toyota New Hiace	Toyota			cost	5000	10000	10000	50	100	200	0	21.7	https://sajilorental.com/vehicle/451	1250	1250	416.6666667
452	Toyota New Hiace	Toyota			cost	5000	10000	10000	50	100	200	0	21.7	https://sajilorental.com/vehicle/452	1250	1250	416.6666667
453	Tata 1512 Supper Deluxe	Tata			cost	6000	12000	12000	50	100	200	0	21.7	https://sajilorental.com/vehicle/453	1500	1500	500
454	Mahindra Bolero Pickup	Mahindra			cost	4500	8000	8000	50	100	200	0	21.7	https://sajilorental.com/vehicle/454	1125	1000	333.3333333
455	Grand i10				cost	4500	5500	8000	5500	210	210	0	21.7	https://sajilorental.com/vehicle/455	1125	687.5	333.3333333
456	WAGONR				cost	4500	5500	8000	5500	210	210	0	21.7	https://sajilorental.com/vehicle/456	1125	687.5	333.3333333
457	Brezza				cost	5500	7500	8500	80	100	190	0	21.7	https://sajilorental.com/vehicle/457	1375	937.5	354.1666667
458	207 DI				cost	0	0	0	100	210	210	0	21.7	https://sajilorental.com/vehicle/458	0	0	0
459	DZIRE				cost	4500	5500	8000	100	210	210	0	21.7	https://sajilorental.com/vehicle/459	1125	687.5	333.3333333
460	i10				cost	4500	5500	8000	5500	210	210	0	21.7	https://sajilorental.com/vehicle/460	1125	687.5	333.3333333
461	Santro				cost	4500	5500	8000	5500	210	210	0	21.7	https://sajilorental.com/vehicle/461	1125	687.5	333.3333333
462	Maruti Suzuki	Suzuki			cost	4500	6500	6500	100	150	180	0	21.7	https://sajilorental.com/vehicle/462	1125	812.5	270.8333333
463	SWIFT				cost	4500	5500	8000	5500	210	210	0	21.7	https://sajilorental.com/vehicle/463	1125	687.5	333.3333333
464	Mahindra Scorpio	Mahindra			cost	7500	8000	8000	50	100	200	0	19.73	https://sajilorental.com/vehicle/464	1875	1000	333.3333333
465	SWIFT				cost	4500	5500	8000	5500	210	210	0	21.7	https://sajilorental.com/vehicle/465	1125	687.5	333.3333333
466	Freestyle				cost	4500	5500	8000	100	210	210	0	21.7	https://sajilorental.com/vehicle/466	1125	687.5	333.3333333
467	Mahindra Scorpio	Mahindra			cost	7500	8000	8000	50	100	200	0	19.73	https://sajilorental.com/vehicle/467	1875	1000	333.3333333
468	Mahindra Scorpio	Mahindra			cost	7500	8000	8000	50	100	200	0	19.73	https://sajilorental.com/vehicle/468	1875	1000	333.3333333
469	Tata 1512	Tata			cost	0	0	0	100	210	210	0	21.7	https://sajilorental.com/vehicle/469	0	0	0
470	Tata 1512 Supper Deluxe	Tata			cost	6000	12000	12000	50	100	200	0	21.7	https://sajilorental.com/vehicle/470	1500	1500	500
471	Mahindra Scorpio	Mahindra			cost	7500	8000	8000	50	100	200	0	19.73	https://sajilorental.com/vehicle/471	1875	1000	333.3333333
472	Mahindra Scorpio	Mahindra			cost	7500	8000	8000	50	100	200	0	19.73	https://sajilorental.com/vehicle/472	1875	1000	333.3333333
473	Capture				cost	5000	6500	8000	80	150	190	0	21.7	https://sajilorental.com/vehicle/473	1250	812.5	333.3333333
474	Corola				cost	5000	6500	8000	80	150	190	0	21.7	https://sajilorental.com/vehicle/474	1250	812.5	333.3333333
475	Mahindra Scorpio	Mahindra			cost	7500	8000	8000	50	100	200	0	19.73	https://sajilorental.com/vehicle/475	1875	1000	333.3333333
476	Ecosport				cost	5500	7500	8500	80	100	190	0	21.7	https://sajilorental.com/vehicle/476	1375	937.5	354.1666667
477	Brezza				cost	5500	7500	8500	80	100	190	0	21.7	https://sajilorental.com/vehicle/477	1375	937.5	354.1666667
478	i10				cost	4500	5500	8000	5500	210	210	0	21.7	https://sajilorental.com/vehicle/478	1125	687.5	333.3333333
479	Santro				cost	4500	5500	8000	5500	210	210	0	21.7	https://sajilorental.com/vehicle/479	1125	687.5	333.3333333
480	Tata Indica Vista	Tata			cost	6000	9000	10000	80	150	190	0	21.7	https://sajilorental.com/vehicle/480	1500	1125	416.6666667
481	Brezza				cost	5500	7500	8500	80	100	190	0	21.7	https://sajilorental.com/vehicle/481	1375	937.5	354.1666667
482	Santro				cost	4500	5500	8000	5500	210	210	0	21.7	https://sajilorental.com/vehicle/482	1125	687.5	333.3333333
483	Tata Altroz	Tata			cost	5000	6500	8000	80	150	190	0	21.7	https://sajilorental.com/vehicle/483	1250	812.5	333.3333333
484	Jeep Wrangler	Jeep			cost	5500	7500	8500	80	100	190	0	21.7	https://sajilorental.com/vehicle/484	1375	937.5	354.1666667
485	Mahindra Scorpio	Mahindra			cost	7500	8000	8000	50	100	200	0	19.73	https://sajilorental.com/vehicle/485	1875	1000	333.3333333
486	Celerio				cost	4500	5500	8000	5500	210	210	0	21.7	https://sajilorental.com/vehicle/486	1125	687.5	333.3333333
487	Duster				cost	5500	7500	8500	80	100	190	0	21.7	https://sajilorental.com/vehicle/487	1375	937.5	354.1666667
488	Mahindra Scorpio	Mahindra			cost	7500	8000	8000	50	100	200	0	19.73	https://sajilorental.com/vehicle/488	1875	1000	333.3333333
489	Celerio				cost	4500	5500	8000	5500	210	210	0	21.7	https://sajilorental.com/vehicle/489	1125	687.5	333.3333333
490	Toyota New Hiace	Toyota			cost	5000	10000	10000	50	100	200	0	21.7	https://sajilorental.com/vehicle/490	1250	1250	416.6666667
491	S- PRESSO				cost	5500	7500	8500	80	100	190	0	21.7	https://sajilorental.com/vehicle/491	1375	937.5	354.1666667
492	i10				cost	4500	5500	8000	5500	210	210	0	21.7	https://sajilorental.com/vehicle/492	1125	687.5	333.3333333
493	Tata Manza	Tata			cost	5000	6500	8000	80	150	190	0	21.7	https://sajilorental.com/vehicle/493	1250	812.5	333.3333333
494	Celerio				cost	4500	5500	8000	5500	210	210	0	21.7	https://sajilorental.com/vehicle/494	1125	687.5	333.3333333
495	Tata 1512 Supper Deluxe	Tata			cost	6000	12000	12000	50	100	200	0	21.7	https://sajilorental.com/vehicle/495	1500	1500	500
496	Toyota New Hiace	Toyota			cost	5000	10000	10000	50	100	200	0	21.7	https://sajilorental.com/vehicle/496	1250	1250	416.6666667
497	Toyota New Hiace	Toyota			cost	5000	10000	10000	50	100	200	0	21.7	https://sajilorental.com/vehicle/497	1250	1250	416.6666667
498	Mahindra Scorpio	Mahindra			cost	7500	8000	8000	50	100	200	0	19.73	https://sajilorental.com/vehicle/498	1875	1000	333.3333333
499	Tata 1512 Supper Deluxe	Tata			cost	6000	12000	12000	50	100	200	0	21.7	https://sajilorental.com/vehicle/499	1500	1500	500
500	Tata Safari	Tata			cost	0	0	0	100	210	210	0	21.7	https://sajilorental.com/vehicle/500	0	0	0
501	Mahindra Scorpio	Mahindra			cost	7500	8000	8000	50	100	200	0	19.73	https://sajilorental.com/vehicle/501	1875	1000	333.3333333
502	Nissan Van	Nissan			cost	5000	10000	10000	50	100	200	0	36.17	https://sajilorental.com/vehicle/502	1250	1250	416.6666667
503	Datsun Redi GO	Datsun			cost	4500	5500	8000	5500	210	210	0	21.7	https://sajilorental.com/vehicle/503	1125	687.5	333.3333333
504	Mahindra Bolero Pickup	Mahindra			cost	0	0	0	100	210	210	0	21.7	https://sajilorental.com/vehicle/504	0	0	0
505	MG ZS				cost	5000	7000	8000	50	100	200	0	36.17	https://sajilorental.com/vehicle/505	1250	875	333.3333333
506	Mahindra Scorpio	Mahindra			cost	7500	8000	8000	50	100	200	0	19.73	https://sajilorental.com/vehicle/506	1875	1000	333.3333333
507	Mahindra Marazzo	Mahindra			cost	5000	6500	8000	80	150	190	0	21.7	https://sajilorental.com/vehicle/507	1250	812.5	333.3333333
508	RAPID				cost	4500	5500	8000	100	210	210	0	21.7	https://sajilorental.com/vehicle/508	1125	687.5	333.3333333
509	Toyota New Hiace	Toyota			cost	5000	10000	10000	50	100	200	0	21.7	https://sajilorental.com/vehicle/509	1250	1250	416.6666667
510	Mahindra Scorpio	Mahindra			cost	7500	8000	8000	50	100	200	0	19.73	https://sajilorental.com/vehicle/510	1875	1000	333.3333333
511	Toyota New Hiace	Toyota			cost	5000	10000	10000	50	100	200	0	21.7	https://sajilorental.com/vehicle/511	1250	1250	416.6666667
512	Kia Sonet 2021	KIA	2021	5	cost	5500	7500	8500	80	100	190	0	21.7	https://sajilorental.com/vehicle/512	1375	937.5	354.1666667
513	Volkswagen Polo	Volkswagen			cost	5000	6500	8000	80	150	190	0	21.7	https://sajilorental.com/vehicle/513	1250	812.5	333.3333333
515	Tata Nexon EV 2023	Tata	2023	3	cost	5000	7000	8000	50	100	200	0	36.17	https://sajilorental.com/vehicle/515	1250	875	333.3333333
516	Ranger				cost	4500	8000	8000	50	100	200	0	21.7	https://sajilorental.com/vehicle/516	1125	1000	333.3333333
517	Mahindra Bolero Pickup	Mahindra			cost	4500	8000	8000	50	100	200	0	21.7	https://sajilorental.com/vehicle/517	1125	1000	333.3333333
518	KYC				cost	5000	10000	10000	50	100	200	0	21.7	https://sajilorental.com/vehicle/518	1250	1250	416.6666667
519	Toyota New Hiace	Toyota			cost	5000	10000	10000	50	100	200	0	21.7	https://sajilorental.com/vehicle/519	1250	1250	416.6666667
520	Corola				cost	5000	6500	8000	80	150	190	0	21.7	https://sajilorental.com/vehicle/520	1250	812.5	333.3333333
521	Hyundai Creta 2021	Hyundai	2021	5	cost	5500	7500	8500	80	100	190	0	21.7	https://sajilorental.com/vehicle/521	1375	937.5	354.1666667
522	Toyota New Hiace	Toyota			cost	5000	10000	10000	50	100	200	0	21.7	https://sajilorental.com/vehicle/522	1250	1250	416.6666667
523	Tata Indica	Tata			cost	4500	5500	8000	5500	210	210	0	21.7	https://sajilorental.com/vehicle/523	1125	687.5	333.3333333
524	Toyota New Hiace	Toyota			cost	5000	10000	10000	50	100	200	0	21.7	https://sajilorental.com/vehicle/524	1250	1250	416.6666667
525	Toyota New Hiace	Toyota			cost	5000	10000	10000	50	100	200	0	21.7	https://sajilorental.com/vehicle/525	1250	1250	416.6666667
526	Tata Indigo	Tata			cost	5000	6500	8000	80	150	190	0	21.7	https://sajilorental.com/vehicle/526	1250	812.5	333.3333333
527	Mahindra Scorpio	Mahindra			cost	7500	8000	8000	50	100	200	0	19.73	https://sajilorental.com/vehicle/527	1875	1000	333.3333333
528	Grand Carnival				cost	4500	6500	6500	100	150	180	0	21.7	https://sajilorental.com/vehicle/528	1125	812.5	270.8333333
529	Mahindra Scorpio	Mahindra			cost	7500	8000	8000	50	100	200	0	19.73	https://sajilorental.com/vehicle/529	1875	1000	333.3333333
530	Mahindra Scorpio	Mahindra			cost	7500	8000	8000	50	100	200	0	19.73	https://sajilorental.com/vehicle/530	1875	1000	333.3333333
531	Hyundai Santro 2010	Hyundai	2010	16	cost	4500	5500	8000	5500	210	210	0	21.7	https://sajilorental.com/vehicle/531	1125	687.5	333.3333333
532	Mahindra Scorpio	Mahindra			cost	7500	8000	8000	50	100	200	0	19.73	https://sajilorental.com/vehicle/532	1875	1000	333.3333333
533	SUPER CARRY PICK-UP VAN				cost	0	0	0	100	210	210	0	21.7	https://sajilorental.com/vehicle/533	0	0	0
534	Duster				cost	5500	7500	8500	80	100	190	0	21.7	https://sajilorental.com/vehicle/534	1375	937.5	354.1666667
535	SWIFT				cost	4500	5500	8000	5500	210	210	0	21.7	https://sajilorental.com/vehicle/535	1125	687.5	333.3333333
536	Tata 1512 Supper Deluxe	Tata			cost	6000	12000	12000	50	100	200	0	21.7	https://sajilorental.com/vehicle/536	1500	1500	500
537	Tata 1512 Supper Deluxe	Tata			cost	6000	12000	12000	50	100	200	0	21.7	https://sajilorental.com/vehicle/537	1500	1500	500
538	Toyota New Hiace	Toyota			cost	5000	10000	10000	50	100	200	0	21.7	https://sajilorental.com/vehicle/538	1250	1250	416.6666667
539	Mahindra Scorpio	Mahindra			cost	7500	8000	8000	50	100	200	0	19.73	https://sajilorental.com/vehicle/539	1875	1000	333.3333333
540	Mahindra Thar	Mahindra			cost	7500	8000	8000	50	100	200	0	19.73	https://sajilorental.com/vehicle/540	1875	1000	333.3333333
541	Mahindra Scorpio	Mahindra			cost	7500	8000	8000	50	100	200	0	19.73	https://sajilorental.com/vehicle/541	1875	1000	333.3333333
542	Tata 1512 Supper Deluxe	Tata			cost	6000	12000	12000	50	100	200	0	21.7	https://sajilorental.com/vehicle/542	1500	1500	500
543	Toyota New Hiace	Toyota			cost	5000	10000	10000	50	100	200	0	21.7	https://sajilorental.com/vehicle/543	1250	1250	416.6666667
544	Nissan Sunny	Nissan			cost	5000	6500	8000	80	150	190	0	21.7	https://sajilorental.com/vehicle/544	1250	812.5	333.3333333
545	Tata 1512 Supper Deluxe	Tata			cost	6000	12000	12000	50	100	200	0	21.7	https://sajilorental.com/vehicle/545	1500	1500	500
546	Toyota New Hiace	Toyota			cost	5000	10000	10000	50	100	200	0	21.7	https://sajilorental.com/vehicle/546	1250	1250	416.6666667
547	Mahindra Scorpio	Mahindra			cost	7500	8000	8000	50	100	200	0	19.73	https://sajilorental.com/vehicle/547	1875	1000	333.3333333
548	Toyota Corolla Cross	Toyota			cost	5000	6500	8000	80	150	190	0	21.7	https://sajilorental.com/vehicle/548	1250	812.5	333.3333333
550	i20				cost	4500	5500	8000	5500	210	210	0	21.7	https://sajilorental.com/vehicle/550	1125	687.5	333.3333333
551	DZIRE				cost	4500	5500	8000	100	210	210	0	21.7	https://sajilorental.com/vehicle/551	1125	687.5	333.3333333
552	Tata 1512 Supper Deluxe	Tata			cost	6000	12000	12000	50	100	200	0	21.7	https://sajilorental.com/vehicle/552	1500	1500	500
553	King Long				cost	5000	10000	10000	50	100	200	0	21.7	https://sajilorental.com/vehicle/553	1250	1250	416.6666667
554	Tata 1512 Supper Deluxe	Tata			cost	6000	12000	12000	50	100	200	0	21.7	https://sajilorental.com/vehicle/554	1500	1500	500
555	Mahindra Scorpio	Mahindra			cost	7500	8000	8000	50	100	200	0	19.73	https://sajilorental.com/vehicle/555	1875	1000	333.3333333
556	EECO CARGO				cost	4500	6500	6500	100	150	180	0	21.7	https://sajilorental.com/vehicle/556	1125	812.5	270.8333333
557	Mahindra Scorpio	Mahindra			cost	7500	8000	8000	50	100	200	0	19.73	https://sajilorental.com/vehicle/557	1875	1000	333.3333333
558	i10				cost	4500	5500	8000	5500	210	210	0	21.7	https://sajilorental.com/vehicle/558	1125	687.5	333.3333333
559	Celerio				cost	4500	5500	8000	5500	210	210	0	21.7	https://sajilorental.com/vehicle/559	1125	687.5	333.3333333
560	Brezza				cost	5500	7500	8500	80	100	190	0	21.7	https://sajilorental.com/vehicle/560	1375	937.5	354.1666667
561	Mahindra Scorpio	Mahindra			cost	7500	8000	8000	50	100	200	0	19.73	https://sajilorental.com/vehicle/561	1875	1000	333.3333333
562	Santro				cost	4500	5500	8000	5500	210	210	0	21.7	https://sajilorental.com/vehicle/562	1125	687.5	333.3333333
563	Tata 1512 Supper Deluxe	Tata			cost	6000	12000	12000	50	100	200	0	21.7	https://sajilorental.com/vehicle/563	1500	1500	500
564	Toyota Land Cruiser	Toyota			cost	6000	9000	10000	80	150	190	0	21.7	https://sajilorental.com/vehicle/564	1500	1125	416.6666667
565	Nissan Sunny	Nissan			cost	4500	5500	8000	100	210	210	0	21.7	https://sajilorental.com/vehicle/565	1125	687.5	333.3333333
566	Tata Tiago	Tata			cost	5000	6500	8000	80	150	190	0	21.7	https://sajilorental.com/vehicle/566	1250	812.5	333.3333333
567	Ecosport				cost	5500	7500	8500	80	100	190	0	21.7	https://sajilorental.com/vehicle/567	1375	937.5	354.1666667
568	EECO CARGO				cost	4500	6500	6500	100	150	180	0	21.7	https://sajilorental.com/vehicle/568	1125	812.5	270.8333333
569	Maruti Suzuki	Suzuki			cost	5000	6500	8000	80	150	190	0	21.7	https://sajilorental.com/vehicle/569	1250	812.5	333.3333333
570	SWIFT				cost	4500	5500	8000	5500	210	210	0	21.7	https://sajilorental.com/vehicle/570	1125	687.5	333.3333333
571	Maruti Suzuki	Suzuki			cost	4500	6500	6500	100	150	180	0	21.7	https://sajilorental.com/vehicle/571	1125	812.5	270.8333333
572	Mahindra Bolero Pickup	Mahindra			cost	0	0	0	100	210	210	0	21.7	https://sajilorental.com/vehicle/572	0	0	0
573	Tata Tigor	Tata			cost	5000	6500	8000	80	150	190	0	21.7	https://sajilorental.com/vehicle/573	1250	812.5	333.3333333
574	Tata Indica	Tata			cost	4500	5500	8000	100	210	210	0	21.7	https://sajilorental.com/vehicle/574	1125	687.5	333.3333333
575	Tata 1512 Supper Deluxe	Tata			cost	6000	12000	12000	50	100	200	0	21.7	https://sajilorental.com/vehicle/575	1500	1500	500
576	MG ZS				cost	5000	7000	8000	50	100	200	0	36.17	https://sajilorental.com/vehicle/576	1250	875	333.3333333
577	Brezza				cost	5500	7500	8500	80	100	190	0	21.7	https://sajilorental.com/vehicle/577	1375	937.5	354.1666667
578	SUPER CARRY PICK-UP VAN				cost	0	0	0	100	210	210	0	21.7	https://sajilorental.com/vehicle/578	0	0	0
579	BALENO				cost	4500	5500	8000	5500	210	210	0	21.7	https://sajilorental.com/vehicle/579	1125	687.5	333.3333333
580	Tata Nexon	Tata			cost	5500	7500	8500	80	100	190	0	21.7	https://sajilorental.com/vehicle/580	1375	937.5	354.1666667
581	Tata 1512 Supper Deluxe	Tata			cost	6000	12000	12000	50	100	200	0	21.7	https://sajilorental.com/vehicle/581	1500	1500	500
582	WAGONR				cost	4500	5500	8000	5500	210	210	0	21.7	https://sajilorental.com/vehicle/582	1125	687.5	333.3333333
583	Toyota New Hiace	Toyota			cost	5000	10000	10000	50	100	200	0	21.7	https://sajilorental.com/vehicle/583	1250	1250	416.6666667
584	Mahindra Scorpio	Mahindra			cost	7500	8000	8000	50	100	200	0	19.73	https://sajilorental.com/vehicle/584	1875	1000	333.3333333
585	SWIFT				cost	4500	5500	8000	5500	210	210	0	21.7	https://sajilorental.com/vehicle/585	1125	687.5	333.3333333
586	Chevrolet Aveo	Chevrolet			cost	5000	6500	8000	80	150	190	0	21.7	https://sajilorental.com/vehicle/586	1250	812.5	333.3333333
587	Tata 1512 Supper Deluxe	Tata			cost	6000	12000	12000	50	100	200	0	21.7	https://sajilorental.com/vehicle/587	1500	1500	500
588	Mahindra Scorpio	Mahindra			cost	7500	8000	8000	50	100	200	0	19.73	https://sajilorental.com/vehicle/588	1875	1000	333.3333333
589	NEW KUSHAQ				cost	5500	7500	8500	80	100	190	0	21.7	https://sajilorental.com/vehicle/589	1375	937.5	354.1666667
590	Tata Indigo	Tata			cost	5000	6500	8000	80	150	190	0	21.7	https://sajilorental.com/vehicle/590	1250	812.5	333.3333333
591	Tata 1512 Supper Deluxe	Tata			cost	6000	12000	12000	50	100	200	0	21.7	https://sajilorental.com/vehicle/591	1500	1500	500
592	EECO CARGO				cost	0	0	0	100	210	210	0	21.7	https://sajilorental.com/vehicle/592	0	0	0
593	Santro				cost	4500	5500	8000	5500	210	210	0	21.7	https://sajilorental.com/vehicle/593	1125	687.5	333.3333333
594	EECO CARGO				cost	4500	6500	6500	100	150	180	0	21.7	https://sajilorental.com/vehicle/594	1125	812.5	270.8333333
595	BALENO				cost	4500	5500	8000	5500	210	210	0	21.7	https://sajilorental.com/vehicle/595	1125	687.5	333.3333333
596	Mahindra Scorpio	Mahindra			cost	7500	8000	8000	50	100	200	0	19.73	https://sajilorental.com/vehicle/596	1875	1000	333.3333333
597	Maruti Suzuki	Suzuki			cost	4500	6500	6500	100	150	180	0	21.7	https://sajilorental.com/vehicle/597	1125	812.5	270.8333333
598	Volkswagen Vento	Volkswagen			cost	5500	7500	8500	80	100	190	0	21.7	https://sajilorental.com/vehicle/598	1375	937.5	354.1666667
599	Tata 1512 Supper Deluxe	Tata			cost	6000	12000	12000	50	100	200	0	21.7	https://sajilorental.com/vehicle/599	1500	1500	500
600	Nissan Magnite	Nissan			cost	5500	7500	8500	80	100	190	0	21.7	https://sajilorental.com/vehicle/600	1375	937.5	354.1666667
601	ALTO				cost	4500	5500	8000	5500	210	210	0	21.7	https://sajilorental.com/vehicle/601	1125	687.5	333.3333333
602	Tata 1512 Supper Deluxe	Tata			cost	6000	12000	12000	50	100	200	0	21.7	https://sajilorental.com/vehicle/602	1500	1500	500
603	Hyundai Creta 2021	Hyundai	2021	5	cost	5500	7500	8500	80	100	190	0	21.7	https://sajilorental.com/vehicle/603	1375	937.5	354.1666667
604	mahindra mahindra scorpio 2016	Mahindra	2016	10	cost	7500	8000	8000	50	100	200	0	20.45	https://sajilorental.com/vehicle/604	1875	1000	333.3333333
605	Brezza				cost	5500	7500	8500	80	100	190	0	21.7	https://sajilorental.com/vehicle/605	1375	937.5	354.1666667
606	Toyota New Hiace	Toyota			cost	5000	10000	10000	50	100	200	0	21.7	https://sajilorental.com/vehicle/606	1250	1250	416.6666667
607	Mahindra Scorpio	Mahindra			cost	7500	8000	8000	50	100	200	0	19.73	https://sajilorental.com/vehicle/607	1875	1000	333.3333333
608	Santro				cost	4500	5500	8000	5500	210	210	0	21.7	https://sajilorental.com/vehicle/608	1125	687.5	333.3333333
609	WAGONR				cost	4500	5500	8000	5500	210	210	0	21.7	https://sajilorental.com/vehicle/609	1125	687.5	333.3333333
610	Toyota New Hiace	Toyota			cost	5000	10000	10000	50	100	200	0	21.7	https://sajilorental.com/vehicle/610	1250	1250	416.6666667
611	Toyota New Hiace	Toyota			cost	5000	10000	10000	50	100	200	0	21.7	https://sajilorental.com/vehicle/611	1250	1250	416.6666667
612	Isuzu D-Max Pickup	ISUZU			cost	4500	8000	8000	50	100	200	0	21.7	https://sajilorental.com/vehicle/612	1125	1000	333.3333333
614	Mahindra Scorpio	Mahindra			cost	7500	8000	8000	50	100	200	0	19.73	https://sajilorental.com/vehicle/614	1875	1000	333.3333333
615	Tata Tigor	Tata			cost	5000	6500	8000	80	150	190	0	21.7	https://sajilorental.com/vehicle/615	1250	812.5	333.3333333
616	Nissan Magnite	Nissan			cost	5500	7500	8500	80	100	190	0	21.7	https://sajilorental.com/vehicle/616	1375	937.5	354.1666667
617	Maruti Suzuki	Suzuki			cost	4500	6500	6500	100	150	180	0	21.7	https://sajilorental.com/vehicle/617	1125	812.5	270.8333333
618	Tata 1512 Supper Deluxe	Tata			cost	6000	12000	12000	50	100	200	0	21.7	https://sajilorental.com/vehicle/618	1500	1500	500
619	Toyota New Hiace	Toyota			cost	5000	10000	10000	50	100	200	0	21.7	https://sajilorental.com/vehicle/619	1250	1250	416.6666667
620	i10				cost	4500	5500	8000	5500	210	210	0	21.7	https://sajilorental.com/vehicle/620	1125	687.5	333.3333333
621	Tata 1512 Supper Deluxe	Tata			cost	6000	12000	12000	50	100	200	0	21.7	https://sajilorental.com/vehicle/621	1500	1500	500
622	Mahindra Scorpio	Mahindra			cost	7500	8000	8000	50	100	200	0	19.73	https://sajilorental.com/vehicle/622	1875	1000	333.3333333
623	Mahindra Scorpio	Mahindra			cost	7500	8000	8000	50	100	200	0	19.73	https://sajilorental.com/vehicle/623	1875	1000	333.3333333
625	207 DI				cost	0	0	0	100	210	210	0	21.7	https://sajilorental.com/vehicle/625	0	0	0
626	Honda City	Honda			cost	5000	6500	8000	80	150	190	0	21.7	https://sajilorental.com/vehicle/626	1250	812.5	333.3333333
627	i20				cost	4500	5500	8000	5500	210	210	0	21.7	https://sajilorental.com/vehicle/627	1125	687.5	333.3333333
628	Linea				cost	5000	7000	8000	50	100	200	0	36.17	https://sajilorental.com/vehicle/628	1250	875	333.3333333
629	Maruti Suzuki	Suzuki			cost	4500	5500	8000	5500	210	210	0	21.7	https://sajilorental.com/vehicle/629	1125	687.5	333.3333333
630	Mahindra Scorpio	Mahindra			cost	7500	8000	8000	50	100	200	0	19.73	https://sajilorental.com/vehicle/630	1875	1000	333.3333333
631	Maruti Suzuki	Suzuki			cost	4500	6500	6500	100	150	180	0	21.7	https://sajilorental.com/vehicle/631	1125	812.5	270.8333333
632	Classic				cost	5000	6500	8000	80	150	190	0	21.7	https://sajilorental.com/vehicle/632	1250	812.5	333.3333333
633	Tata Tiago	Tata			cost	4500	6000	7000	80	150	190	0	36.17	https://sajilorental.com/vehicle/633	1125	750	291.6666667
634	Mahindra Scorpio	Mahindra			cost	7500	8000	8000	50	100	200	0	19.73	https://sajilorental.com/vehicle/634	1875	1000	333.3333333
635	Mahindra Scorpio	Mahindra			cost	7500	8000	8000	50	100	200	0	19.73	https://sajilorental.com/vehicle/635	1875	1000	333.3333333
636	Creta				cost	5500	7500	8500	80	100	190	0	21.7	https://sajilorental.com/vehicle/636	1375	937.5	354.1666667
637	i10				cost	4500	5500	8000	5500	210	210	0	21.7	https://sajilorental.com/vehicle/637	1125	687.5	333.3333333
638	Kwid				cost	5000	6500	8000	80	150	190	0	21.7	https://sajilorental.com/vehicle/638	1250	812.5	333.3333333
639	Celerio				cost	4500	5500	8000	5500	210	210	0	21.7	https://sajilorental.com/vehicle/639	1125	687.5	333.3333333
640	WAGONR				cost	5000	6500	8000	80	150	190	0	21.7	https://sajilorental.com/vehicle/640	1250	812.5	333.3333333
641	WAGONR				cost	5000	6500	8000	80	150	190	0	21.7	https://sajilorental.com/vehicle/641	1250	812.5	333.3333333
642	Jeep Grand Cherokee	Jeep			cost	5500	7500	8500	80	100	190	0	21.7	https://sajilorental.com/vehicle/642	1375	937.5	354.1666667
643	Mahindra Scorpio	Mahindra			cost	7500	8000	8000	50	100	200	0	19.73	https://sajilorental.com/vehicle/643	1875	1000	333.3333333
644	Mahindra Scorpio	Mahindra			cost	7500	8000	8000	50	100	200	0	19.73	https://sajilorental.com/vehicle/644	1875	1000	333.3333333
645	Tata Tiago EV	Tata			cost	4500	5500	8000	50	200	200	0	21.7	https://sajilorental.com/vehicle/645	1125	687.5	333.3333333
646	Tata Nexon	Tata			cost	5500	7500	8500	80	100	190	0	21.7	https://sajilorental.com/vehicle/646	1375	937.5	354.1666667
647	Grand i10				cost	4500	5500	8000	5500	210	210	0	21.7	https://sajilorental.com/vehicle/647	1125	687.5	333.3333333
648	Tata Altroz EV	Tata			cost	6000	12000	12000	50	100	200	0	21.7	https://sajilorental.com/vehicle/648	1500	1500	500
649	Toyota New Hiace	Toyota			cost	5000	10000	10000	50	100	200	0	21.7	https://sajilorental.com/vehicle/649	1250	1250	416.6666667
650	Brezza				cost	5500	7500	8500	80	100	190	0	21.7	https://sajilorental.com/vehicle/650	1375	937.5	354.1666667
651	Tata 1512 Supper Deluxe	Tata			cost	6000	12000	12000	50	100	200	0	21.7	https://sajilorental.com/vehicle/651	1500	1500	500
652	Endeavour				cost	5000	6500	8000	80	150	190	0	21.7	https://sajilorental.com/vehicle/652	1250	812.5	333.3333333
653	Creta				cost	5500	7500	8500	80	100	190	0	21.7	https://sajilorental.com/vehicle/653	1375	937.5	354.1666667
654	Mahindra Scorpio	Mahindra			cost	7500	8000	8000	50	100	200	0	19.73	https://sajilorental.com/vehicle/654	1875	1000	333.3333333
655	Mahindra Bolero Pickup	Mahindra			cost	4500	8000	8000	50	100	200	0	21.7	https://sajilorental.com/vehicle/655	1125	1000	333.3333333
656	SUPER CARRY PICK-UP VAN				cost	4500	6500	6500	100	150	180	0	21.7	https://sajilorental.com/vehicle/656	1125	812.5	270.8333333
657	EECO CARGO				cost	4500	6500	6500	100	150	180	0	21.7	https://sajilorental.com/vehicle/657	1125	812.5	270.8333333
658	Mahindra Scorpio	Mahindra			cost	7500	8000	8000	50	100	200	0	19.73	https://sajilorental.com/vehicle/658	1875	1000	333.3333333
659	Mahindra Scorpio	Mahindra			cost	7500	8000	8000	50	100	200	0	19.73	https://sajilorental.com/vehicle/659	1875	1000	333.3333333
660	DZIRE				cost	4500	5500	8000	100	210	210	0	21.7	https://sajilorental.com/vehicle/660	1125	687.5	333.3333333
661	Mahindra Scorpio	Mahindra			cost	7500	8000	8000	50	100	200	0	19.73	https://sajilorental.com/vehicle/661	1875	1000	333.3333333
664	Tata 1512 Supper Deluxe	Tata			cost	6000	12000	12000	50	100	200	0	21.7	https://sajilorental.com/vehicle/664	1500	1500	500
665	Linea				cost	5000	6500	8000	80	150	190	0	21.7	https://sajilorental.com/vehicle/665	1250	812.5	333.3333333
666	Ecosport				cost	5500	7500	8500	80	100	190	0	21.7	https://sajilorental.com/vehicle/666	1375	937.5	354.1666667
667	Kiger				cost	5500	7500	8500	80	100	190	0	21.7	https://sajilorental.com/vehicle/667	1375	937.5	354.1666667
668	RAPID				cost	4500	5500	8000	100	210	210	0	21.7	https://sajilorental.com/vehicle/668	1125	687.5	333.3333333
669	MG ZS				cost	5500	7500	8500	80	100	190	0	21.7	https://sajilorental.com/vehicle/669	1375	937.5	354.1666667
670	Santro				cost	4500	5500	8000	5500	210	210	0	21.7	https://sajilorental.com/vehicle/670	1125	687.5	333.3333333
671	i10				cost	4500	5500	8000	5500	210	210	0	21.7	https://sajilorental.com/vehicle/671	1125	687.5	333.3333333
673	Atto 3				cost	5000	7000	8000	50	100	200	0	36.17	https://sajilorental.com/vehicle/673	1250	875	333.3333333
674	Toyota New Hiace	Toyota			cost	5000	10000	10000	50	100	200	0	21.7	https://sajilorental.com/vehicle/674	1250	1250	416.6666667
676	Maruti Suzuki	Suzuki			cost	5000	6500	8000	80	150	190	0	21.7	https://sajilorental.com/vehicle/676	1250	812.5	333.3333333
677	Toyota Land Cruiser	Toyota			cost	6000	9000	10000	80	150	190	0	21.7	https://sajilorental.com/vehicle/677	1500	1125	416.6666667
678	i10				cost	4500	5500	8000	5500	210	210	0	21.7	https://sajilorental.com/vehicle/678	1125	687.5	333.3333333
679	Tata Nexon	Tata			cost	5500	7500	8500	80	100	190	0	21.7	https://sajilorental.com/vehicle/679	1375	937.5	354.1666667
680	Seltos				cost	5500	7500	8500	80	100	190	0	21.7	https://sajilorental.com/vehicle/680	1375	937.5	354.1666667
681	Toyota Land Cruiser	Toyota			cost	6000	9000	10000	80	150	190	0	21.7	https://sajilorental.com/vehicle/681	1500	1125	416.6666667
682	Maruti Suzuki	Suzuki			cost	5000	6500	8000	80	150	190	0	21.7	https://sajilorental.com/vehicle/682	1250	812.5	333.3333333
683	Datsun New GO	Datsun			cost	4500	5500	8000	5500	210	210	0	21.7	https://sajilorental.com/vehicle/683	1125	687.5	333.3333333
685	Mahindra Scorpio	Mahindra			cost	7500	8000	8000	50	100	200	0	19.73	https://sajilorental.com/vehicle/685	1875	1000	333.3333333
686	Mahindra Scorpio	Mahindra			cost	7500	8000	8000	50	100	200	0	19.73	https://sajilorental.com/vehicle/686	1875	1000	333.3333333
687	Toyota Land Cruiser	Toyota			cost	6000	9000	10000	80	150	190	0	21.7	https://sajilorental.com/vehicle/687	1500	1125	416.6666667
688	Maruti Suzuki	Suzuki			cost	5000	6500	8000	80	150	190	0	21.7	https://sajilorental.com/vehicle/688	1250	812.5	333.3333333
690	Tata 1512 Supper Deluxe	Tata			cost	6000	12000	12000	50	100	200	0	21.7	https://sajilorental.com/vehicle/690	1500	1500	500
692	Isuzu Highlander	ISUZU			cost	4500	8000	8000	50	100	200	0	21.7	https://sajilorental.com/vehicle/692	1125	1000	333.3333333
693	Honda Amaze	Honda			cost	5000	6500	8000	80	150	190	0	21.7	https://sajilorental.com/vehicle/693	1250	812.5	333.3333333
694	Toyota New Hiace	Toyota			cost	5000	10000	10000	50	100	200	0	21.7	https://sajilorental.com/vehicle/694	1250	1250	416.6666667
695	TATA XENON	Tata			cost	0	0	0	100	210	210	0	21.7	https://sajilorental.com/vehicle/695	0	0	0
696	Brezza				cost	5500	7500	8500	80	100	190	0	21.7	https://sajilorental.com/vehicle/696	1375	937.5	354.1666667
697	BALENO				cost	4500	5500	8000	5500	210	210	0	21.7	https://sajilorental.com/vehicle/697	1125	687.5	333.3333333
698	DZIRE				cost	4500	5500	8000	100	210	210	0	21.7	https://sajilorental.com/vehicle/698	1125	687.5	333.3333333
699	Maruti Suzuki	Suzuki			cost	4500	6500	6500	100	150	180	0	21.7	https://sajilorental.com/vehicle/699	1125	812.5	270.8333333
700	BYD Dolphin	BYD			cost	4500	5500	8000	50	200	200	0	21.7	https://sajilorental.com/vehicle/700	1125	687.5	333.3333333
702	Tata Manza	Tata			cost	5000	6500	8000	80	150	190	0	21.7	https://sajilorental.com/vehicle/702	1250	812.5	333.3333333
703	Mahindra XUV	Mahindra			cost	5500	7500	8500	80	100	190	0	21.7	https://sajilorental.com/vehicle/703	1375	937.5	354.1666667
704	Tata 1512 Supper Deluxe	Tata			cost	6000	12000	12000	50	100	200	0	21.7	https://sajilorental.com/vehicle/704	1500	1500	500
705	EECO CARGO				cost	0	0	0	100	210	210	0	21.7	https://sajilorental.com/vehicle/705	0	0	0
707	i20				cost	4500	5500	8000	5500	210	210	0	21.7	https://sajilorental.com/vehicle/707	1125	687.5	333.3333333
708	Tata Nexon EV	Tata			cost	5000	7000	8000	50	100	200	0	36.17	https://sajilorental.com/vehicle/708	1250	875	333.3333333
709	Tata Manza	Tata			cost	5000	6500	8000	80	150	190	0	21.7	https://sajilorental.com/vehicle/709	1250	812.5	333.3333333
710	Toyota Hilux	Toyota			cost	4500	8000	8000	50	100	200	0	21.7	https://sajilorental.com/vehicle/710	1125	1000	333.3333333
711	ALTO				cost	4500	5500	8000	5500	210	210	0	21.7	https://sajilorental.com/vehicle/711	1125	687.5	333.3333333
712	Honda City	Honda			cost	5000	6500	8000	80	150	190	0	21.7	https://sajilorental.com/vehicle/712	1250	812.5	333.3333333
713	Tata Safari	Tata			cost	0	0	0	100	210	210	0	21.7	https://sajilorental.com/vehicle/713	0	0	0
714	BMW 2 Series	BMW			cost	5500	7500	8500	80	100	190	0	21.7	https://sajilorental.com/vehicle/714	1375	937.5	354.1666667
715	Triber				cost	5000	6500	8000	80	150	190	0	21.7	https://sajilorental.com/vehicle/715	1250	812.5	333.3333333
716	S- PRESSO				cost	5500	7500	8500	80	100	190	0	21.7	https://sajilorental.com/vehicle/716	1375	937.5	354.1666667
717	Mahindra Scorpio	Mahindra			cost	7500	8000	8000	50	100	200	0	19.73	https://sajilorental.com/vehicle/717	1875	1000	333.3333333
718	Mahindra Bolero Pickup	Mahindra			cost	0	0	0	100	210	210	0	21.7	https://sajilorental.com/vehicle/718	0	0	0
719	Mahindra Scorpio	Mahindra			cost	7500	8000	8000	50	100	200	0	19.73	https://sajilorental.com/vehicle/719	1875	1000	333.3333333
720	Tata 1512 Supper Deluxe	Tata			cost	6000	12000	12000	50	100	200	0	21.7	https://sajilorental.com/vehicle/720	1500	1500	500
721	Maruti Suzuki	Suzuki			cost	4500	6500	6500	100	150	180	0	21.7	https://sajilorental.com/vehicle/721	1125	812.5	270.8333333
723	Tata 1512 Supper Deluxe	Tata			cost	6000	12000	12000	50	100	200	0	21.7	https://sajilorental.com/vehicle/723	1500	1500	500
724	Tata Tiago EV	Tata			cost	4500	5500	8000	50	200	200	0	21.7	https://sajilorental.com/vehicle/724	1125	687.5	333.3333333
725	Toyota New Hiace	Toyota			cost	5000	10000	10000	50	100	200	0	21.7	https://sajilorental.com/vehicle/725	1250	1250	416.6666667
726	Toyota New Hiace	Toyota			cost	5000	10000	10000	50	100	200	0	21.7	https://sajilorental.com/vehicle/726	1250	1250	416.6666667
727	Nissan Kicks	Nissan			cost	5500	7500	8500	80	100	190	0	21.7	https://sajilorental.com/vehicle/727	1375	937.5	354.1666667
728	SUPER CARRY PICK-UP VAN				cost	4500	6500	6500	100	150	180	0	21.7	https://sajilorental.com/vehicle/728	1125	812.5	270.8333333
729	Honda BRV	Honda			cost	5500	7500	8500	80	100	190	0	21.7	https://sajilorental.com/vehicle/729	1375	937.5	354.1666667
730	Celerio				cost	4500	5500	8000	5500	210	210	0	21.7	https://sajilorental.com/vehicle/730	1125	687.5	333.3333333
731	Ecosport				cost	5500	7500	8500	80	100	190	0	21.7	https://sajilorental.com/vehicle/731	1375	937.5	354.1666667
732	Isuzu Flat Deck	ISUZU			cost	4500	8000	8000	50	100	200	0	21.7	https://sajilorental.com/vehicle/732	1125	1000	333.3333333
733	Figo				cost	4500	5500	8000	100	210	210	0	21.7	https://sajilorental.com/vehicle/733	1125	687.5	333.3333333
734	Mahindra Scorpio	Mahindra			cost	7500	8000	8000	50	100	200	0	19.73	https://sajilorental.com/vehicle/734	1875	1000	333.3333333
735	Mahindra Scorpio	Mahindra			cost	7500	8000	8000	50	100	200	0	19.73	https://sajilorental.com/vehicle/735	1875	1000	333.3333333
736	Mahindra Scorpio	Mahindra			cost	7500	8000	8000	50	100	200	0	19.73	https://sajilorental.com/vehicle/736	1875	1000	333.3333333
737	Mahindra Scorpio	Mahindra			cost	7500	8000	8000	50	100	200	0	19.73	https://sajilorental.com/vehicle/737	1875	1000	333.3333333
738	Mahindra Bolero Pickup	Mahindra			cost	0	0	0	100	210	210	0	21.7	https://sajilorental.com/vehicle/738	0	0	0
739	Mahindra Scorpio	Mahindra			cost	7500	8000	8000	50	100	200	0	19.73	https://sajilorental.com/vehicle/739	1875	1000	333.3333333
740	DZIRE				cost	4500	5500	8000	100	210	210	0	21.7	https://sajilorental.com/vehicle/740	1125	687.5	333.3333333
741	Brezza				cost	5500	7500	8500	80	100	190	0	21.7	https://sajilorental.com/vehicle/741	1375	937.5	354.1666667
742	Mahindra Scorpio	Mahindra			cost	7500	8000	8000	50	100	200	0	19.73	https://sajilorental.com/vehicle/742	1875	1000	333.3333333
743	Tata Nexon	Tata			cost	5000	7000	8000	50	100	200	0	36.17	https://sajilorental.com/vehicle/743	1250	875	333.3333333
744	Sumo				cost	6000	9000	10000	80	150	190	0	21.7	https://sajilorental.com/vehicle/744	1500	1125	416.6666667
745	Toyota New Hiace	Toyota			cost	5000	10000	10000	50	100	200	0	21.7	https://sajilorental.com/vehicle/745	1250	1250	416.6666667
746	RAPID				cost	4500	5500	8000	100	210	210	0	21.7	https://sajilorental.com/vehicle/746	1125	687.5	333.3333333
747	Mahindra TUV	Mahindra			cost	5500	7500	8500	80	100	190	0	21.7	https://sajilorental.com/vehicle/747	1375	937.5	354.1666667
748	DZIRE				cost	4500	5500	8000	100	210	210	0	21.7	https://sajilorental.com/vehicle/748	1125	687.5	333.3333333
749	Nissan Sunny	Nissan			cost	5000	6500	8000	80	150	190	0	21.7	https://sajilorental.com/vehicle/749	1250	812.5	333.3333333
750	Nissan Kicks	Nissan			cost	5500	7500	8500	80	100	190	0	21.7	https://sajilorental.com/vehicle/750	1375	937.5	354.1666667
751	Ecosport				cost	5500	7500	8500	80	100	190	0	21.7	https://sajilorental.com/vehicle/751	1375	937.5	354.1666667
752	Tata Yodha Pickup	Tata			cost	0	0	0	100	210	210	0	21.7	https://sajilorental.com/vehicle/752	0	0	0
753	Mahindra Scorpio	Mahindra			cost	7500	8000	8000	50	100	200	0	19.73	https://sajilorental.com/vehicle/753	1875	1000	333.3333333
754	Nissan Magnite	Nissan			cost	5500	7500	8500	80	100	190	0	21.7	https://sajilorental.com/vehicle/754	1375	937.5	354.1666667
755	Tata 1512 Supper Deluxe	Tata			cost	6000	12000	12000	50	100	200	0	21.7	https://sajilorental.com/vehicle/755	1500	1500	500
756	Santro				cost	4500	5500	8000	5500	210	210	0	21.7	https://sajilorental.com/vehicle/756	1125	687.5	333.3333333
757	Tata 1512 Supper Deluxe	Tata			cost	6000	12000	12000	50	100	200	0	21.7	https://sajilorental.com/vehicle/757	1500	1500	500
758	Isuzu D-Max	ISUZU			cost	4500	8000	8000	50	100	200	0	21.7	https://sajilorental.com/vehicle/758	1125	1000	333.3333333
759	Winger				cost	7500	8000	8000	50	100	200	0	19.73	https://sajilorental.com/vehicle/759	1875	1000	333.3333333
760	Chevrolet Tavera Neo	Chevrolet			cost	5000	6500	8000	80	150	190	0	21.7	https://sajilorental.com/vehicle/760	1250	812.5	333.3333333
761	Toyota Hilux	Toyota			cost	4500	8000	8000	50	100	200	0	21.7	https://sajilorental.com/vehicle/761	1125	1000	333.3333333
762	Toyata LX				cost	5000	6500	8000	80	150	190	0	21.7	https://sajilorental.com/vehicle/762	1250	812.5	333.3333333
763	Tata 1512 Supper Deluxe	Tata			cost	6000	12000	12000	50	100	200	0	21.7	https://sajilorental.com/vehicle/763	1500	1500	500
764	Volkswagen Vento	Volkswagen			cost	5000	6500	8000	80	150	190	0	21.7	https://sajilorental.com/vehicle/764	1250	812.5	333.3333333
765	Mahindra Scorpio	Mahindra			cost	7500	8000	8000	50	100	200	0	19.73	https://sajilorental.com/vehicle/765	1875	1000	333.3333333
766	Tata 1512 Supper Deluxe	Tata			cost	6000	12000	12000	50	100	200	0	21.7	https://sajilorental.com/vehicle/766	1500	1500	500
767	Tata 1512 Supper Deluxe	Tata			cost	6000	12000	12000	50	100	200	0	21.7	https://sajilorental.com/vehicle/767	1500	1500	500
768	Venue				cost	5500	7500	8500	80	100	190	0	21.7	https://sajilorental.com/vehicle/768	1375	937.5	354.1666667
769	Mahindra Scorpio	Mahindra			cost	7500	8000	8000	50	100	200	0	19.73	https://sajilorental.com/vehicle/769	1875	1000	333.3333333
770	Freestyle				cost	4500	5500	8000	100	210	210	0	21.7	https://sajilorental.com/vehicle/770	1125	687.5	333.3333333
773	Tata 1512 Supper Deluxe	Tata			cost	6000	12000	12000	50	100	200	0	21.7	https://sajilorental.com/vehicle/773	1500	1500	500
774	Volkswagen Tiguan	Volkswagen			cost	5500	7500	8500	80	100	190	0	21.7	https://sajilorental.com/vehicle/774	1375	937.5	354.1666667
775	Dongfeng Nammi 2024		2024	2	cost	4500	5500	8000	50	200	200	0	21.7	https://sajilorental.com/vehicle/775	1125	687.5	333.3333333
776	DZIRE				cost	4500	5500	8000	100	210	210	0	21.7	https://sajilorental.com/vehicle/776	1125	687.5	333.3333333
777	Mahindra Scorpio	Mahindra			cost	7500	8000	8000	50	100	200	0	19.73	https://sajilorental.com/vehicle/777	1875	1000	333.3333333
778	Mahindra Scorpio	Mahindra			cost	7500	8000	8000	50	100	200	0	19.73	https://sajilorental.com/vehicle/778	1875	1000	333.3333333
779	Celerio				cost	4500	5500	8000	5500	210	210	0	21.7	https://sajilorental.com/vehicle/779	1125	687.5	333.3333333
780	Mahindra XUV	Mahindra			cost	5500	7500	8500	80	100	190	0	21.7	https://sajilorental.com/vehicle/780	1375	937.5	354.1666667
781	Suzuki Brezza 2021	Suzuki	2021	5	cost	5500	7500	8500	80	100	190	0	21.7	https://sajilorental.com/vehicle/781	1375	937.5	354.1666667
782	Mahindra Scorpio	Mahindra			cost	7500	8000	8000	50	100	200	0	19.73	https://sajilorental.com/vehicle/782	1875	1000	333.3333333
783	Tata 1512 Supper Deluxe	Tata			cost	6000	12000	12000	50	100	200	0	21.7	https://sajilorental.com/vehicle/783	1500	1500	500
784	Toyota New Hiace	Toyota			cost	5000	10000	10000	50	100	200	0	21.7	https://sajilorental.com/vehicle/784	1250	1250	416.6666667
785	Accent				cost	4500	5500	8000	100	210	210	0	21.7	https://sajilorental.com/vehicle/785	1125	687.5	333.3333333
786	Mahindra Scorpio	Mahindra			cost	7500	8000	8000	50	100	200	0	19.73	https://sajilorental.com/vehicle/786	1875	1000	333.3333333
787	Mahindra Scorpio	Mahindra			cost	7500	8000	8000	50	100	200	0	19.73	https://sajilorental.com/vehicle/787	1875	1000	333.3333333
788	Atto 3				cost	5000	7000	8000	50	100	200	0	36.17	https://sajilorental.com/vehicle/788	1250	875	333.3333333
789	Toyota Corola	Toyota			cost	4500	5500	8000	100	210	210	0	21.7	https://sajilorental.com/vehicle/789	1125	687.5	333.3333333
790	RAPID				cost	4500	5500	8000	100	210	210	0	21.7	https://sajilorental.com/vehicle/790	1125	687.5	333.3333333
791	Toyota New Hiace	Toyota			cost	5000	10000	10000	50	100	200	0	21.7	https://sajilorental.com/vehicle/791	1250	1250	416.6666667
792	Sumo				cost	7500	8000	8000	50	100	200	0	19.73	https://sajilorental.com/vehicle/792	1875	1000	333.3333333
793	NETA - V	NETA			cost	5000	7000	8000	50	100	200	0	36.17	https://sajilorental.com/vehicle/793	1250	875	333.3333333
794	WAGONR				cost	5000	6500	8000	80	150	190	0	21.7	https://sajilorental.com/vehicle/794	1250	812.5	333.3333333
795	Maruti Suzuki	Suzuki			cost	4500	6500	6500	100	150	180	0	21.7	https://sajilorental.com/vehicle/795	1125	812.5	270.8333333
796	Toyota New Hiace	Toyota			cost	5000	10000	10000	50	100	200	0	21.7	https://sajilorental.com/vehicle/796	1250	1250	416.6666667
797	Celerio				cost	4500	5500	8000	5500	210	210	0	21.7	https://sajilorental.com/vehicle/797	1125	687.5	333.3333333
798	Hyundai Creta 2020	Hyundai	2020	6	cost	5500	7500	8500	80	100	190	0	21.7	https://sajilorental.com/vehicle/798	1375	937.5	354.1666667
799	Ecosport				cost	5500	7500	8500	80	100	190	0	21.7	https://sajilorental.com/vehicle/799	1375	937.5	354.1666667
802	Grand i10				cost	4500	5500	8000	5500	210	210	0	21.7	https://sajilorental.com/vehicle/802	1125	687.5	333.3333333
803	MG ZS				cost	5000	7000	8000	50	100	200	0	36.17	https://sajilorental.com/vehicle/803	1250	875	333.3333333
804	DZIRE				cost	4500	5500	8000	100	210	210	0	21.7	https://sajilorental.com/vehicle/804	1125	687.5	333.3333333
805	Tata 1512 Supper Deluxe	Tata			cost	6000	12000	12000	50	100	200	0	21.7	https://sajilorental.com/vehicle/805	1500	1500	500
806	S- PRESSO				cost	5500	7500	8500	80	100	190	0	21.7	https://sajilorental.com/vehicle/806	1375	937.5	354.1666667
807	Punch				cost	5000	7000	8000	50	100	200	0	36.17	https://sajilorental.com/vehicle/807	1250	875	333.3333333
808	Suzuki Ciaz 2020	Suzuki	2020	6	cost	5000	6500	8000	80	150	190	0	21.7	https://sajilorental.com/vehicle/808	1250	812.5	333.3333333
809	Duster				cost	5500	7500	8500	80	100	190	0	21.7	https://sajilorental.com/vehicle/809	1375	937.5	354.1666667
810	Mahindra Scorpio	Mahindra			cost	7500	8000	8000	50	100	200	0	19.73	https://sajilorental.com/vehicle/810	1875	1000	333.3333333
811	Maruti Suzuki	Suzuki			cost	5500	7500	8500	80	100	190	0	21.7	https://sajilorental.com/vehicle/811	1375	937.5	354.1666667
812	Atto 3				cost	5000	7000	8000	50	100	200	0	36.17	https://sajilorental.com/vehicle/812	1250	875	333.3333333
813	Ignis				cost	5000	6500	8000	80	150	190	0	21.7	https://sajilorental.com/vehicle/813	1250	812.5	333.3333333
814	Tata 1512 Supper Deluxe	Tata			cost	6000	12000	12000	50	100	200	0	21.7	https://sajilorental.com/vehicle/814	1500	1500	500
815	EECO CARGO				cost	0	0	0	100	210	210	0	21.7	https://sajilorental.com/vehicle/815	0	0	0
816	ORA O3				cost	4500	5500	8000	5500	210	210	0	21.7	https://sajilorental.com/vehicle/816	1125	687.5	333.3333333
817	BMW i3	BMW			cost	5000	6500	8000	80	150	190	0	21.7	https://sajilorental.com/vehicle/817	1250	812.5	333.3333333
818	Tata Tigor	Tata			cost	4500	5500	8000	100	210	210	0	21.7	https://sajilorental.com/vehicle/818	1125	687.5	333.3333333
819	Toyota New Hiace	Toyota			cost	5000	10000	10000	50	100	200	0	21.7	https://sajilorental.com/vehicle/819	1250	1250	416.6666667
822	Hyundai Creta 2017	Hyundai	2017	9	cost	5500	7500	8500	80	100	190	0	21.7	https://sajilorental.com/vehicle/822	1375	937.5	354.1666667
823	Mahindra Scorpio	Mahindra			cost	7500	8000	8000	50	100	200	0	19.73	https://sajilorental.com/vehicle/823	1875	1000	333.3333333
824	Mahindra Scorpio	Mahindra			cost	7500	8000	8000	50	100	200	0	19.73	https://sajilorental.com/vehicle/824	1875	1000	333.3333333
825	Mahindra Scorpio	Mahindra			cost	7500	8000	8000	50	100	200	0	19.73	https://sajilorental.com/vehicle/825	1875	1000	333.3333333
826	Tata 1512 Supper Deluxe	Tata			cost	6000	12000	12000	50	100	200	0	21.7	https://sajilorental.com/vehicle/826	1500	1500	500
827	Nissan Kicks	Nissan			cost	5500	7500	8500	80	100	190	0	21.7	https://sajilorental.com/vehicle/827	1375	937.5	354.1666667
828	Jeep Wrangler	Jeep			cost	0	0	0	100	210	210	0	21.7	https://sajilorental.com/vehicle/828	0	0	0
829	Sumo				cost	6000	9000	10000	80	150	190	0	21.7	https://sajilorental.com/vehicle/829	1500	1125	416.6666667
831	WAGONR				cost	5000	6500	8000	80	150	190	0	21.7	https://sajilorental.com/vehicle/831	1250	812.5	333.3333333
832	Xcent				cost	5000	6500	8000	80	150	190	0	21.7	https://sajilorental.com/vehicle/832	1250	812.5	333.3333333
833	Mahindra Bolero Pickup	Mahindra			cost	4500	8000	8000	50	100	200	0	21.7	https://sajilorental.com/vehicle/833	1125	1000	333.3333333
834	Tata 1512 Supper Deluxe	Tata			cost	6000	12000	12000	50	100	200	0	21.7	https://sajilorental.com/vehicle/834	1500	1500	500
836	Brezza				cost	5500	7500	8500	80	100	190	0	21.7	https://sajilorental.com/vehicle/836	1375	937.5	354.1666667
837	Tata 1512 Supper Deluxe	Tata			cost	6000	12000	12000	50	100	200	0	21.7	https://sajilorental.com/vehicle/837	1500	1500	500
838	Tata 1512 Supper Deluxe	Tata			cost	6000	12000	12000	50	100	200	0	21.7	https://sajilorental.com/vehicle/838	1500	1500	500
839	hyundai accent 2022	Hyundai	2022	4	cost	4500	5500	8000	100	210	210	0	21.7	https://sajilorental.com/vehicle/839	1125	687.5	333.3333333
840	Mahindra Scorpio	Mahindra			cost	7500	8000	8000	50	100	200	0	19.73	https://sajilorental.com/vehicle/840	1875	1000	333.3333333
841	Mahindra Scorpio	Mahindra			cost	7500	8000	8000	50	100	200	0	19.73	https://sajilorental.com/vehicle/841	1875	1000	333.3333333
842	Tata 1512 Supper Deluxe	Tata			cost	6000	12000	12000	50	100	200	0	21.7	https://sajilorental.com/vehicle/842	1500	1500	500
844	Mahindra Scorpio	Mahindra			cost	7500	8000	8000	50	100	200	0	19.73	https://sajilorental.com/vehicle/844	1875	1000	333.3333333
845	Mahindra Bolero Pickup	Mahindra			cost	4500	8000	8000	50	100	200	0	21.7	https://sajilorental.com/vehicle/845	1125	1000	333.3333333
846	Nissan Kicks	Nissan			cost	5500	7500	8500	80	100	190	0	21.7	https://sajilorental.com/vehicle/846	1375	937.5	354.1666667
847	Maruti Suzuki	Suzuki			cost	4500	6500	6500	100	150	180	0	21.7	https://sajilorental.com/vehicle/847	1125	812.5	270.8333333
849	MG ZS				cost	5500	7500	8500	80	100	190	0	21.7	https://sajilorental.com/vehicle/849	1375	937.5	354.1666667
850	KYC EV Van				cost	5000	10000	10000	50	100	200	0	36.17	https://sajilorental.com/vehicle/850	1250	1250	416.6666667
851	Chevrolet Aveo	Chevrolet			cost	4500	5500	8000	100	210	210	0	21.7	https://sajilorental.com/vehicle/851	1125	687.5	333.3333333
852	Tata Manza	Tata			cost	4500	5500	8000	100	210	210	0	21.7	https://sajilorental.com/vehicle/852	1125	687.5	333.3333333
853	Tata 1512 Supper Deluxe	Tata			cost	6000	12000	12000	50	100	200	0	21.7	https://sajilorental.com/vehicle/853	1500	1500	500
854	Maruti Suzuki	Suzuki			cost	5000	6500	8000	80	150	190	0	21.7	https://sajilorental.com/vehicle/854	1250	812.5	333.3333333
855	Ecosport				cost	5500	7500	8500	80	100	190	0	21.7	https://sajilorental.com/vehicle/855	1375	937.5	354.1666667
856	Santro				cost	4500	5500	8000	5500	210	210	0	21.7	https://sajilorental.com/vehicle/856	1125	687.5	333.3333333
857	Figo				cost	4500	5500	8000	100	210	210	0	21.7	https://sajilorental.com/vehicle/857	1125	687.5	333.3333333
859	Tata 1512 Supper Deluxe	Tata			cost	6000	12000	12000	50	100	200	0	21.7	https://sajilorental.com/vehicle/859	1500	1500	500
860	Tata 1512 Supper Deluxe	Tata			cost	6000	12000	12000	50	100	200	0	21.7	https://sajilorental.com/vehicle/860	1500	1500	500
861	Toyota New Hiace	Toyota			cost	5000	10000	10000	50	100	200	0	21.7	https://sajilorental.com/vehicle/861	1250	1250	416.6666667
862	Santro				cost	4500	5500	8000	5500	210	210	0	21.7	https://sajilorental.com/vehicle/862	1125	687.5	333.3333333
863	Santro				cost	4500	5500	8000	5500	210	210	0	21.7	https://sajilorental.com/vehicle/863	1125	687.5	333.3333333
864	Xcent				cost	4500	5500	8000	100	210	210	0	21.7	https://sajilorental.com/vehicle/864	1125	687.5	333.3333333
866	Duster				cost	5500	7500	8500	80	100	190	0	21.7	https://sajilorental.com/vehicle/866	1375	937.5	354.1666667
867	RAPID				cost	4500	5500	8000	100	210	210	0	21.7	https://sajilorental.com/vehicle/867	1125	687.5	333.3333333
868	Mahindra Scorpio	Mahindra			cost	7500	8000	8000	50	100	200	0	19.73	https://sajilorental.com/vehicle/868	1875	1000	333.3333333
869	Toyata LX				cost	4500	5500	8000	100	210	210	0	21.7	https://sajilorental.com/vehicle/869	1125	687.5	333.3333333
871	Avanza				cost	5000	6500	8000	80	150	190	0	21.7	https://sajilorental.com/vehicle/871	1250	812.5	333.3333333
872	Toyota New Hiace	Toyota			cost	5000	10000	10000	50	100	200	0	21.7	https://sajilorental.com/vehicle/872	1250	1250	416.6666667
873	Maruti Suzuki	Suzuki			cost	5000	6500	8000	80	150	190	0	21.7	https://sajilorental.com/vehicle/873	1250	812.5	333.3333333
874	Celerio				cost	4500	5500	8000	5500	210	210	0	21.7	https://sajilorental.com/vehicle/874	1125	687.5	333.3333333
875	EECO CARGO				cost	4500	6500	6500	100	150	180	0	21.7	https://sajilorental.com/vehicle/875	1125	812.5	270.8333333
876	i10				cost	4500	5500	8000	5500	210	210	0	21.7	https://sajilorental.com/vehicle/876	1125	687.5	333.3333333
877	Nissan Magnite	Nissan			cost	5500	7500	8500	80	100	190	0	21.7	https://sajilorental.com/vehicle/877	1375	937.5	354.1666667
878	Tata Manza	Tata			cost	6000	9000	10000	80	150	190	0	21.7	https://sajilorental.com/vehicle/878	1500	1125	416.6666667
879	Toyota Corolla Cross	Toyota			cost	4500	5500	8000	5500	210	210	0	21.7	https://sajilorental.com/vehicle/879	1125	687.5	333.3333333
880	BALENO				cost	4500	5500	8000	5500	210	210	0	21.7	https://sajilorental.com/vehicle/880	1125	687.5	333.3333333
881	Accent				cost	5000	6500	8000	80	150	190	0	21.7	https://sajilorental.com/vehicle/881	1250	812.5	333.3333333
882	Volkswagen Polo	Volkswagen			cost	5500	7500	8500	80	100	190	0	21.7	https://sajilorental.com/vehicle/882	1375	937.5	354.1666667
883	Sonata				cost	5000	6500	8000	80	150	190	0	21.7	https://sajilorental.com/vehicle/883	1250	812.5	333.3333333
884	Ecosport				cost	5500	7500	8500	80	100	190	0	21.7	https://sajilorental.com/vehicle/884	1375	937.5	354.1666667
885	Toyota Land Cruiser	Toyota			cost	6000	9000	10000	80	150	190	0	21.7	https://sajilorental.com/vehicle/885	1500	1125	416.6666667
886	Toyota Land Cruiser	Toyota			cost	6000	9000	10000	80	150	190	0	21.7	https://sajilorental.com/vehicle/886	1500	1125	416.6666667
887	Tata 1512 Supper Deluxe	Tata			cost	6000	12000	12000	50	100	200	0	21.7	https://sajilorental.com/vehicle/887	1500	1500	500
888	Toyota New Hiace	Toyota			cost	5000	10000	10000	50	100	200	0	21.7	https://sajilorental.com/vehicle/888	1250	1250	416.6666667
892	Brezza				cost	5500	7500	8500	80	100	190	0	21.7	https://sajilorental.com/vehicle/892	1375	937.5	354.1666667
893	SWIFT				cost	4500	5500	8000	5500	210	210	0	21.7	https://sajilorental.com/vehicle/893	1125	687.5	333.3333333
894	Brezza				cost	5500	7500	8500	80	100	190	0	21.7	https://sajilorental.com/vehicle/894	1375	937.5	354.1666667
895	DZIRE				cost	4500	5500	8000	100	210	210	0	21.7	https://sajilorental.com/vehicle/895	1125	687.5	333.3333333
896	Mahindra Bolero Pickup	Mahindra			cost	4500	8000	8000	50	100	200	0	21.7	https://sajilorental.com/vehicle/896	1125	1000	333.3333333
897	Maruti Suzuki	Suzuki			cost	5000	6500	8000	80	150	190	0	21.7	https://sajilorental.com/vehicle/897	1250	812.5	333.3333333
898	Mahindra Bolero Pickup	Mahindra			cost	4500	8000	8000	50	100	200	0	21.7	https://sajilorental.com/vehicle/898	1125	1000	333.3333333
899	Atto 3				cost	5000	7000	8000	50	100	200	0	2.17	https://sajilorental.com/vehicle/899	1250	875	333.3333333
900	Mahindra Bolero Pickup	Mahindra			cost	4500	8000	8000	50	100	200	0	21.7	https://sajilorental.com/vehicle/900	1125	1000	333.3333333
901	Tata Manza	Tata			cost	5000	6500	8000	80	150	190	0	21.7	https://sajilorental.com/vehicle/901	1250	812.5	333.3333333
902	Figo				cost	4500	5500	8000	100	210	210	0	21.7	https://sajilorental.com/vehicle/902	1125	687.5	333.3333333
903	Mahindra Scorpio	Mahindra			cost	7500	8000	8000	50	100	200	0	19.73	https://sajilorental.com/vehicle/903	1875	1000	333.3333333
904	Ranger				cost	5000	6500	8000	80	150	190	0	21.7	https://sajilorental.com/vehicle/904	1250	812.5	333.3333333
905	Chevrolet Aveo	Chevrolet			cost	4500	5500	8000	5500	210	210	0	21.7	https://sajilorental.com/vehicle/905	1125	687.5	333.3333333
906	EECO CARGO				cost	4500	6500	6500	100	150	180	0	21.7	https://sajilorental.com/vehicle/906	1125	812.5	270.8333333
907	ALTO				cost	4500	5500	8000	5500	210	210	0	21.7	https://sajilorental.com/vehicle/907	1125	687.5	333.3333333
908	Maruti Suzuki	Suzuki			cost	4500	6500	6500	100	150	180	0	21.7	https://sajilorental.com/vehicle/908	1125	812.5	270.8333333
909	Aspire				cost	5000	6500	8000	80	150	190	0	21.7	https://sajilorental.com/vehicle/909	1250	812.5	333.3333333
910	Toyota Etios	Toyota			cost	5000	6500	8000	80	150	190	0	21.7	https://sajilorental.com/vehicle/910	1250	812.5	333.3333333
911	Kwid				cost	5000	6500	8000	80	150	190	0	21.7	https://sajilorental.com/vehicle/911	1250	812.5	333.3333333
912	Mahindra Scorpio	Mahindra			cost	7500	8000	8000	50	100	200	0	19.73	https://sajilorental.com/vehicle/912	1875	1000	333.3333333
913	Nissan Magnite	Nissan			cost	5500	7500	8500	80	100	190	0	21.7	https://sajilorental.com/vehicle/913	1375	937.5	354.1666667
914	BALENO				cost	4500	5500	8000	5500	210	210	0	21.7	https://sajilorental.com/vehicle/914	1125	687.5	333.3333333
915	ALTO				cost	4500	5500	8000	5500	210	210	0	21.7	https://sajilorental.com/vehicle/915	1125	687.5	333.3333333
916	SWIFT				cost	4500	5500	8000	5500	210	210	0	21.7	https://sajilorental.com/vehicle/916	1125	687.5	333.3333333
917	Santro				cost	4500	5500	8000	5500	210	210	0	21.7	https://sajilorental.com/vehicle/917	1125	687.5	333.3333333
918	Maruti Suzuki	Suzuki			cost	4500	6500	6500	100	150	180	0	21.7	https://sajilorental.com/vehicle/918	1125	812.5	270.8333333
920	Mahindra Scorpio	Mahindra			cost	7500	8000	8000	50	100	200	0	19.73	https://sajilorental.com/vehicle/920	1875	1000	333.3333333
921	Mahindra Scorpio	Mahindra			cost	7500	8000	8000	50	100	200	0	19.73	https://sajilorental.com/vehicle/921	1875	1000	333.3333333
922	Maruti Suzuki	Suzuki			cost	5000	6500	8000	80	150	190	0	21.7	https://sajilorental.com/vehicle/922	1250	812.5	333.3333333
923	Tata Nexon	Tata			cost	5500	7500	8500	80	100	190	0	21.7	https://sajilorental.com/vehicle/923	1375	937.5	354.1666667
924	Suzuki Ciaz 2021	Suzuki	2021	5	cost	4500	5500	8000	100	210	210	0	21.7	https://sajilorental.com/vehicle/924	1125	687.5	333.3333333
926	BYD Dolphin	BYD			cost	4500	5500	8000	50	200	200	0	21.7	https://sajilorental.com/vehicle/926	1125	687.5	333.3333333
927	Tata Nexon	Tata			cost	5500	7500	8500	80	100	190	0	21.7	https://sajilorental.com/vehicle/927	1375	937.5	354.1666667
928	Tata 1512 Supper Deluxe	Tata			cost	6000	12000	12000	50	100	200	0	21.7	https://sajilorental.com/vehicle/928	1500	1500	500
929	Toyota Etios	Toyota			cost	5000	6500	8000	80	150	190	0	21.7	https://sajilorental.com/vehicle/929	1250	812.5	333.3333333
930	Grand i10				cost	4500	5500	8000	5500	210	210	0	21.7	https://sajilorental.com/vehicle/930	1125	687.5	333.3333333
932	Mahindra Scorpio	Mahindra			cost	7500	8000	8000	50	100	200	0	19.73	https://sajilorental.com/vehicle/932	1875	1000	333.3333333
933	Mahindra Bolero Pickup	Mahindra			cost	4500	8000	8000	50	100	200	0	21.7	https://sajilorental.com/vehicle/933	1125	1000	333.3333333
934	SWIFT				cost	4500	5500	8000	5500	210	210	0	21.7	https://sajilorental.com/vehicle/934	1125	687.5	333.3333333
935	Maruti Suzuki	Suzuki			cost	4500	6500	6500	100	150	180	0	21.7	https://sajilorental.com/vehicle/935	1125	812.5	270.8333333
936	Brezza				cost	5500	7500	8500	80	100	190	0	21.7	https://sajilorental.com/vehicle/936	1375	937.5	354.1666667
937	Mahindra Bolero Pickup	Mahindra			cost	4500	8000	8000	50	100	200	0	21.7	https://sajilorental.com/vehicle/937	1125	1000	333.3333333
938	Nissan Van	Nissan			cost	5000	10000	10000	50	100	200	0	36.17	https://sajilorental.com/vehicle/938	1250	1250	416.6666667
939	Toyota New Hiace	Toyota			cost	5000	10000	10000	50	100	200	0	21.7	https://sajilorental.com/vehicle/939	1250	1250	416.6666667
940	DZIRE				cost	4500	5500	8000	100	210	210	0	21.7	https://sajilorental.com/vehicle/940	1125	687.5	333.3333333
941	Mahindra Scorpio	Mahindra			cost	7500	8000	8000	50	100	200	0	19.73	https://sajilorental.com/vehicle/941	1875	1000	333.3333333
942	BYD Dolphin	BYD			cost	4500	5500	8000	50	200	200	0	21.7	https://sajilorental.com/vehicle/942	1125	687.5	333.3333333
943	Chevrolet Spark	Chevrolet			cost	5000	6500	8000	80	150	190	0	21.7	https://sajilorental.com/vehicle/943	1250	812.5	333.3333333
944	Toyota New Hiace	Toyota			cost	5000	10000	10000	50	100	200	0	21.7	https://sajilorental.com/vehicle/944	1250	1250	416.6666667
945	Honda City	Honda			cost	5000	6500	8000	80	150	190	0	21.7	https://sajilorental.com/vehicle/945	1250	812.5	333.3333333
946	Tata 1512 Supper Deluxe	Tata			cost	6000	12000	12000	50	100	200	0	21.7	https://sajilorental.com/vehicle/946	1500	1500	500
947	Brezza				cost	5500	7500	8500	80	100	190	0	21.7	https://sajilorental.com/vehicle/947	1375	937.5	354.1666667
948	Mahindra Scorpio	Mahindra			cost	7500	8000	8000	50	100	200	0	19.73	https://sajilorental.com/vehicle/948	1875	1000	333.3333333
949	Toyota Hilux	Toyota			cost	4500	8000	8000	50	100	200	0	21.7	https://sajilorental.com/vehicle/949	1125	1000	333.3333333
951	Tata Tigor	Tata			cost	5000	6500	8000	80	150	190	0	21.7	https://sajilorental.com/vehicle/951	1250	812.5	333.3333333
952	Toyota Etios	Toyota			cost	4500	5500	8000	100	210	210	0	21.7	https://sajilorental.com/vehicle/952	1125	687.5	333.3333333
953	Mahindra Scorpio	Mahindra			cost	7500	8000	8000	50	100	200	0	19.73	https://sajilorental.com/vehicle/953	1875	1000	333.3333333
954	Toyota New Hiace	Toyota			cost	5000	10000	10000	50	100	200	0	21.7	https://sajilorental.com/vehicle/954	1250	1250	416.6666667
955	Mahindra Scorpio	Mahindra			cost	7500	8000	8000	50	100	200	0	19.73	https://sajilorental.com/vehicle/955	1875	1000	333.3333333
956	SWIFT				cost	4500	5500	8000	5500	210	210	0	21.7	https://sajilorental.com/vehicle/956	1125	687.5	333.3333333
957	Toyota Corola 1998	Toyota	1998	28	cost	4500	5500	8000	100	210	210	0	21.7	https://sajilorental.com/vehicle/957	1125	687.5	333.3333333
958	Nissan Kicks	Nissan			cost	5500	7500	8500	80	100	190	0	21.7	https://sajilorental.com/vehicle/958	1375	937.5	354.1666667
959	NEW KUSHAQ				cost	5500	7500	8500	80	100	190	0	21.7	https://sajilorental.com/vehicle/959	1375	937.5	354.1666667
960	Mahindra Scorpio	Mahindra			cost	7500	8000	8000	50	100	200	0	19.73	https://sajilorental.com/vehicle/960	1875	1000	333.3333333
961	Toyota New Hiace	Toyota			cost	5000	10000	10000	50	100	200	0	21.7	https://sajilorental.com/vehicle/961	1250	1250	416.6666667
962	Toyota Rav-4	Toyota			cost	5500	7500	8500	80	100	190	0	21.7	https://sajilorental.com/vehicle/962	1375	937.5	354.1666667
963	SWIFT				cost	4500	5500	8000	5500	210	210	0	21.7	https://sajilorental.com/vehicle/963	1125	687.5	333.3333333
964	BALENO				cost	4500	5500	8000	5500	210	210	0	21.7	https://sajilorental.com/vehicle/964	1125	687.5	333.3333333
966	Maruti Suzuki	Suzuki			cost	5000	6500	8000	80	150	190	0	21.7	https://sajilorental.com/vehicle/966	1250	812.5	333.3333333
967	Tata ZEST 2015	Tata	2015	11	cost	4500	5500	8000	100	210	210	0	21.7	https://sajilorental.com/vehicle/967	1125	687.5	333.3333333
968	Figo				cost	4500	5500	8000	100	210	210	0	21.7	https://sajilorental.com/vehicle/968	1125	687.5	333.3333333
969	i10				cost	4500	5500	8000	5500	210	210	0	21.7	https://sajilorental.com/vehicle/969	1125	687.5	333.3333333
970	Mahindra Bolero Pickup	Mahindra			cost	4500	8000	8000	50	100	200	0	21.7	https://sajilorental.com/vehicle/970	1125	1000	333.3333333
971	mahindra mahindra scorpio 2017	Mahindra	2017	9	cost	7800	8320	8320	50	100	200	0	20.45	https://sajilorental.com/vehicle/971	1950	1040	346.6666667
972	Tata 1512 Supper Deluxe	Tata			cost	6000	12000	12000	50	100	200	0	21.7	https://sajilorental.com/vehicle/972	1500	1500	500
973	Mahindra Scorpio	Mahindra			cost	7500	8000	8000	50	100	200	0	19.73	https://sajilorental.com/vehicle/973	1875	1000	333.3333333
974	BALENO				cost	4500	5500	8000	5500	210	210	0	21.7	https://sajilorental.com/vehicle/974	1125	687.5	333.3333333
976	Accent				cost	5000	6500	8000	80	150	190	0	21.7	https://sajilorental.com/vehicle/976	1250	812.5	333.3333333
977	Toyota Etios	Toyota			cost	5000	6500	8000	80	150	190	0	21.7	https://sajilorental.com/vehicle/977	1250	812.5	333.3333333
978	Accent				cost	5000	6500	8000	80	150	190	0	21.7	https://sajilorental.com/vehicle/978	1250	812.5	333.3333333
979	Santro				cost	4500	5500	8000	5500	210	210	0	21.7	https://sajilorental.com/vehicle/979	1125	687.5	333.3333333
980	Toyota New Hiace	Toyota			cost	5000	10000	10000	50	100	200	0	21.7	https://sajilorental.com/vehicle/980	1250	1250	416.6666667
982	Corola				cost	5000	6500	8000	80	150	190	0	21.7	https://sajilorental.com/vehicle/982	1250	812.5	333.3333333
983	Toyota New Hiace	Toyota			cost	5000	10000	10000	50	100	200	0	21.7	https://sajilorental.com/vehicle/983	1250	1250	416.6666667
984	Mahindra Scorpio	Mahindra			cost	7500	8000	8000	50	100	200	0	19.73	https://sajilorental.com/vehicle/984	1875	1000	333.3333333
985	Mahindra Scorpio	Mahindra			cost	7500	8000	8000	50	100	200	0	19.73	https://sajilorental.com/vehicle/985	1875	1000	333.3333333
986	Corola				cost	5000	6500	8000	80	150	190	0	21.7	https://sajilorental.com/vehicle/986	1250	812.5	333.3333333
987	ALTO				cost	4500	5500	8000	5500	210	210	0	21.7	https://sajilorental.com/vehicle/987	1125	687.5	333.3333333
988	NETA - U	NETA			cost	5000	7000	8000	50	100	200	0	36.17	https://sajilorental.com/vehicle/988	1250	875	333.3333333
989	Mahindra Bolero Pickup	Mahindra			cost	4500	8000	8000	50	100	200	0	21.7	https://sajilorental.com/vehicle/989	1125	1000	333.3333333
990	Tata 1512 Supper Deluxe	Tata			cost	6000	12000	12000	50	100	200	0	21.7	https://sajilorental.com/vehicle/990	1500	1500	500
991	Celerio				cost	4500	5500	8000	5500	210	210	0	21.7	https://sajilorental.com/vehicle/991	1125	687.5	333.3333333
992	Mahindra Scorpio	Mahindra			cost	7500	8000	8000	50	100	200	0	19.73	https://sajilorental.com/vehicle/992	1875	1000	333.3333333
993	Santro				cost	4500	5500	8000	5500	210	210	0	21.7	https://sajilorental.com/vehicle/993	1125	687.5	333.3333333
994	Mahindra Scorpio	Mahindra			cost	7500	8000	8000	50	100	200	0	19.73	https://sajilorental.com/vehicle/994	1875	1000	333.3333333
995	Tata 1512 Supper Deluxe	Tata			cost	6000	12000	12000	50	100	200	0	21.7	https://sajilorental.com/vehicle/995	1500	1500	500
996	Mahindra Bolero Pickup	Mahindra			cost	4500	8000	8000	50	100	200	0	21.7	https://sajilorental.com/vehicle/996	1125	1000	333.3333333
997	Volkswagen Polo	Volkswagen			cost	5000	6500	8000	80	150	190	0	21.7	https://sajilorental.com/vehicle/997	1250	812.5	333.3333333
998	Mahindra Scorpio	Mahindra			cost	7500	8000	8000	50	100	200	0	19.73	https://sajilorental.com/vehicle/998	1875	1000	333.3333333
999	Toyota Corolla Cross	Toyota			cost	5000	6500	8000	80	150	190	0	21.7	https://sajilorental.com/vehicle/999	1250	812.5	333.3333333
1000	Suzuki Ciaz 2006	Suzuki	2006	20	cost	4500	5500	8000	5500	210	210	0	21.7	https://sajilorental.com/vehicle/1000	1125	687.5	333.3333333
1001	ALTO				cost	4500	5500	8000	5500	210	210	0	21.7	https://sajilorental.com/vehicle/1001	1125	687.5	333.3333333
1002	Toyota New Hiace	Toyota			cost	5000	10000	10000	50	100	200	0	21.7	https://sajilorental.com/vehicle/1002	1250	1250	416.6666667
1003	Tata Tiago	Tata			cost	5000	6500	8000	80	150	190	0	21.7	https://sajilorental.com/vehicle/1003	1250	812.5	333.3333333
1004	ALTO				cost	4500	5500	8000	5500	210	210	0	21.7	https://sajilorental.com/vehicle/1004	1125	687.5	333.3333333
1005	Figo				cost	4500	5500	8000	100	210	210	0	21.7	https://sajilorental.com/vehicle/1005	1125	687.5	333.3333333
1006	Mahindra Scorpio	Mahindra			cost	7500	8000	8000	50	100	200	0	19.73	https://sajilorental.com/vehicle/1006	1875	1000	333.3333333
1007	Creta				cost	5500	7500	8500	80	100	190	0	21.7	https://sajilorental.com/vehicle/1007	1375	937.5	354.1666667
1008	Punch				cost	5000	7000	8000	50	100	200	0	36.17	https://sajilorental.com/vehicle/1008	1250	875	333.3333333
1009	Classic				cost	4500	5500	8000	100	210	210	0	21.7	https://sajilorental.com/vehicle/1009	1125	687.5	333.3333333
1010	Sportage				cost	5500	7500	8500	80	100	190	0	21.7	https://sajilorental.com/vehicle/1010	1375	937.5	354.1666667
1011	Mahindra Scorpio	Mahindra			cost	7500	8000	8000	50	100	200	0	19.73	https://sajilorental.com/vehicle/1011	1875	1000	333.3333333
1012	Mahindra Scorpio	Mahindra			cost	7500	8000	8000	50	100	200	0	19.73	https://sajilorental.com/vehicle/1012	1875	1000	333.3333333
1013	Mahindra Scorpio	Mahindra			cost	7500	8000	8000	50	100	200	0	19.73	https://sajilorental.com/vehicle/1013	1875	1000	333.3333333
1014	Tata 1512 Supper Deluxe	Tata			cost	6000	12000	12000	50	100	200	0	21.7	https://sajilorental.com/vehicle/1014	1500	1500	500
1015	Ignis				cost	5000	6500	8000	80	150	190	0	21.7	https://sajilorental.com/vehicle/1015	1250	812.5	333.3333333
1016	Mahindra Scorpio	Mahindra			cost	7500	8000	8000	50	100	200	0	19.73	https://sajilorental.com/vehicle/1016	1875	1000	333.3333333
1017	VAN				cost	5000	10000	10000	50	100	200	0	36.17	https://sajilorental.com/vehicle/1017	1250	1250	416.6666667
1018	Toyota Etios	Toyota			cost	5000	6500	8000	80	150	190	0	21.7	https://sajilorental.com/vehicle/1018	1250	812.5	333.3333333
1019	Grand i10				cost	4500	5500	8000	5500	210	210	0	21.7	https://sajilorental.com/vehicle/1019	1125	687.5	333.3333333
1020	Mahindra Scorpio	Mahindra			cost	7500	8000	8000	50	100	200	0	19.73	https://sajilorental.com/vehicle/1020	1875	1000	333.3333333
1021	Tata 1512	Tata			cost	0	0	0	100	210	210	0	21.7	https://sajilorental.com/vehicle/1021	0	0	0
1023	Tata Safari	Tata			cost	7500	8000	8000	50	100	200	0	19.73	https://sajilorental.com/vehicle/1023	1875	1000	333.3333333
1024	Mahindra Scorpio	Mahindra			cost	7500	8000	8000	50	100	200	0	19.73	https://sajilorental.com/vehicle/1024	1875	1000	333.3333333
1025	RAPID				cost	4500	5500	8000	100	210	210	0	21.7	https://sajilorental.com/vehicle/1025	1125	687.5	333.3333333
1026	Maruti Suzuki	Suzuki			cost	4500	6500	6500	100	150	180	0	21.7	https://sajilorental.com/vehicle/1026	1125	812.5	270.8333333
1027	Maruti Suzuki	Suzuki			cost	4500	6500	6500	100	150	180	0	21.7	https://sajilorental.com/vehicle/1027	1125	812.5	270.8333333
1028	Mahindra Bolero Pickup	Mahindra			cost	4500	8000	8000	50	100	200	0	21.7	https://sajilorental.com/vehicle/1028	1125	1000	333.3333333
1029	Toyota New Hiace	Toyota			cost	5000	10000	10000	50	100	200	0	21.7	https://sajilorental.com/vehicle/1029	1250	1250	416.6666667
1030	BALENO				cost	4500	5500	8000	5500	210	210	0	21.7	https://sajilorental.com/vehicle/1030	1125	687.5	333.3333333
1031	Toyota New Hiace	Toyota			cost	5000	10000	10000	50	100	200	0	21.7	https://sajilorental.com/vehicle/1031	1250	1250	416.6666667
1032	Tata Yodha Pickup	Tata			cost	6000	12000	12000	50	100	200	0	21.7	https://sajilorental.com/vehicle/1032	1500	1500	500
1034	SHEPHIA				cost	5000	6500	8000	80	150	190	0	21.7	https://sajilorental.com/vehicle/1034	1250	812.5	333.3333333
1035	RAPID				cost	4500	5500	8000	100	210	210	0	21.7	https://sajilorental.com/vehicle/1035	1125	687.5	333.3333333
1036	KYC				cost	5000	10000	10000	50	100	200	0	21.7	https://sajilorental.com/vehicle/1036	1250	1250	416.6666667
1037	Hyundai Creta 2017	Hyundai	2017	9	cost	5500	7500	8500	80	100	190	0	21.7	https://sajilorental.com/vehicle/1037	1375	937.5	354.1666667
1038	Sutlej Tourist Bus 35 Seat				cost	8000	18000	18000	50	100	170	0	22.5	https://sajilorental.com/vehicle/1038	2000	2250	750
1039	Toyota New Hiace	Toyota			cost	5000	10000	10000	50	100	200	0	21.7	https://sajilorental.com/vehicle/1039	1250	1250	416.6666667
1040	Brezza				cost	5500	7500	8500	80	100	190	0	21.7	https://sajilorental.com/vehicle/1040	1375	937.5	354.1666667
1041	Tata 1512 Supper Deluxe	Tata			cost	6000	12000	12000	50	100	200	0	21.7	https://sajilorental.com/vehicle/1041	1500	1500	500
1042	Brezza				cost	5500	7500	8500	80	100	190	0	21.7	https://sajilorental.com/vehicle/1042	1375	937.5	354.1666667
1043	Mahindra Bolero Pickup	Mahindra			cost	4500	8000	8000	50	100	200	0	21.7	https://sajilorental.com/vehicle/1043	1125	1000	333.3333333
1044	Tata Tiago	Tata			cost	4500	5500	8000	5500	210	210	0	21.7	https://sajilorental.com/vehicle/1044	1125	687.5	333.3333333
1045	Nissan Kicks	Nissan			cost	5500	7500	8500	80	100	190	0	21.7	https://sajilorental.com/vehicle/1045	1375	937.5	354.1666667
1046	Mahindra Scorpio	Mahindra			cost	7500	8000	8000	50	100	200	0	19.73	https://sajilorental.com/vehicle/1046	1875	1000	333.3333333
1047	RAPID				cost	4500	5500	8000	100	210	210	0	21.7	https://sajilorental.com/vehicle/1047	1125	687.5	333.3333333
1048	Santro				cost	4500	5500	8000	5500	210	210	0	21.7	https://sajilorental.com/vehicle/1048	1125	687.5	333.3333333
1049	Mahindra Scorpio	Mahindra			cost	7500	8000	8000	50	100	200	0	19.73	https://sajilorental.com/vehicle/1049	1875	1000	333.3333333
1050	Mahindra Scorpio	Mahindra			cost	7500	8000	8000	50	100	200	0	19.73	https://sajilorental.com/vehicle/1050	1875	1000	333.3333333
1051	Suzuki Ciaz 2015	Suzuki	2015	11	cost	5000	6500	8000	80	150	190	0	21.7	https://sajilorental.com/vehicle/1051	1250	812.5	333.3333333
1053	Accent				cost	5000	6500	8000	80	150	190	0	21.7	https://sajilorental.com/vehicle/1053	1250	812.5	333.3333333
1055	Xcent				cost	5000	6500	8000	80	150	190	0	21.7	https://sajilorental.com/vehicle/1055	1250	812.5	333.3333333
1056	Tata 1512 Supper Deluxe	Tata			cost	6000	12000	12000	50	100	200	0	21.7	https://sajilorental.com/vehicle/1056	1500	1500	500
1057	S- PRESSO				cost	5500	7500	8500	80	100	190	0	21.7	https://sajilorental.com/vehicle/1057	1375	937.5	354.1666667
1058	DZIRE				cost	4500	5500	8000	100	210	210	0	21.7	https://sajilorental.com/vehicle/1058	1125	687.5	333.3333333
1059	Mahindra Scorpio	Mahindra			cost	7500	8000	8000	50	100	200	0	19.73	https://sajilorental.com/vehicle/1059	1875	1000	333.3333333
1060	BMW 2 Series	BMW			cost	5000	6500	8000	80	150	190	0	21.7	https://sajilorental.com/vehicle/1060	1250	812.5	333.3333333
1061	DZIRE				cost	4500	5500	8000	100	210	210	0	21.7	https://sajilorental.com/vehicle/1061	1125	687.5	333.3333333
1062	i20				cost	4500	5500	8000	5500	210	210	0	21.7	https://sajilorental.com/vehicle/1062	1125	687.5	333.3333333
1063	Hyundai Creta 2018	Hyundai	2018	8	cost	5500	7500	8500	80	100	190	0	21.7	https://sajilorental.com/vehicle/1063	1375	937.5	354.1666667
1064	Mahindra Bolero Pickup	Mahindra			cost	0	0	0	100	210	210	0	21.7	https://sajilorental.com/vehicle/1064	0	0	0
1065	Maruti Suzuki	Suzuki			cost	0	0	0	100	210	210	0	21.7	https://sajilorental.com/vehicle/1065	0	0	0
1066	Tata 1512 Supper Deluxe	Tata			cost	6000	12000	12000	50	100	200	0	21.7	https://sajilorental.com/vehicle/1066	1500	1500	500
1067	Suzuki Ciaz 2015	Suzuki	2015	11	cost	4500	5500	8000	100	210	210	0	21.7	https://sajilorental.com/vehicle/1067	1125	687.5	333.3333333
1068	Mahindra Scorpio	Mahindra			cost	7500	8000	8000	50	100	200	0	19.73	https://sajilorental.com/vehicle/1068	1875	1000	333.3333333
1069	TATA XENON	Tata			cost	0	0	0	100	210	210	0	21.7	https://sajilorental.com/vehicle/1069	0	0	0
1070	Maruti Suzuki	Suzuki			cost	5000	6500	8000	80	150	190	0	21.7	https://sajilorental.com/vehicle/1070	1250	812.5	333.3333333
1071	Mahindra Scorpio	Mahindra			cost	7500	8000	8000	50	100	200	0	19.73	https://sajilorental.com/vehicle/1071	1875	1000	333.3333333
1072	Mahindra Bolero Pickup	Mahindra			cost	4500	8000	8000	50	100	200	0	21.7	https://sajilorental.com/vehicle/1072	1125	1000	333.3333333
1073	Tata Nexon EV	Tata			cost	5000	7000	8000	50	100	200	0	36.17	https://sajilorental.com/vehicle/1073	1250	875	333.3333333
1074	Tata Nexon EV	Tata			cost	5000	7000	8000	50	100	200	0	36.17	https://sajilorental.com/vehicle/1074	1250	875	333.3333333
1075	Santro				cost	4500	5500	8000	5500	210	210	0	21.7	https://sajilorental.com/vehicle/1075	1125	687.5	333.3333333
1079	EECO CARGO				cost	4500	6500	6500	100	150	180	0	21.7	https://sajilorental.com/vehicle/1079	1125	812.5	270.8333333
1080	Maruti Suzuki	Suzuki			cost	4500	6500	6500	100	150	180	0	21.7	https://sajilorental.com/vehicle/1080	1125	812.5	270.8333333
1081	Toyata LX				cost	6000	9000	10000	80	150	190	0	21.7	https://sajilorental.com/vehicle/1081	1500	1125	416.6666667
1083	Jeep Wrangler	Jeep			cost	7500	8000	8000	50	100	200	0	19.73	https://sajilorental.com/vehicle/1083	1875	1000	333.3333333
1084	Mahindra Scorpio	Mahindra			cost	7500	8000	8000	50	100	200	0	19.73	https://sajilorental.com/vehicle/1084	1875	1000	333.3333333
1085	Tata 1512 Supper Deluxe	Tata			cost	6000	12000	12000	50	100	200	0	21.7	https://sajilorental.com/vehicle/1085	1500	1500	500
1087	Maruti Suzuki	Suzuki			cost	4500	5500	8000	5500	210	210	0	21.7	https://sajilorental.com/vehicle/1087	1125	687.5	333.3333333
1088	Maruti Suzuki	Suzuki			cost	4500	5500	8000	5500	210	210	0	21.7	https://sajilorental.com/vehicle/1088	1125	687.5	333.3333333
1089	Tata 1512	Tata			cost	0	0	0	100	210	210	0	21.7	https://sajilorental.com/vehicle/1089	0	0	0
1090	Tata 1512 Supper Deluxe	Tata			cost	6000	12000	12000	50	100	200	0	21.7	https://sajilorental.com/vehicle/1090	1500	1500	500
1091	Figo				cost	4500	5500	8000	100	210	210	0	21.7	https://sajilorental.com/vehicle/1091	1125	687.5	333.3333333
1092	Maruti Suzuki	Suzuki			cost	5000	6500	8000	80	150	190	0	21.7	https://sajilorental.com/vehicle/1092	1250	812.5	333.3333333
1093	Toyota New Hiace	Toyota			cost	5000	10000	10000	50	100	200	0	21.7	https://sajilorental.com/vehicle/1093	1250	1250	416.6666667
1094	Toyota New Hiace	Toyota			cost	5000	10000	10000	50	100	200	0	21.7	https://sajilorental.com/vehicle/1094	1250	1250	416.6666667
1095	ALTO				cost	4500	5500	8000	5500	210	210	0	21.7	https://sajilorental.com/vehicle/1095	1125	687.5	333.3333333
1097	ALTO				cost	4500	5500	8000	5500	210	210	0	21.7	https://sajilorental.com/vehicle/1097	1125	687.5	333.3333333
1098	Sorento				cost	5000	6500	8000	80	150	190	0	21.7	https://sajilorental.com/vehicle/1098	1250	812.5	333.3333333
1099	Tata Safari	Tata			cost	0	0	0	100	210	210	0	21.7	https://sajilorental.com/vehicle/1099	0	0	0
1100	ALTO				cost	4500	5500	8000	5500	210	210	0	21.7	https://sajilorental.com/vehicle/1100	1125	687.5	333.3333333
1101	Santro				cost	4500	5500	8000	5500	210	210	0	21.7	https://sajilorental.com/vehicle/1101	1125	687.5	333.3333333
1102	SWIFT				cost	4500	5500	8000	5500	210	210	0	21.7	https://sajilorental.com/vehicle/1102	1125	687.5	333.3333333
1103	Toyota Hilux	Toyota			cost	4500	8000	8000	50	100	200	0	21.7	https://sajilorental.com/vehicle/1103	1125	1000	333.3333333
1104	Volkswagen Polo	Volkswagen			cost	5500	7500	8500	80	100	190	0	21.7	https://sajilorental.com/vehicle/1104	1375	937.5	354.1666667
1105	Maruti Suzuki	Suzuki			cost	4500	5500	8000	5500	210	210	0	21.7	https://sajilorental.com/vehicle/1105	1125	687.5	333.3333333
1106	TATA XENON	Tata			cost	0	0	0	100	210	210	0	21.7	https://sajilorental.com/vehicle/1106	0	0	0
1107	Punch				cost	5500	7500	8500	80	100	190	0	21.7	https://sajilorental.com/vehicle/1107	1375	937.5	354.1666667
1108	Tata 1512 Supper Deluxe	Tata			cost	6000	12000	12000	50	100	200	0	21.7	https://sajilorental.com/vehicle/1108	1500	1500	500
1109	Maruti Suzuki	Suzuki			cost	4500	5500	8000	5500	210	210	0	21.7	https://sajilorental.com/vehicle/1109	1125	687.5	333.3333333
1110	Mahindra Scorpio	Mahindra			cost	7500	8000	8000	50	100	200	0	19.73	https://sajilorental.com/vehicle/1110	1875	1000	333.3333333
1111	Grand i10				cost	4500	5500	8000	5500	210	210	0	21.7	https://sajilorental.com/vehicle/1111	1125	687.5	333.3333333
1112	Toyota New Hiace	Toyota			cost	5000	10000	10000	50	100	200	0	21.7	https://sajilorental.com/vehicle/1112	1250	1250	416.6666667
1113	Grand i10				cost	4500	5500	8000	5500	210	210	0	21.7	https://sajilorental.com/vehicle/1113	1125	687.5	333.3333333
1114	SWIFT				cost	4500	5500	8000	5500	210	210	0	21.7	https://sajilorental.com/vehicle/1114	1125	687.5	333.3333333
1115	Brezza				cost	5500	7500	8500	80	100	190	0	21.7	https://sajilorental.com/vehicle/1115	1375	937.5	354.1666667
1116	Datsun New GO	Datsun			cost	5000	6500	8000	80	150	190	0	21.7	https://sajilorental.com/vehicle/1116	1250	812.5	333.3333333
1117	ALTO				cost	4500	5500	8000	5500	210	210	0	21.7	https://sajilorental.com/vehicle/1117	1125	687.5	333.3333333
1119	Mahindra Scorpio	Mahindra			cost	7500	8000	8000	50	100	200	0	19.73	https://sajilorental.com/vehicle/1119	1875	1000	333.3333333
1120	Tucson				cost	5000	6500	8000	80	150	190	0	21.7	https://sajilorental.com/vehicle/1120	1250	812.5	333.3333333
1121	Figo				cost	4500	5500	8000	100	210	210	0	21.7	https://sajilorental.com/vehicle/1121	1125	687.5	333.3333333
1122	Atto 3				cost	5000	7000	8000	50	100	200	0	36.17	https://sajilorental.com/vehicle/1122	1250	875	333.3333333
1123	Brezza				cost	5500	7500	8500	80	100	190	0	21.7	https://sajilorental.com/vehicle/1123	1375	937.5	354.1666667
1124	Tata Indica	Tata			cost	5000	6500	8000	80	150	190	0	21.7	https://sajilorental.com/vehicle/1124	1250	812.5	333.3333333
1125	Maruti Suzuki	Suzuki			cost	4500	6500	6500	100	150	180	0	21.7	https://sajilorental.com/vehicle/1125	1125	812.5	270.8333333
1126	SWIFT				cost	4500	5500	8000	5500	210	210	0	21.7	https://sajilorental.com/vehicle/1126	1125	687.5	333.3333333
1127	Nissan Magnite	Nissan			cost	5500	7500	8500	80	100	190	0	21.7	https://sajilorental.com/vehicle/1127	1375	937.5	354.1666667
1128	Mahindra Scorpio	Mahindra			cost	7500	8000	8000	50	100	200	0	19.73	https://sajilorental.com/vehicle/1128	1875	1000	333.3333333
1129	EECO CARGO				cost	4500	6500	6500	100	150	180	0	21.7	https://sajilorental.com/vehicle/1129	1125	812.5	270.8333333
1130	WAGONR				cost	5000	6500	8000	80	150	190	0	21.7	https://sajilorental.com/vehicle/1130	1250	812.5	333.3333333
1132	Mahindra Scorpio	Mahindra			cost	7500	8000	8000	50	100	200	0	19.73	https://sajilorental.com/vehicle/1132	1875	1000	333.3333333
1134	hyundai creta 2018	Hyundai	2018	8	cost	5500	7500	8500	80	100	190	0	21.7	https://sajilorental.com/vehicle/1134	1375	937.5	354.1666667
1135	Mahindra Scorpio	Mahindra			cost	7500	8000	8000	50	100	200	0	19.73	https://sajilorental.com/vehicle/1135	1875	1000	333.3333333
1136	Mahindra Scorpio	Mahindra			cost	7500	8000	8000	50	100	200	0	19.73	https://sajilorental.com/vehicle/1136	1875	1000	333.3333333
1137	EECO CARGO				cost	4500	6500	6500	100	150	180	0	21.7	https://sajilorental.com/vehicle/1137	1125	812.5	270.8333333
1138	Toyota New Hiace	Toyota			cost	5000	10000	10000	50	100	200	0	21.7	https://sajilorental.com/vehicle/1138	1250	1250	416.6666667
1139	Toyota New Hiace	Toyota			cost	5000	10000	10000	50	100	200	0	21.7	https://sajilorental.com/vehicle/1139	1250	1250	416.6666667
1140	Toyota New Hiace	Toyota			cost	5000	10000	10000	50	100	200	0	21.7	https://sajilorental.com/vehicle/1140	1250	1250	416.6666667
1141	Aspire				cost	5000	6500	8000	80	150	190	0	21.7	https://sajilorental.com/vehicle/1141	1250	812.5	333.3333333
1142	Mahindra Scorpio	Mahindra			cost	7500	8000	8000	50	100	200	0	19.73	https://sajilorental.com/vehicle/1142	1875	1000	333.3333333
1144	ALTO				cost	4500	5500	8000	5500	210	210	0	21.7	https://sajilorental.com/vehicle/1144	1125	687.5	333.3333333
1145	Tata Tigor	Tata			cost	5000	6500	8000	80	150	190	0	21.7	https://sajilorental.com/vehicle/1145	1250	812.5	333.3333333
1146	Mahindra Bolero Pickup	Mahindra			cost	0	0	0	100	210	210	0	21.7	https://sajilorental.com/vehicle/1146	0	0	0
1148	Maruti Suzuki	Suzuki			cost	5000	6500	8000	80	150	190	0	21.7	https://sajilorental.com/vehicle/1148	1250	812.5	333.3333333
1150	Venue				cost	5000	6500	8000	80	150	190	0	21.7	https://sajilorental.com/vehicle/1150	1250	812.5	333.3333333
1151	Tata 1512 Supper Deluxe	Tata			cost	6000	12000	12000	50	100	200	0	21.7	https://sajilorental.com/vehicle/1151	1500	1500	500
1152	SUPER CARRY PICK-UP VAN				cost	0	0	0	100	210	210	0	21.7	https://sajilorental.com/vehicle/1152	0	0	0
1153	Mahindra Scorpio	Mahindra			cost	7500	8000	8000	50	100	200	0	19.73	https://sajilorental.com/vehicle/1153	1875	1000	333.3333333
1154	RAPID				cost	4500	5500	8000	100	210	210	0	21.7	https://sajilorental.com/vehicle/1154	1125	687.5	333.3333333
1155	Figo				cost	4500	5500	8000	100	210	210	0	21.7	https://sajilorental.com/vehicle/1155	1125	687.5	333.3333333
1156	Tata Tigor	Tata			cost	5000	6500	8000	80	150	190	0	21.7	https://sajilorental.com/vehicle/1156	1250	812.5	333.3333333
1157	Mahindra Bolero Pickup	Mahindra			cost	0	0	0	100	210	210	0	21.7	https://sajilorental.com/vehicle/1157	0	0	0
1158	Tata Tiago EV	Tata			cost	4500	5500	8000	50	200	200	0	21.7	https://sajilorental.com/vehicle/1158	1125	687.5	333.3333333
1159	Sumo				cost	6000	9000	10000	80	150	190	0	21.7	https://sajilorental.com/vehicle/1159	1500	1125	416.6666667
1160	Maruti Suzuki	Suzuki			cost	5000	6500	8000	80	150	190	0	21.7	https://sajilorental.com/vehicle/1160	1250	812.5	333.3333333
1161	Mahindra Scorpio	Mahindra			cost	7500	8000	8000	50	100	200	0	19.73	https://sajilorental.com/vehicle/1161	1875	1000	333.3333333
1162	Freestyle				cost	5500	7500	8500	80	100	190	0	21.7	https://sajilorental.com/vehicle/1162	1375	937.5	354.1666667
1163	Mahindra Scorpio	Mahindra			cost	7500	8000	8000	50	100	200	0	19.73	https://sajilorental.com/vehicle/1163	1875	1000	333.3333333
1164	Toyota New Hiace	Toyota			cost	5000	10000	10000	50	100	200	0	21.7	https://sajilorental.com/vehicle/1164	1250	1250	416.6666667
1165	i10				cost	4500	5500	8000	5500	210	210	0	21.7	https://sajilorental.com/vehicle/1165	1125	687.5	333.3333333
1166	Volkswagen Vento	Volkswagen			cost	5000	6500	8000	80	150	190	0	21.7	https://sajilorental.com/vehicle/1166	1250	812.5	333.3333333
1168	Mahindra Scorpio	Mahindra			cost	7500	8000	8000	50	100	200	0	19.73	https://sajilorental.com/vehicle/1168	1875	1000	333.3333333
1169	Kwid				cost	5000	6500	8000	80	150	190	0	21.7	https://sajilorental.com/vehicle/1169	1250	812.5	333.3333333
1171	Mahindra Scorpio	Mahindra			cost	7500	8000	8000	50	100	200	0	19.73	https://sajilorental.com/vehicle/1171	1875	1000	333.3333333
1173	Nissan Magnite	Nissan			cost	5500	7500	8500	80	100	190	0	21.7	https://sajilorental.com/vehicle/1173	1375	937.5	354.1666667
1174	Tata Nexon	Tata			cost	5500	7500	8500	80	100	190	0	21.7	https://sajilorental.com/vehicle/1174	1375	937.5	354.1666667
1176	Mahindra Scorpio	Mahindra			cost	7500	8000	8000	50	100	200	0	19.73	https://sajilorental.com/vehicle/1176	1875	1000	333.3333333
1177	Datsun Redi GO	Datsun			cost	5000	6500	8000	80	150	190	0	21.7	https://sajilorental.com/vehicle/1177	1250	812.5	333.3333333
1179	DZIRE				cost	4500	5500	8000	100	210	210	0	21.7	https://sajilorental.com/vehicle/1179	1125	687.5	333.3333333
1180	Mahindra Scorpio	Mahindra			cost	7500	8000	8000	50	100	200	0	19.73	https://sajilorental.com/vehicle/1180	1875	1000	333.3333333
1181	SWIFT				cost	4500	5500	8000	5500	210	210	0	21.7	https://sajilorental.com/vehicle/1181	1125	687.5	333.3333333
1182	Tata 1512 Supper Deluxe	Tata			cost	6000	12000	12000	50	100	200	0	21.7	https://sajilorental.com/vehicle/1182	1500	1500	500
1185	Tata Tigor	Tata			cost	4500	5500	8000	100	210	210	0	21.7	https://sajilorental.com/vehicle/1185	1125	687.5	333.3333333
1186	Santro				cost	4500	5500	8000	5500	210	210	0	21.7	https://sajilorental.com/vehicle/1186	1125	687.5	333.3333333
1188	Maruti Suzuki	Suzuki			cost	5000	6500	8000	80	150	190	0	21.7	https://sajilorental.com/vehicle/1188	1250	812.5	333.3333333
1189	BALENO				cost	4500	5500	8000	5500	210	210	0	21.7	https://sajilorental.com/vehicle/1189	1125	687.5	333.3333333
1190	Tata 1512 Supper Deluxe	Tata			cost	6000	12000	12000	50	100	200	0	21.7	https://sajilorental.com/vehicle/1190	1500	1500	500
1191	Toyata LX				cost	5000	6500	8000	80	150	190	0	21.7	https://sajilorental.com/vehicle/1191	1250	812.5	333.3333333
1192	Santro				cost	4500	5500	8000	5500	210	210	0	21.7	https://sajilorental.com/vehicle/1192	1125	687.5	333.3333333
1193	Sumo				cost	6000	9000	10000	80	150	190	0	21.7	https://sajilorental.com/vehicle/1193	1500	1125	416.6666667
1194	Nissan Kicks	Nissan			cost	5000	6500	8000	80	150	190	0	21.7	https://sajilorental.com/vehicle/1194	1250	812.5	333.3333333
1195	Mahindra Scorpio	Mahindra			cost	7500	8000	8000	50	100	200	0	19.73	https://sajilorental.com/vehicle/1195	1875	1000	333.3333333
1196	Ecosport				cost	5500	7500	8500	80	100	190	0	21.7	https://sajilorental.com/vehicle/1196	1375	937.5	354.1666667
1197	Nissan Kicks	Nissan			cost	5500	7500	8500	80	100	190	0	21.7	https://sajilorental.com/vehicle/1197	1375	937.5	354.1666667
1198	Mahindra Scorpio	Mahindra			cost	7500	8000	8000	50	100	200	0	19.73	https://sajilorental.com/vehicle/1198	1875	1000	333.3333333
1199	Santro				cost	4500	5500	8000	5500	210	210	0	21.7	https://sajilorental.com/vehicle/1199	1125	687.5	333.3333333
1200	Brezza				cost	5500	7500	8500	80	100	190	0	21.7	https://sajilorental.com/vehicle/1200	1375	937.5	354.1666667
1202	Mahindra Scorpio	Mahindra			cost	7500	8000	8000	50	100	200	0	19.73	https://sajilorental.com/vehicle/1202	1875	1000	333.3333333
1203	Creta				cost	5500	7500	8500	80	100	190	0	21.7	https://sajilorental.com/vehicle/1203	1375	937.5	354.1666667
1204	Mahindra Scorpio	Mahindra			cost	7500	8000	8000	50	100	200	0	19.73	https://sajilorental.com/vehicle/1204	1875	1000	333.3333333
1205	Mahindra Scorpio	Mahindra			cost	7500	8000	8000	50	100	200	0	19.73	https://sajilorental.com/vehicle/1205	1875	1000	333.3333333
1206	ALTO				cost	4500	5500	8000	5500	210	210	0	21.7	https://sajilorental.com/vehicle/1206	1125	687.5	333.3333333
1207	Mahindra Scorpio	Mahindra			cost	7500	8000	8000	50	100	200	0	19.73	https://sajilorental.com/vehicle/1207	1875	1000	333.3333333
1208	Santro				cost	4500	5500	8000	5500	210	210	0	21.7	https://sajilorental.com/vehicle/1208	1125	687.5	333.3333333
1209	ALTO				cost	4500	5500	8000	5500	210	210	0	21.7	https://sajilorental.com/vehicle/1209	1125	687.5	333.3333333
1210	Grand i10				cost	4500	5500	8000	5500	210	210	0	21.7	https://sajilorental.com/vehicle/1210	1125	687.5	333.3333333
1211	Santro				cost	4500	5500	8000	5500	210	210	0	21.7	https://sajilorental.com/vehicle/1211	1125	687.5	333.3333333
1212	MG ZS				cost	5000	7000	8000	50	100	200	0	36.17	https://sajilorental.com/vehicle/1212	1250	875	333.3333333
1213	Brezza				cost	5500	7500	8500	80	100	190	0	21.7	https://sajilorental.com/vehicle/1213	1375	937.5	354.1666667
1214	Creta				cost	5500	7500	8500	80	100	190	0	21.7	https://sajilorental.com/vehicle/1214	1375	937.5	354.1666667
1215	Nissan Kicks	Nissan			cost	5500	7500	8500	80	100	190	0	21.7	https://sajilorental.com/vehicle/1215	1375	937.5	354.1666667
1216	Toyota New Hiace	Toyota			cost	5000	10000	10000	50	100	200	0	21.7	https://sajilorental.com/vehicle/1216	1250	1250	416.6666667
1217	Nissan Kicks	Nissan			cost	5500	7500	8500	80	100	190	0	21.7	https://sajilorental.com/vehicle/1217	1375	937.5	354.1666667
1218	Celerio				cost	4500	5500	8000	5500	210	210	0	21.7	https://sajilorental.com/vehicle/1218	1125	687.5	333.3333333
1219	Tata Nexon	Tata			cost	5500	7500	8500	80	100	190	0	21.7	https://sajilorental.com/vehicle/1219	1375	937.5	354.1666667
1220	Mahindra Scorpio	Mahindra			cost	7500	8000	8000	50	100	200	0	19.73	https://sajilorental.com/vehicle/1220	1875	1000	333.3333333
1221	Mahindra Scorpio	Mahindra			cost	7500	8000	8000	50	100	200	0	19.73	https://sajilorental.com/vehicle/1221	1875	1000	333.3333333
1222	Nissan Magnite	Nissan			cost	5000	6500	8000	80	150	190	0	21.7	https://sajilorental.com/vehicle/1222	1250	812.5	333.3333333
1223	Tucson				cost	7500	8000	8000	50	100	200	0	19.73	https://sajilorental.com/vehicle/1223	1875	1000	333.3333333
1224	S- PRESSO				cost	5500	7500	8500	80	100	190	0	21.7	https://sajilorental.com/vehicle/1224	1375	937.5	354.1666667
1225	Ecosport				cost	5500	7500	8500	80	100	190	0	21.7	https://sajilorental.com/vehicle/1225	1375	937.5	354.1666667
1226	Sportage				cost	5500	7500	8500	80	100	190	0	21.7	https://sajilorental.com/vehicle/1226	1375	937.5	354.1666667
1227	Nissan Kicks	Nissan			cost	5500	7500	8500	80	100	190	0	21.7	https://sajilorental.com/vehicle/1227	1375	937.5	354.1666667
1228	Chevrolet Aveo	Chevrolet			cost	5000	6500	8000	80	150	190	0	21.7	https://sajilorental.com/vehicle/1228	1250	812.5	333.3333333
1229	ALTO				cost	4500	5500	8000	5500	210	210	0	21.7	https://sajilorental.com/vehicle/1229	1125	687.5	333.3333333
1230	Mahindra Scorpio	Mahindra			cost	7500	8000	8000	50	100	200	0	19.73	https://sajilorental.com/vehicle/1230	1875	1000	333.3333333
1231	M-3 EV				cost	5500	6500	6500	50	100	200	0	36.17	https://sajilorental.com/vehicle/1231	1375	812.5	270.8333333
1232	Toyota New Hiace	Toyota			cost	5000	10000	10000	50	100	200	0	21.7	https://sajilorental.com/vehicle/1232	1250	1250	416.6666667
1233	ALTO				cost	4500	5500	8000	5500	210	210	0	21.7	https://sajilorental.com/vehicle/1233	1125	687.5	333.3333333
1234	Isuzu Highlander	ISUZU			cost	4500	8000	8000	50	100	200	0	21.7	https://sajilorental.com/vehicle/1234	1125	1000	333.3333333
1235	Tata Indica	Tata			cost	5000	6500	8000	80	150	190	0	21.7	https://sajilorental.com/vehicle/1235	1250	812.5	333.3333333
1236	Mahindra Scorpio	Mahindra			cost	7500	8000	8000	50	100	200	0	19.73	https://sajilorental.com/vehicle/1236	1875	1000	333.3333333
1237	Venue				cost	5500	7500	8500	80	100	190	0	21.7	https://sajilorental.com/vehicle/1237	1375	937.5	354.1666667
1238	Maruti Suzuki	Suzuki			cost	4500	6500	6500	100	150	180	0	21.7	https://sajilorental.com/vehicle/1238	1125	812.5	270.8333333
1239	Mahindra Scorpio	Mahindra			cost	7500	8000	8000	50	100	200	0	19.73	https://sajilorental.com/vehicle/1239	1875	1000	333.3333333
1240	Mahindra Scorpio	Mahindra			cost	7500	8000	8000	50	100	200	0	19.73	https://sajilorental.com/vehicle/1240	1875	1000	333.3333333
1241	Mahindra Scorpio	Mahindra			cost	7500	8000	8000	50	100	200	0	19.73	https://sajilorental.com/vehicle/1241	1875	1000	333.3333333
1242	Mahindra Scorpio	Mahindra			cost	7500	8000	8000	50	100	200	0	19.73	https://sajilorental.com/vehicle/1242	1875	1000	333.3333333
1243	Maruti Suzuki	Suzuki			cost	4500	6500	6500	100	150	180	0	21.7	https://sajilorental.com/vehicle/1243	1125	812.5	270.8333333
1244	Maruti Suzuki	Suzuki			cost	5000	6500	8000	80	150	190	0	21.7	https://sajilorental.com/vehicle/1244	1250	812.5	333.3333333
1246	Tata Indica	Tata			cost	5000	6500	8000	80	150	190	0	21.7	https://sajilorental.com/vehicle/1246	1250	812.5	333.3333333
1247	Mahindra Scorpio	Mahindra			cost	7500	8000	8000	50	100	200	0	19.73	https://sajilorental.com/vehicle/1247	1875	1000	333.3333333
1248	SWIFT				cost	4500	5500	8000	5500	210	210	0	21.7	https://sajilorental.com/vehicle/1248	1125	687.5	333.3333333
1249	Mahindra Scorpio	Mahindra			cost	7500	8000	8000	50	100	200	0	19.73	https://sajilorental.com/vehicle/1249	1875	1000	333.3333333
1250	Toyota New Hiace	Toyota			cost	5000	10000	10000	50	100	200	0	21.7	https://sajilorental.com/vehicle/1250	1250	1250	416.6666667
1251	Mahindra Scorpio	Mahindra			cost	7500	8000	8000	50	100	200	0	19.73	https://sajilorental.com/vehicle/1251	1875	1000	333.3333333
1252	Mahindra Scorpio	Mahindra			cost	7500	8000	8000	50	100	200	0	19.73	https://sajilorental.com/vehicle/1252	1875	1000	333.3333333
1253	Mahindra Scorpio	Mahindra			cost	7500	8000	8000	50	100	200	0	19.73	https://sajilorental.com/vehicle/1253	1875	1000	333.3333333
1254	EECO CARGO				cost	4500	6500	6500	100	150	180	0	21.7	https://sajilorental.com/vehicle/1254	1125	812.5	270.8333333
1255	Mahindra XUV	Mahindra			cost	5500	7500	8500	80	100	190	0	21.7	https://sajilorental.com/vehicle/1255	1375	937.5	354.1666667
1256	Tata 1512 Supper Deluxe	Tata			cost	6000	12000	12000	50	100	200	0	21.7	https://sajilorental.com/vehicle/1256	1500	1500	500
1257	Mahindra Scorpio	Mahindra			cost	7500	8000	8000	50	100	200	0	19.73	https://sajilorental.com/vehicle/1257	1875	1000	333.3333333
1258	Santro				cost	4500	5500	8000	5500	210	210	0	21.7	https://sajilorental.com/vehicle/1258	1125	687.5	333.3333333
1259	Mahindra Scorpio	Mahindra			cost	7500	8000	8000	50	100	200	0	19.73	https://sajilorental.com/vehicle/1259	1875	1000	333.3333333
1260	Toyota New Hiace	Toyota			cost	5000	10000	10000	50	100	200	0	21.7	https://sajilorental.com/vehicle/1260	1250	1250	416.6666667
1261	Tata Altroz	Tata			cost	6000	12000	12000	50	100	200	0	21.7	https://sajilorental.com/vehicle/1261	1500	1500	500
1262	BMW 2 Series	BMW			cost	5000	6500	8000	80	150	190	0	21.7	https://sajilorental.com/vehicle/1262	1250	812.5	333.3333333
1263	Isuzu Highlander	ISUZU			cost	4500	8000	8000	50	100	200	0	21.7	https://sajilorental.com/vehicle/1263	1125	1000	333.3333333
1264	SWIFT				cost	4500	5500	8000	5500	210	210	0	21.7	https://sajilorental.com/vehicle/1264	1125	687.5	333.3333333
1265	Sumo				cost	6000	9000	10000	80	150	190	0	21.7	https://sajilorental.com/vehicle/1265	1500	1125	416.6666667
1266	SWIFT				cost	4500	5500	8000	5500	210	210	0	21.7	https://sajilorental.com/vehicle/1266	1125	687.5	333.3333333
1267	Toyota New Hiace	Toyota			cost	5000	10000	10000	50	100	200	0	21.7	https://sajilorental.com/vehicle/1267	1250	1250	416.6666667
1268	Mahindra Scorpio	Mahindra			cost	7500	8000	8000	50	100	200	0	19.73	https://sajilorental.com/vehicle/1268	1875	1000	333.3333333
1269	Sumo				cost	6000	9000	10000	80	150	190	0	21.7	https://sajilorental.com/vehicle/1269	1500	1125	416.6666667
1270	Toyota New Hiace	Toyota			cost	5000	10000	10000	50	100	200	0	21.7	https://sajilorental.com/vehicle/1270	1250	1250	416.6666667
1271	Tata 1512 Supper Deluxe	Tata			cost	6000	12000	12000	50	100	200	0	21.7	https://sajilorental.com/vehicle/1271	1500	1500	500
1272	Santro				cost	4500	5500	8000	5500	210	210	0	21.7	https://sajilorental.com/vehicle/1272	1125	687.5	333.3333333
1273	Aspire				cost	5000	6500	8000	80	150	190	0	21.7	https://sajilorental.com/vehicle/1273	1250	812.5	333.3333333
1274	207 DI				cost	4500	8000	8000	50	100	200	0	21.7	https://sajilorental.com/vehicle/1274	1125	1000	333.3333333
1275	Mahindra Scorpio	Mahindra			cost	7500	8000	8000	50	100	200	0	19.73	https://sajilorental.com/vehicle/1275	1875	1000	333.3333333
1276	MG 5				cost	5000	7000	8000	50	100	200	0	36.17	https://sajilorental.com/vehicle/1276	1250	875	333.3333333
1277	Toyota New Hiace	Toyota			cost	5000	10000	10000	50	100	200	0	21.7	https://sajilorental.com/vehicle/1277	1250	1250	416.6666667
1278	Santro				cost	4500	5500	8000	5500	210	210	0	21.7	https://sajilorental.com/vehicle/1278	1125	687.5	333.3333333
1279	KYC				cost	5000	10000	10000	50	100	200	0	21.7	https://sajilorental.com/vehicle/1279	1250	1250	416.6666667
1280	Ecosport				cost	5500	7500	8500	80	100	190	0	21.7	https://sajilorental.com/vehicle/1280	1375	937.5	354.1666667
1281	DZIRE				cost	4500	5500	8000	100	210	210	0	21.7	https://sajilorental.com/vehicle/1281	1125	687.5	333.3333333
1282	Tata Tigor EV	Tata			cost	4500	6000	7000	80	150	190	0	2.17	https://sajilorental.com/vehicle/1282	1125	750	291.6666667
1283	Maruti Suzuki	Suzuki			cost	4500	6500	6500	100	150	180	0	21.7	https://sajilorental.com/vehicle/1283	1125	812.5	270.8333333
1284	Toyota New Hiace	Toyota			cost	5000	10000	10000	50	100	200	0	21.7	https://sajilorental.com/vehicle/1284	1250	1250	416.6666667
1285	Corola				cost	5000	6500	8000	80	150	190	0	21.7	https://sajilorental.com/vehicle/1285	1250	812.5	333.3333333
1286	EECO CARGO				cost	4500	6500	6500	100	150	180	0	21.7	https://sajilorental.com/vehicle/1286	1125	812.5	270.8333333
1287	Toyota New Hiace	Toyota			cost	5000	10000	10000	50	100	200	0	21.7	https://sajilorental.com/vehicle/1287	1250	1250	416.6666667
1288	BMW 2 Series	BMW			cost	5500	7500	8500	80	100	190	0	21.7	https://sajilorental.com/vehicle/1288	1375	937.5	354.1666667
1289	Ecosport				cost	5500	7500	8500	80	100	190	0	21.7	https://sajilorental.com/vehicle/1289	1375	937.5	354.1666667
1290	Maruti Suzuki	Suzuki			cost	4500	6500	6500	100	150	180	0	21.7	https://sajilorental.com/vehicle/1290	1125	812.5	270.8333333
1291	Chevrolet Spark	Chevrolet			cost	5000	6500	8000	80	150	190	0	21.7	https://sajilorental.com/vehicle/1291	1250	812.5	333.3333333
1293	Sumo				cost	7500	8000	8000	50	100	200	0	19.73	https://sajilorental.com/vehicle/1293	1875	1000	333.3333333
1294	Seltos				cost	5500	7500	8500	80	100	190	0	21.7	https://sajilorental.com/vehicle/1294	1375	937.5	354.1666667
1295	MG ZS 2020		2020	6	cost	5000	7000	8000	50	100	200	0	36.17	https://sajilorental.com/vehicle/1295	1250	875	333.3333333
1296	Santro				cost	4500	5500	8000	5500	210	210	0	21.7	https://sajilorental.com/vehicle/1296	1125	687.5	333.3333333
1297	ALTO				cost	4500	5500	8000	5500	210	210	0	21.7	https://sajilorental.com/vehicle/1297	1125	687.5	333.3333333
1299	ALTO				cost	4500	5500	8000	5500	210	210	0	21.7	https://sajilorental.com/vehicle/1299	1125	687.5	333.3333333
1301	Mahindra Scorpio	Mahindra			cost	7500	8000	8000	50	100	200	0	19.73	https://sajilorental.com/vehicle/1301	1875	1000	333.3333333
1302	Tata Safari	Tata			cost	0	0	0	100	210	210	0	21.7	https://sajilorental.com/vehicle/1302	0	0	0
1303	Mahindra Bolero Pickup	Mahindra			cost	4500	8000	8000	50	100	200	0	21.7	https://sajilorental.com/vehicle/1303	1125	1000	333.3333333
1304	Atto 3				cost	5000	7000	8000	50	100	200	0	36.17	https://sajilorental.com/vehicle/1304	1250	875	333.3333333
1305	Mahindra Scorpio	Mahindra			cost	7500	8000	8000	50	100	200	0	19.73	https://sajilorental.com/vehicle/1305	1875	1000	333.3333333
1306	i20				cost	4500	5500	8000	5500	210	210	0	21.7	https://sajilorental.com/vehicle/1306	1125	687.5	333.3333333
1307	Figo				cost	4500	5500	8000	100	210	210	0	21.7	https://sajilorental.com/vehicle/1307	1125	687.5	333.3333333
1308	Datsun Redi GO	Datsun			cost	5500	7500	8500	80	100	190	0	21.7	https://sajilorental.com/vehicle/1308	1375	937.5	354.1666667
1309	Toyota Innova	Toyota			cost	5000	6500	8000	80	150	190	0	21.7	https://sajilorental.com/vehicle/1309	1250	812.5	333.3333333
1310	BALENO				cost	4500	5500	8000	5500	210	210	0	21.7	https://sajilorental.com/vehicle/1310	1125	687.5	333.3333333
1311	Toyota New Hiace	Toyota			cost	5000	10000	10000	50	100	200	0	21.7	https://sajilorental.com/vehicle/1311	1250	1250	416.6666667
1312	SWIFT				cost	4500	5500	8000	5500	210	210	0	21.7	https://sajilorental.com/vehicle/1312	1125	687.5	333.3333333
1313	Tata Safari	Tata			cost	0	0	0	100	210	210	0	21.7	https://sajilorental.com/vehicle/1313	0	0	0
1314	i10				cost	4500	5500	8000	5500	210	210	0	21.7	https://sajilorental.com/vehicle/1314	1125	687.5	333.3333333
1315	Toyota New Hiace	Toyota			cost	5000	10000	10000	50	100	200	0	21.7	https://sajilorental.com/vehicle/1315	1250	1250	416.6666667
1316	Tata Sumo 2017	Tata	2017	9	cost	6000	9000	10000	80	150	190	0	21.7	https://sajilorental.com/vehicle/1316	1500	1125	416.6666667
1317	Nissan Magnite	Nissan			cost	5500	7500	8500	80	100	190	0	21.7	https://sajilorental.com/vehicle/1317	1375	937.5	354.1666667
1318	DZIRE				cost	4500	5500	8000	100	210	210	0	21.7	https://sajilorental.com/vehicle/1318	1125	687.5	333.3333333
1319	WAGONR				cost	5000	6500	8000	80	150	190	0	21.7	https://sajilorental.com/vehicle/1319	1250	812.5	333.3333333
1320	tata tata tigor 2021	Tata	2021	5	cost	4500	5500	8000	100	210	210	0	21.7	https://sajilorental.com/vehicle/1320	1125	687.5	333.3333333
1321	Tata 1512 Supper Deluxe	Tata			cost	6000	12000	12000	50	100	200	0	21.7	https://sajilorental.com/vehicle/1321	1500	1500	500
1322	Venue				cost	5500	7500	8500	80	100	190	0	21.7	https://sajilorental.com/vehicle/1322	1375	937.5	354.1666667
1323	Mahindra Scorpio	Mahindra			cost	7500	8000	8000	50	100	200	0	19.73	https://sajilorental.com/vehicle/1323	1875	1000	333.3333333
1324	Tata 1512 Supper Deluxe	Tata			cost	6000	12000	12000	50	100	200	0	21.7	https://sajilorental.com/vehicle/1324	1500	1500	500
1325	Tata 1512	Tata			cost	0	0	0	100	210	210	0	21.7	https://sajilorental.com/vehicle/1325	0	0	0
1327	Xcent				cost	5000	6500	8000	80	150	190	0	21.7	https://sajilorental.com/vehicle/1327	1250	812.5	333.3333333
1328	Tata Nexon	Tata			cost	5500	7500	8500	80	100	190	0	21.7	https://sajilorental.com/vehicle/1328	1375	937.5	354.1666667
1329	Toyota New Hiace	Toyota			cost	5000	10000	10000	50	100	200	0	21.7	https://sajilorental.com/vehicle/1329	1250	1250	416.6666667
1330	Mahindra Scorpio	Mahindra			cost	7500	8000	8000	50	100	200	0	19.73	https://sajilorental.com/vehicle/1330	1875	1000	333.3333333
1331	BALENO				cost	4500	5500	8000	5500	210	210	0	21.7	https://sajilorental.com/vehicle/1331	1125	687.5	333.3333333
1332	NETA - V	NETA			cost	5000	7000	8000	50	100	200	0	36.17	https://sajilorental.com/vehicle/1332	1250	875	333.3333333
1334	Toyota New Hiace	Toyota			cost	5000	10000	10000	50	100	200	0	21.7	https://sajilorental.com/vehicle/1334	1250	1250	416.6666667
1335	Atto 3				cost	5000	7000	8000	50	100	200	0	36.17	https://sajilorental.com/vehicle/1335	1250	875	333.3333333
1336	Tata 1512 Supper Deluxe	Tata			cost	6000	12000	12000	50	100	200	0	21.7	https://sajilorental.com/vehicle/1336	1500	1500	500
1337	Toyota New Hiace	Toyota			cost	5000	10000	10000	50	100	200	0	21.7	https://sajilorental.com/vehicle/1337	1250	1250	416.6666667
1338	Mahindra Scorpio	Mahindra			cost	7500	8000	8000	50	100	200	0	19.73	https://sajilorental.com/vehicle/1338	1875	1000	333.3333333
1339	Ignis				cost	5000	6500	8000	80	150	190	0	21.7	https://sajilorental.com/vehicle/1339	1250	812.5	333.3333333
1340	Mahindra Scorpio	Mahindra			cost	7500	8000	8000	50	100	200	0	19.73	https://sajilorental.com/vehicle/1340	1875	1000	333.3333333
1341	Volkswagen Polo	Volkswagen			cost	5000	6500	8000	80	150	190	0	21.7	https://sajilorental.com/vehicle/1341	1250	812.5	333.3333333
1342	Mahindra Scorpio	Mahindra			cost	7500	8000	8000	50	100	200	0	19.73	https://sajilorental.com/vehicle/1342	1875	1000	333.3333333
1343	Mahindra Scorpio	Mahindra			cost	7500	8000	8000	50	100	200	0	19.73	https://sajilorental.com/vehicle/1343	1875	1000	333.3333333
1344	Honda BRV 2012	Honda	2012	14	cost	4500	5500	8000	5500	210	210	0	21.7	https://sajilorental.com/vehicle/1344	1125	687.5	333.3333333
1345	Maruti Suzuki	Suzuki			cost	4500	6500	6500	100	150	180	0	21.7	https://sajilorental.com/vehicle/1345	1125	812.5	270.8333333
1346	Mahindra Scorpio	Mahindra			cost	7500	8000	8000	50	100	200	0	19.73	https://sajilorental.com/vehicle/1346	1875	1000	333.3333333
1347	Mahindra Scorpio	Mahindra			cost	7500	8000	8000	50	100	200	0	19.73	https://sajilorental.com/vehicle/1347	1875	1000	333.3333333
1348	Toyota New Hiace	Toyota			cost	5000	10000	10000	50	100	200	0	21.7	https://sajilorental.com/vehicle/1348	1250	1250	416.6666667
1350	Honda CRV	Honda			cost	4500	5500	8000	100	210	210	0	21.7	https://sajilorental.com/vehicle/1350	1125	687.5	333.3333333
1351	Tata 1512 Supper Deluxe	Tata			cost	6000	12000	12000	50	100	200	0	21.7	https://sajilorental.com/vehicle/1351	1500	1500	500
1353	Maruti Suzuki	Suzuki			cost	4500	6500	6500	100	150	180	0	21.7	https://sajilorental.com/vehicle/1353	1125	812.5	270.8333333
1354	Mahindra Bolero Pickup	Mahindra			cost	4500	8000	8000	50	100	200	0	21.7	https://sajilorental.com/vehicle/1354	1125	1000	333.3333333
1355	RAPID				cost	4500	5500	8000	100	210	210	0	21.7	https://sajilorental.com/vehicle/1355	1125	687.5	333.3333333
1356	Corola				cost	5000	6500	8000	80	150	190	0	21.7	https://sajilorental.com/vehicle/1356	1250	812.5	333.3333333
1357	Mahindra Scorpio	Mahindra			cost	7500	8000	8000	50	100	200	0	19.73	https://sajilorental.com/vehicle/1357	1875	1000	333.3333333
1358	Tata 1512 Supper Deluxe	Tata			cost	6000	12000	12000	50	100	200	0	21.7	https://sajilorental.com/vehicle/1358	1500	1500	500
1359	Tata 1512 Supper Deluxe	Tata			cost	6000	12000	12000	50	100	200	0	21.7	https://sajilorental.com/vehicle/1359	1500	1500	500
1360	Mahindra Scorpio	Mahindra			cost	7500	8000	8000	50	100	200	0	19.73	https://sajilorental.com/vehicle/1360	1875	1000	333.3333333
1361	Mahindra Scorpio	Mahindra			cost	7500	8000	8000	50	100	200	0	19.73	https://sajilorental.com/vehicle/1361	1875	1000	333.3333333
1362	Tata 1512 Supper Deluxe	Tata			cost	6000	12000	12000	50	100	200	0	21.7	https://sajilorental.com/vehicle/1362	1500	1500	500
1363	Mahindra Scorpio	Mahindra			cost	7500	8000	8000	50	100	200	0	19.73	https://sajilorental.com/vehicle/1363	1875	1000	333.3333333
1365	Mahindra Scorpio	Mahindra			cost	7500	8000	8000	50	100	200	0	19.73	https://sajilorental.com/vehicle/1365	1875	1000	333.3333333
1366	Tata 1512 Supper Deluxe	Tata			cost	6000	12000	12000	50	100	200	0	21.7	https://sajilorental.com/vehicle/1366	1500	1500	500
1367	Toyota New Hiace	Toyota			cost	5000	10000	10000	50	100	200	0	21.7	https://sajilorental.com/vehicle/1367	1250	1250	416.6666667
1368	NETA - V	NETA			cost	5000	7000	8000	50	100	200	0	36.17	https://sajilorental.com/vehicle/1368	1250	875	333.3333333
1369	Mahindra Scorpio	Mahindra			cost	7500	8000	8000	50	100	200	0	19.73	https://sajilorental.com/vehicle/1369	1875	1000	333.3333333
1370	Creta				cost	5500	7500	8500	80	100	190	0	21.7	https://sajilorental.com/vehicle/1370	1375	937.5	354.1666667
1371	Tata Safari	Tata			cost	0	0	0	100	210	210	0	21.7	https://sajilorental.com/vehicle/1371	0	0	0
1372	Mahindra Thar	Mahindra			cost	7500	8000	8000	50	100	200	0	19.73	https://sajilorental.com/vehicle/1372	1875	1000	333.3333333
1373	Tata Nexon	Tata			cost	5500	7500	8500	80	100	190	0	21.7	https://sajilorental.com/vehicle/1373	1375	937.5	354.1666667
1374	Nissan Kicks	Nissan			cost	5500	7500	8500	80	100	190	0	21.7	https://sajilorental.com/vehicle/1374	1375	937.5	354.1666667
1375	Tata 1512 Supper Deluxe	Tata			cost	6000	12000	12000	50	100	200	0	21.7	https://sajilorental.com/vehicle/1375	1500	1500	500
1376	Tata 1512 Supper Deluxe	Tata			cost	6000	12000	12000	50	100	200	0	21.7	https://sajilorental.com/vehicle/1376	1500	1500	500
1377	Toyota New Hiace	Toyota			cost	5000	10000	10000	50	100	200	0	21.7	https://sajilorental.com/vehicle/1377	1250	1250	416.6666667
1378	Toyota New Hiace	Toyota			cost	5000	10000	10000	50	100	200	0	21.7	https://sajilorental.com/vehicle/1378	1250	1250	416.6666667
1379	Mahindra Scorpio	Mahindra			cost	7500	8000	8000	50	100	200	0	19.73	https://sajilorental.com/vehicle/1379	1875	1000	333.3333333
1380	S-cross				cost	4500	5500	8000	5500	210	210	0	21.7	https://sajilorental.com/vehicle/1380	1125	687.5	333.3333333
1381	Toyota New Hiace	Toyota			cost	5000	10000	10000	50	100	200	0	21.7	https://sajilorental.com/vehicle/1381	1250	1250	416.6666667
1382	Maruti Suzuki	Suzuki			cost	4500	6500	6500	100	150	180	0	21.7	https://sajilorental.com/vehicle/1382	1125	812.5	270.8333333
1383	Mahindra Scorpio	Mahindra			cost	7500	8000	8000	50	100	200	0	19.73	https://sajilorental.com/vehicle/1383	1875	1000	333.3333333
1384	DZIRE				cost	4500	5500	8000	100	210	210	0	21.7	https://sajilorental.com/vehicle/1384	1125	687.5	333.3333333
1385	Toyota New Hiace	Toyota			cost	5000	10000	10000	50	100	200	0	21.7	https://sajilorental.com/vehicle/1385	1250	1250	416.6666667
1386	Tata 1512 Supper Deluxe	Tata			cost	6000	12000	12000	50	100	200	0	21.7	https://sajilorental.com/vehicle/1386	1500	1500	500
1387	Toyota Hilux	Toyota			cost	4500	8000	8000	50	100	200	0	21.7	https://sajilorental.com/vehicle/1387	1125	1000	333.3333333
1388	Tata Nexon	Tata			cost	5500	7500	8500	80	100	190	0	21.7	https://sajilorental.com/vehicle/1388	1375	937.5	354.1666667
1390	Maruti Suzuki	Suzuki			cost	4500	6500	6500	100	150	180	0	21.7	https://sajilorental.com/vehicle/1390	1125	812.5	270.8333333
1391	Toyota New Hiace	Toyota			cost	5000	10000	10000	50	100	200	0	21.7	https://sajilorental.com/vehicle/1391	1250	1250	416.6666667
1392	Mahindra Scorpio	Mahindra			cost	7500	8000	8000	50	100	200	0	20.45	https://sajilorental.com/vehicle/1392	1875	1000	333.3333333
1393	Maruti Suzuki	Suzuki			cost	4500	5500	8000	5500	210	210	0	21.7	https://sajilorental.com/vehicle/1393	1125	687.5	333.3333333
1394	Jeep Wrangler	Jeep			cost	6000	9000	10000	80	150	190	0	21.7	https://sajilorental.com/vehicle/1394	1500	1125	416.6666667
1396	Maruti Suzuki	Suzuki			cost	4500	6500	6500	100	150	180	0	21.7	https://sajilorental.com/vehicle/1396	1125	812.5	270.8333333
1397	Toyota New Hiace	Toyota			cost	5000	10000	10000	50	100	200	0	21.7	https://sajilorental.com/vehicle/1397	1250	1250	416.6666667
1398	Mahindra Scorpio	Mahindra			cost	7500	8000	8000	50	100	200	0	19.73	https://sajilorental.com/vehicle/1398	1875	1000	333.3333333
1399	SWIFT				cost	4500	5500	8000	5500	210	210	0	21.7	https://sajilorental.com/vehicle/1399	1125	687.5	333.3333333
1400	Corola				cost	4500	5500	8000	100	210	210	0	21.7	https://sajilorental.com/vehicle/1400	1125	687.5	333.3333333
1401	Mahindra Scorpio	Mahindra			cost	7500	8000	8000	50	100	200	0	19.73	https://sajilorental.com/vehicle/1401	1875	1000	333.3333333
1402	Tata Indica Vista	Tata			cost	4500	5500	8000	5500	210	210	0	21.7	https://sajilorental.com/vehicle/1402	1125	687.5	333.3333333
1403	Maruti Suzuki	Suzuki			cost	4500	6500	6500	100	150	180	0	21.7	https://sajilorental.com/vehicle/1403	1125	812.5	270.8333333
1404	Nissan Sunny	Nissan			cost	5000	6500	8000	80	150	190	0	21.7	https://sajilorental.com/vehicle/1404	1250	812.5	333.3333333
1405	SWIFT				cost	4500	5500	8000	5500	210	210	0	21.7	https://sajilorental.com/vehicle/1405	1125	687.5	333.3333333
1406	RAPID				cost	4500	5500	8000	100	210	210	0	21.7	https://sajilorental.com/vehicle/1406	1125	687.5	333.3333333
1407	NETA - V	NETA			cost	5000	7000	8000	50	100	200	0	36.17	https://sajilorental.com/vehicle/1407	1250	875	333.3333333
1408	Mahindra Scorpio	Mahindra			cost	7500	8000	8000	50	100	200	0	19.73	https://sajilorental.com/vehicle/1408	1875	1000	333.3333333
1409	Mahindra Scorpio	Mahindra			cost	7500	8000	8000	50	100	200	0	19.73	https://sajilorental.com/vehicle/1409	1875	1000	333.3333333
1410	Mahindra Scorpio	Mahindra			cost	7500	8000	8000	50	100	200	0	19.73	https://sajilorental.com/vehicle/1410	1875	1000	333.3333333
1411	Santro				cost	4500	5500	8000	5500	210	210	0	21.7	https://sajilorental.com/vehicle/1411	1125	687.5	333.3333333
1412	Mahindra Scorpio	Mahindra			cost	7500	8000	8000	50	100	200	0	19.73	https://sajilorental.com/vehicle/1412	1875	1000	333.3333333
1413	Mahindra Scorpio	Mahindra			cost	7500	8000	8000	50	100	200	0	19.73	https://sajilorental.com/vehicle/1413	1875	1000	333.3333333
1414	Mahindra Scorpio	Mahindra			cost	7500	8000	8000	50	100	200	0	19.73	https://sajilorental.com/vehicle/1414	1875	1000	333.3333333
1415	Ecosport				cost	5500	7500	8500	80	100	190	0	21.7	https://sajilorental.com/vehicle/1415	1375	937.5	354.1666667
1416	Classic				cost	4500	5500	8000	100	210	210	0	21.7	https://sajilorental.com/vehicle/1416	1125	687.5	333.3333333
1417	Mahindra Scorpio	Mahindra			cost	7500	8000	8000	50	100	200	0	19.73	https://sajilorental.com/vehicle/1417	1875	1000	333.3333333
1418	Toyota New Hiace	Toyota			cost	5000	10000	10000	50	100	200	0	21.7	https://sajilorental.com/vehicle/1418	1250	1250	416.6666667
1419	Tata Yodha Pickup	Tata			cost	4500	8000	8000	50	100	200	0	21.7	https://sajilorental.com/vehicle/1419	1125	1000	333.3333333
1420	Mahindra Scorpio	Mahindra			cost	7500	8000	8000	50	100	200	0	19.73	https://sajilorental.com/vehicle/1420	1875	1000	333.3333333
1421	DZIRE				cost	4500	5500	8000	100	210	210	0	21.7	https://sajilorental.com/vehicle/1421	1125	687.5	333.3333333
1422	Freestyle				cost	4500	5500	8000	100	210	210	0	21.7	https://sajilorental.com/vehicle/1422	1125	687.5	333.3333333
1423	Figo				cost	4500	5500	8000	100	210	210	0	21.7	https://sajilorental.com/vehicle/1423	1125	687.5	333.3333333
1424	Mahindra Scorpio	Mahindra			cost	7500	8000	8000	50	100	200	0	19.73	https://sajilorental.com/vehicle/1424	1875	1000	333.3333333
1425	Toyota Land Cruiser	Toyota			cost	6000	9000	10000	80	150	190	0	21.7	https://sajilorental.com/vehicle/1425	1500	1125	416.6666667
1426	SWIFT				cost	4500	5500	8000	5500	210	210	0	21.7	https://sajilorental.com/vehicle/1426	1125	687.5	333.3333333
1427	ALTO				cost	4500	5500	8000	5500	210	210	0	21.7	https://sajilorental.com/vehicle/1427	1125	687.5	333.3333333
1428	Mahindra Scorpio	Mahindra			cost	7500	8000	8000	50	100	200	0	19.73	https://sajilorental.com/vehicle/1428	1875	1000	333.3333333
1429	Tata 1512 Supper Deluxe	Tata			cost	6000	12000	12000	50	100	200	0	21.7	https://sajilorental.com/vehicle/1429	1500	1500	500
1430	SWIFT				cost	4500	5500	8000	5500	210	210	0	21.7	https://sajilorental.com/vehicle/1430	1125	687.5	333.3333333
1431	Brezza				cost	5500	7500	8500	80	100	190	0	21.7	https://sajilorental.com/vehicle/1431	1375	937.5	354.1666667
1432	Tata Tiago EV	Tata			cost	4500	5500	8000	50	200	200	0	21.7	https://sajilorental.com/vehicle/1432	1125	687.5	333.3333333
1433	EECO CARGO				cost	4500	6500	6500	100	150	180	0	21.7	https://sajilorental.com/vehicle/1433	1125	812.5	270.8333333
1434	Toyota Hilux	Toyota			cost	4500	8000	8000	50	100	200	0	21.7	https://sajilorental.com/vehicle/1434	1125	1000	333.3333333
1435	Mahindra Scorpio	Mahindra			cost	7500	8000	8000	50	100	200	0	19.73	https://sajilorental.com/vehicle/1435	1875	1000	333.3333333
1436	Tata Tiago	Tata			cost	4500	5500	8000	5500	210	210	0	21.7	https://sajilorental.com/vehicle/1436	1125	687.5	333.3333333
1437	Maruti Suzuki	Suzuki			cost	4500	6500	6500	100	150	180	0	21.7	https://sajilorental.com/vehicle/1437	1125	812.5	270.8333333
1438	Nissan Van	Nissan			cost	5000	10000	10000	50	100	200	0	36.17	https://sajilorental.com/vehicle/1438	1250	1250	416.6666667
1439	Tata Tiago EV	Tata			cost	4500	5500	8000	50	200	200	0	21.7	https://sajilorental.com/vehicle/1439	1125	687.5	333.3333333
1440	Grand i10				cost	4500	5500	8000	5500	210	210	0	21.7	https://sajilorental.com/vehicle/1440	1125	687.5	333.3333333
1441	Accent				cost	4500	5500	8000	100	210	210	0	21.7	https://sajilorental.com/vehicle/1441	1125	687.5	333.3333333
1442	Kiger				cost	5000	6500	8000	80	150	190	0	21.7	https://sajilorental.com/vehicle/1442	1250	812.5	333.3333333
1443	Mahindra Scorpio	Mahindra			cost	7500	8000	8000	50	100	200	0	19.73	https://sajilorental.com/vehicle/1443	1875	1000	333.3333333
1444	Ecosport				cost	5500	7500	8500	80	100	190	0	21.7	https://sajilorental.com/vehicle/1444	1375	937.5	354.1666667
1445	Toyota New Hiace	Toyota			cost	5000	10000	10000	50	100	200	0	21.7	https://sajilorental.com/vehicle/1445	1250	1250	416.6666667
1446	Mahindra Scorpio	Mahindra			cost	7500	8000	8000	50	100	200	0	19.73	https://sajilorental.com/vehicle/1446	1875	1000	333.3333333
1448	Mahindra Scorpio	Mahindra			cost	7500	8000	8000	50	100	200	0	19.73	https://sajilorental.com/vehicle/1448	1875	1000	333.3333333
1449	Honda City	Honda			cost	5000	6500	8000	80	150	190	0	21.7	https://sajilorental.com/vehicle/1449	1250	812.5	333.3333333
1450	Tata Tigor	Tata			cost	5000	6500	8000	80	150	190	0	21.7	https://sajilorental.com/vehicle/1450	1250	812.5	333.3333333
1451	Brezza				cost	5500	7500	8500	80	100	190	0	21.7	https://sajilorental.com/vehicle/1451	1375	937.5	354.1666667
1452	Mitsubishi Pajero	MITSUBISHI			cost	6000	9000	10000	80	150	190	0	21.7	https://sajilorental.com/vehicle/1452	1500	1125	416.6666667
1453	Classic				cost	4500	5500	8000	100	210	210	0	21.7	https://sajilorental.com/vehicle/1453	1125	687.5	333.3333333
1454	Freestyle				cost	4500	5500	8000	100	210	210	0	21.7	https://sajilorental.com/vehicle/1454	1125	687.5	333.3333333
1455	Maruti Suzuki	Suzuki			cost	4500	6500	6500	100	150	180	0	21.7	https://sajilorental.com/vehicle/1455	1125	812.5	270.8333333
1456	Maruti Suzuki	Suzuki			cost	4500	6500	6500	100	150	180	0	21.7	https://sajilorental.com/vehicle/1456	1125	812.5	270.8333333
1457	SUPER CARRY PICK-UP VAN				cost	4500	6500	6500	100	150	180	0	21.7	https://sajilorental.com/vehicle/1457	1125	812.5	270.8333333
1458	Tata Yodha Pickup	Tata			cost	4500	8000	8000	50	100	200	0	21.7	https://sajilorental.com/vehicle/1458	1125	1000	333.3333333
1459	Santro				cost	4500	5500	8000	5500	210	210	0	21.7	https://sajilorental.com/vehicle/1459	1125	687.5	333.3333333
1460	Isuzu Highlander	ISUZU			cost	5500	7500	8500	80	100	190	0	21.7	https://sajilorental.com/vehicle/1460	1375	937.5	354.1666667
1462	Mahindra Scorpio	Mahindra			cost	7500	8000	8000	50	100	200	0	19.73	https://sajilorental.com/vehicle/1462	1875	1000	333.3333333
1463	Toyota Corolla Cross	Toyota			cost	4500	5500	8000	100	210	210	0	21.7	https://sajilorental.com/vehicle/1463	1125	687.5	333.3333333
1464	Mahindra Scorpio	Mahindra			cost	7500	8000	8000	50	100	200	0	19.73	https://sajilorental.com/vehicle/1464	1875	1000	333.3333333
1465	Classic				cost	4500	5500	8000	100	210	210	0	21.7	https://sajilorental.com/vehicle/1465	1125	687.5	333.3333333
1466	Sonata				cost	5000	6500	8000	80	150	190	0	21.7	https://sajilorental.com/vehicle/1466	1250	812.5	333.3333333
1467	Maruti Suzuki	Suzuki			cost	4500	6500	6500	100	150	180	0	21.7	https://sajilorental.com/vehicle/1467	1125	812.5	270.8333333
1468	Mahindra Scorpio	Mahindra			cost	7500	8000	8000	50	100	200	0	19.73	https://sajilorental.com/vehicle/1468	1875	1000	333.3333333
1469	Maruti Suzuki	Suzuki			cost	5000	6500	8000	80	150	190	0	21.7	https://sajilorental.com/vehicle/1469	1250	812.5	333.3333333
1470	Mahindra Scorpio	Mahindra			cost	7500	8000	8000	50	100	200	0	19.73	https://sajilorental.com/vehicle/1470	1875	1000	333.3333333
1471	Toyata LX				cost	4500	5500	8000	100	210	210	0	21.7	https://sajilorental.com/vehicle/1471	1125	687.5	333.3333333
1472	Mahindra Bolero Pickup	Mahindra			cost	4500	8000	8000	50	100	200	0	21.7	https://sajilorental.com/vehicle/1472	1125	1000	333.3333333
1473	Ecosport				cost	5500	7500	8500	80	100	190	0	21.7	https://sajilorental.com/vehicle/1473	1375	937.5	354.1666667
1474	Mahindra Scorpio	Mahindra			cost	7500	8000	8000	50	100	200	0	19.73	https://sajilorental.com/vehicle/1474	1875	1000	333.3333333
1475	Mahindra Scorpio	Mahindra			cost	7500	8000	8000	50	100	200	0	19.73	https://sajilorental.com/vehicle/1475	1875	1000	333.3333333
1476	Mahindra Scorpio	Mahindra			cost	7500	8000	8000	50	100	200	0	19.73	https://sajilorental.com/vehicle/1476	1875	1000	333.3333333
1477	Tata 1512 Supper Deluxe	Tata			cost	6000	12000	12000	50	100	200	0	21.7	https://sajilorental.com/vehicle/1477	1500	1500	500
1478	Ford Classic 2014	Ford	2014	12	cost	4500	5500	8000	100	210	210	0	21.7	https://sajilorental.com/vehicle/1478	1125	687.5	333.3333333
1479	Mahindra Scorpio	Mahindra			cost	7500	8000	8000	50	100	200	0	19.73	https://sajilorental.com/vehicle/1479	1875	1000	333.3333333
1480	Figo				cost	4500	5500	8000	100	210	210	0	21.7	https://sajilorental.com/vehicle/1480	1125	687.5	333.3333333
1481	Maruti Suzuki	Suzuki			cost	4500	6500	6500	100	150	180	0	21.7	https://sajilorental.com/vehicle/1481	1125	812.5	270.8333333
1482	Toyota New Hiace	Toyota			cost	5000	10000	10000	50	100	200	0	21.7	https://sajilorental.com/vehicle/1482	1250	1250	416.6666667
1483	Sonet				cost	5500	7500	8500	80	100	190	0	21.7	https://sajilorental.com/vehicle/1483	1375	937.5	354.1666667
1484	Classic				cost	5000	6500	8000	80	150	190	0	21.7	https://sajilorental.com/vehicle/1484	1250	812.5	333.3333333
1486	SWIFT				cost	4500	5500	8000	5500	210	210	0	21.7	https://sajilorental.com/vehicle/1486	1125	687.5	333.3333333
1487	Toyota New Hiace	Toyota			cost	5000	10000	10000	50	100	200	0	21.7	https://sajilorental.com/vehicle/1487	1250	1250	416.6666667
1488	Ecosport				cost	5500	7500	8500	80	100	190	0	21.7	https://sajilorental.com/vehicle/1488	1375	937.5	354.1666667
1489	Corola				cost	4500	5500	8000	100	210	210	0	21.7	https://sajilorental.com/vehicle/1489	1125	687.5	333.3333333
1490	Volkswagen Polo	Volkswagen			cost	4500	5500	8000	5500	210	210	0	21.7	https://sajilorental.com/vehicle/1490	1125	687.5	333.3333333
1491	SWIFT				cost	4500	5500	8000	5500	210	210	0	21.7	https://sajilorental.com/vehicle/1491	1125	687.5	333.3333333
1492	Ecosport				cost	5500	7500	8500	80	100	190	0	21.7	https://sajilorental.com/vehicle/1492	1375	937.5	354.1666667
1493	Hyundai Creta 2021	Hyundai	2021	5	cost	5500	7500	8500	80	100	190	0	21.7	https://sajilorental.com/vehicle/1493	1375	937.5	354.1666667
1494	Classic				cost	5000	6500	8000	80	150	190	0	21.7	https://sajilorental.com/vehicle/1494	1250	812.5	333.3333333
1495	SWIFT				cost	4500	5500	8000	5500	210	210	0	21.7	https://sajilorental.com/vehicle/1495	1125	687.5	333.3333333
1496	Figo				cost	4500	5500	8000	100	210	210	0	21.7	https://sajilorental.com/vehicle/1496	1125	687.5	333.3333333
1497	Mahindra Scorpio	Mahindra			cost	7500	8000	8000	50	100	200	0	19.73	https://sajilorental.com/vehicle/1497	1875	1000	333.3333333
1498	Chevrolet Aveo	Chevrolet			cost	4500	5500	8000	100	210	210	0	21.7	https://sajilorental.com/vehicle/1498	1125	687.5	333.3333333
1499	NETA - V	NETA			cost	5000	7000	8000	50	100	200	0	36.17	https://sajilorental.com/vehicle/1499	1250	875	333.3333333
1500	Mahindra Scorpio	Mahindra			cost	7500	8000	8000	50	100	200	0	19.73	https://sajilorental.com/vehicle/1500	1875	1000	333.3333333
1501	Figo				cost	4500	5500	8000	100	210	210	0	21.7	https://sajilorental.com/vehicle/1501	1125	687.5	333.3333333
1502	Figo				cost	4500	5500	8000	100	210	210	0	21.7	https://sajilorental.com/vehicle/1502	1125	687.5	333.3333333
1503	Classic				cost	4500	5500	8000	100	210	210	0	21.7	https://sajilorental.com/vehicle/1503	1125	687.5	333.3333333
1504	Figo				cost	4500	5500	8000	100	210	210	0	21.7	https://sajilorental.com/vehicle/1504	1125	687.5	333.3333333
1505	Classic				cost	4500	5500	8000	100	210	210	0	21.7	https://sajilorental.com/vehicle/1505	1125	687.5	333.3333333
1506	Classic				cost	5000	6500	8000	80	150	190	0	21.7	https://sajilorental.com/vehicle/1506	1250	812.5	333.3333333
1507	DZIRE				cost	4500	5500	8000	100	210	210	0	21.7	https://sajilorental.com/vehicle/1507	1125	687.5	333.3333333
1508	Maruti Suzuki	Suzuki			cost	5000	6500	8000	80	150	190	0	21.7	https://sajilorental.com/vehicle/1508	1250	812.5	333.3333333
1509	Tata Tiago	Tata			cost	4500	5500	8000	50	200	200	0	21.7	https://sajilorental.com/vehicle/1509	1125	687.5	333.3333333
1510	Tata Tiago EV	Tata			cost	4500	5500	8000	50	200	200	0	21.7	https://sajilorental.com/vehicle/1510	1125	687.5	333.3333333
1511	SUPER CARRY PICK-UP VAN				cost	4500	6500	6500	100	150	180	0	21.7	https://sajilorental.com/vehicle/1511	1125	812.5	270.8333333
1512	Creta				cost	5500	7500	8500	80	100	190	0	21.7	https://sajilorental.com/vehicle/1512	1375	937.5	354.1666667
1513	Maruti Suzuki	Suzuki			cost	4500	5500	8000	5500	210	210	0	21.7	https://sajilorental.com/vehicle/1513	1125	687.5	333.3333333
1514	SWIFT				cost	4500	5500	8000	5500	210	210	0	21.7	https://sajilorental.com/vehicle/1514	1125	687.5	333.3333333
1515	Xcent				cost	5000	6500	8000	80	150	190	0	21.7	https://sajilorental.com/vehicle/1515	1250	812.5	333.3333333
1516	Creta				cost	5500	7500	8500	80	100	190	0	21.7	https://sajilorental.com/vehicle/1516	1375	937.5	354.1666667
1517	Mahindra Scorpio	Mahindra			cost	7500	8000	8000	50	100	200	0	19.73	https://sajilorental.com/vehicle/1517	1875	1000	333.3333333
1518	Mahindra Scorpio	Mahindra			cost	7500	8000	8000	50	100	200	0	19.73	https://sajilorental.com/vehicle/1518	1875	1000	333.3333333
1519	Mahindra Scorpio	Mahindra			cost	7500	8000	8000	50	100	200	0	19.73	https://sajilorental.com/vehicle/1519	1875	1000	333.3333333
1520	Mahindra Bolero Pickup	Mahindra			cost	4500	8000	8000	50	100	200	0	21.7	https://sajilorental.com/vehicle/1520	1125	1000	333.3333333
1521	Tata Indica	Tata			cost	4500	5500	8000	100	210	210	0	21.7	https://sajilorental.com/vehicle/1521	1125	687.5	333.3333333
1522	i10				cost	4500	5500	8000	5500	210	210	0	21.7	https://sajilorental.com/vehicle/1522	1125	687.5	333.3333333
1523	RAPID				cost	4500	5500	8000	100	210	210	0	21.7	https://sajilorental.com/vehicle/1523	1125	687.5	333.3333333
1524	Tata Indica	Tata			cost	4500	5500	8000	100	210	210	0	21.7	https://sajilorental.com/vehicle/1524	1125	687.5	333.3333333
1525	Toyota New Hiace	Toyota			cost	5000	10000	10000	50	100	200	0	21.7	https://sajilorental.com/vehicle/1525	1250	1250	416.6666667
1526	Hyundai Creta 2021	Hyundai	2021	5	cost	5500	7500	8500	80	100	190	0	21.7	https://sajilorental.com/vehicle/1526	1375	937.5	354.1666667
1527	i10				cost	4500	5500	8000	5500	210	210	0	21.7	https://sajilorental.com/vehicle/1527	1125	687.5	333.3333333
1528	Tata Tigor EV	Tata			cost	4500	5500	8000	50	200	200	0	21.7	https://sajilorental.com/vehicle/1528	1125	687.5	333.3333333
1529	Maruti Suzuki	Suzuki			cost	4500	6500	6500	100	150	180	0	21.7	https://sajilorental.com/vehicle/1529	1125	812.5	270.8333333
1530	Maruti Suzuki	Suzuki			cost	5000	6500	8000	80	150	190	0	21.7	https://sajilorental.com/vehicle/1530	1250	812.5	333.3333333
1531	Patrol				cost	7500	8000	8000	50	100	200	0	19.73	https://sajilorental.com/vehicle/1531	1875	1000	333.3333333
1532	Tata 1512 Supper Deluxe	Tata			cost	6000	12000	12000	50	100	200	0	21.7	https://sajilorental.com/vehicle/1532	1500	1500	500
1533	Tata Tiago EV	Tata			cost	4500	5500	8000	50	200	200	0	21.7	https://sajilorental.com/vehicle/1533	1125	687.5	333.3333333
1535	Brezza				cost	5500	7500	8500	80	100	190	0	21.7	https://sajilorental.com/vehicle/1535	1375	937.5	354.1666667
1536	WAGONR				cost	5000	6500	8000	80	150	190	0	21.7	https://sajilorental.com/vehicle/1536	1250	812.5	333.3333333
1537	Mahindra Scorpio	Mahindra			cost	7500	8000	8000	50	100	200	0	19.73	https://sajilorental.com/vehicle/1537	1875	1000	333.3333333
1538	E-6 EV				cost	5500	6500	6500	50	100	200	0	36.17	https://sajilorental.com/vehicle/1538	1375	812.5	270.8333333
1539	KIA Sportage 2010	KIA	2010	16	cost	5500	7500	8500	80	100	190	0	21.7	https://sajilorental.com/vehicle/1539	1375	937.5	354.1666667
1540	Mahindra Scorpio	Mahindra			cost	7500	8000	8000	50	100	200	0	19.73	https://sajilorental.com/vehicle/1540	1875	1000	333.3333333
1541	Xcent				cost	5000	6500	8000	80	150	190	0	21.7	https://sajilorental.com/vehicle/1541	1250	812.5	333.3333333
1542	Mahindra Scorpio	Mahindra			cost	7500	8000	8000	50	100	200	0	19.73	https://sajilorental.com/vehicle/1542	1875	1000	333.3333333
1543	Tata Tigor	Tata			cost	5000	6500	8000	80	150	190	0	21.7	https://sajilorental.com/vehicle/1543	1250	812.5	333.3333333
1544	Santro				cost	4500	5500	8000	5500	210	210	0	21.7	https://sajilorental.com/vehicle/1544	1125	687.5	333.3333333
1545	i10				cost	4500	5500	8000	5500	210	210	0	21.7	https://sajilorental.com/vehicle/1545	1125	687.5	333.3333333
1546	i10				cost	4500	5500	8000	5500	210	210	0	21.7	https://sajilorental.com/vehicle/1546	1125	687.5	333.3333333
1547	Datsun Redi GO	Datsun			cost	5000	6500	8000	80	150	190	0	21.7	https://sajilorental.com/vehicle/1547	1250	812.5	333.3333333
1548	Grand i10				cost	4500	5500	8000	5500	210	210	0	21.7	https://sajilorental.com/vehicle/1548	1125	687.5	333.3333333
1550	Tata Indica Vista	Tata			cost	5000	6500	8000	80	150	190	0	21.7	https://sajilorental.com/vehicle/1550	1250	812.5	333.3333333
1551	Sportage				cost	5500	7500	8500	80	100	190	0	21.7	https://sajilorental.com/vehicle/1551	1375	937.5	354.1666667
1552	Ecosport				cost	5500	7500	8500	80	100	190	0	21.7	https://sajilorental.com/vehicle/1552	1375	937.5	354.1666667
1553	Toyota New Hiace	Toyota			cost	5000	10000	10000	50	100	200	0	21.7	https://sajilorental.com/vehicle/1553	1250	1250	416.6666667
1554	ALTO				cost	4500	5500	8000	5500	210	210	0	21.7	https://sajilorental.com/vehicle/1554	1125	687.5	333.3333333
1555	Mahindra Scorpio 2019	Mahindra	2019	7	cost	7500	8000	8000	50	100	200	0	19.73	https://sajilorental.com/vehicle/1555	1875	1000	333.3333333
1556	Santro				cost	4500	5500	8000	5500	210	210	0	21.7	https://sajilorental.com/vehicle/1556	1125	687.5	333.3333333
1557	Tata Nexon EV	Tata			cost	5000	7000	8000	50	100	200	0	36.17	https://sajilorental.com/vehicle/1557	1250	875	333.3333333
1558	Mahindra Scorpio	Mahindra			cost	7500	8000	8000	50	100	200	0	19.73	https://sajilorental.com/vehicle/1558	1875	1000	333.3333333
1559	i20				cost	4500	5500	8000	5500	210	210	0	21.7	https://sajilorental.com/vehicle/1559	1125	687.5	333.3333333
1560	i10				cost	4500	5500	8000	5500	210	210	0	21.7	https://sajilorental.com/vehicle/1560	1125	687.5	333.3333333
1561	Mahindra Scorpio	Mahindra			cost	7500	8000	8000	50	100	200	0	19.73	https://sajilorental.com/vehicle/1561	1875	1000	333.3333333
1562	Toyota New Hiace	Toyota			cost	5000	10000	10000	50	100	200	0	21.7	https://sajilorental.com/vehicle/1562	1250	1250	416.6666667
1563	Toyota New Hiace	Toyota			cost	5000	10000	10000	50	100	200	0	21.7	https://sajilorental.com/vehicle/1563	1250	1250	416.6666667
1564	DZIRE				cost	4500	5500	8000	100	210	210	0	21.7	https://sajilorental.com/vehicle/1564	1125	687.5	333.3333333
1565	DZIRE				cost	4500	5500	8000	100	210	210	0	21.7	https://sajilorental.com/vehicle/1565	1125	687.5	333.3333333
1566	Honda WRV	Honda			cost	5000	6500	8000	80	150	190	0	21.7	https://sajilorental.com/vehicle/1566	1250	812.5	333.3333333
1567	Nissan Sunny	Nissan			cost	5000	6500	8000	80	150	190	0	21.7	https://sajilorental.com/vehicle/1567	1250	812.5	333.3333333
1568	Sonet				cost	5500	7500	8500	80	100	190	0	21.7	https://sajilorental.com/vehicle/1568	1375	937.5	354.1666667
1569	Mahindra Scorpio	Mahindra			cost	7500	8000	8000	50	100	200	0	19.73	https://sajilorental.com/vehicle/1569	1875	1000	333.3333333
1570	ALTO				cost	4500	5500	8000	5500	210	210	0	21.7	https://sajilorental.com/vehicle/1570	1125	687.5	333.3333333
1571	Tata Nexon EV	Tata			cost	5000	7000	8000	50	100	200	0	36.17	https://sajilorental.com/vehicle/1571	1250	875	333.3333333
1572	MG ZS				cost	5000	7000	8000	50	100	200	0	36.17	https://sajilorental.com/vehicle/1572	1250	875	333.3333333
1573	Mahindra Scorpio	Mahindra			cost	7500	8000	8000	50	100	200	0	19.73	https://sajilorental.com/vehicle/1573	1875	1000	333.3333333
1574	DZIRE				cost	4500	5500	8000	100	210	210	0	21.7	https://sajilorental.com/vehicle/1574	1125	687.5	333.3333333
1575	Nissan Magnite	Nissan			cost	5500	7500	8500	80	100	190	0	21.7	https://sajilorental.com/vehicle/1575	1375	937.5	354.1666667
1576	Toyota New Hiace	Toyota			cost	5000	10000	10000	50	100	200	0	21.7	https://sajilorental.com/vehicle/1576	1250	1250	416.6666667
1577	Honda Amaze	Honda			cost	5000	6500	8000	80	150	190	0	21.7	https://sajilorental.com/vehicle/1577	1250	812.5	333.3333333
1578	Celerio				cost	4500	5500	8000	5500	210	210	0	21.7	https://sajilorental.com/vehicle/1578	1125	687.5	333.3333333
1579	Toyota New Hiace	Toyota			cost	5000	10000	10000	50	100	200	0	21.7	https://sajilorental.com/vehicle/1579	1250	1250	416.6666667
1580	Mahindra Scorpio	Mahindra			cost	7500	8000	8000	50	100	200	0	19.73	https://sajilorental.com/vehicle/1580	1875	1000	333.3333333
1581	BMW M440i	BMW			cost	5000	6500	8000	80	150	190	0	21.7	https://sajilorental.com/vehicle/1581	1250	812.5	333.3333333
1582	Toyota New Hiace	Toyota			cost	5000	10000	10000	50	100	200	0	21.7	https://sajilorental.com/vehicle/1582	1250	1250	416.6666667
1583	Toyota New Hiace	Toyota			cost	5000	10000	10000	50	100	200	0	21.7	https://sajilorental.com/vehicle/1583	1250	1250	416.6666667
1584	Figo				cost	4500	5500	8000	100	210	210	0	21.7	https://sajilorental.com/vehicle/1584	1125	687.5	333.3333333
1585	Honda CRV	Honda			cost	4500	5500	8000	5500	210	210	0	21.7	https://sajilorental.com/vehicle/1585	1125	687.5	333.3333333
1586	Mahindra Scorpio	Mahindra			cost	7500	8000	8000	50	100	200	0	19.73	https://sajilorental.com/vehicle/1586	1875	1000	333.3333333
1587	EECO CARGO				cost	4500	6500	6500	100	150	180	0	21.7	https://sajilorental.com/vehicle/1587	1125	812.5	270.8333333
1588	DZIRE				cost	4500	5500	8000	100	210	210	0	21.7	https://sajilorental.com/vehicle/1588	1125	687.5	333.3333333
1589	Toyota New Hiace	Toyota			cost	5000	10000	10000	50	100	200	0	21.7	https://sajilorental.com/vehicle/1589	1250	1250	416.6666667
1590	SWIFT				cost	4500	5500	8000	5500	210	210	0	21.7	https://sajilorental.com/vehicle/1590	1125	687.5	333.3333333
1592	ALTO				cost	4500	5500	8000	5500	210	210	0	21.7	https://sajilorental.com/vehicle/1592	1125	687.5	333.3333333
1593	EECO CARGO				cost	4500	6500	6500	100	150	180	0	21.7	https://sajilorental.com/vehicle/1593	1125	812.5	270.8333333
1594	EECO CARGO				cost	4500	6500	6500	100	150	180	0	21.7	https://sajilorental.com/vehicle/1594	1125	812.5	270.8333333
1595	Tata 1512 Supper Deluxe	Tata			cost	6000	12000	12000	50	100	200	0	21.7	https://sajilorental.com/vehicle/1595	1500	1500	500
1596	Sumo				cost	6000	9000	10000	80	150	190	0	21.7	https://sajilorental.com/vehicle/1596	1500	1125	416.6666667
1597	Toyota New Hiace	Toyota			cost	5000	10000	10000	50	100	200	0	21.7	https://sajilorental.com/vehicle/1597	1250	1250	416.6666667
1598	ALTO				cost	4500	5500	8000	5500	210	210	0	21.7	https://sajilorental.com/vehicle/1598	1125	687.5	333.3333333
1599	Atto 3				cost	5000	7000	8000	50	100	200	0	36.17	https://sajilorental.com/vehicle/1599	1250	875	333.3333333
1600	Toyota Etios	Toyota			cost	4500	5500	8000	100	210	210	0	21.7	https://sajilorental.com/vehicle/1600	1125	687.5	333.3333333
1601	ALTO				cost	4500	5500	8000	5500	210	210	0	21.7	https://sajilorental.com/vehicle/1601	1125	687.5	333.3333333
1602	Tata Manza	Tata			cost	0	0	0	100	210	210	0	21.7	https://sajilorental.com/vehicle/1602	0	0	0
1603	Toyota Etios	Toyota			cost	4500	5500	8000	100	210	210	0	21.7	https://sajilorental.com/vehicle/1603	1125	687.5	333.3333333
1604	Toyota New Hiace	Toyota			cost	5000	10000	10000	50	100	200	0	21.7	https://sajilorental.com/vehicle/1604	1250	1250	416.6666667
1605	Mahindra Scorpio	Mahindra			cost	7500	8000	8000	50	100	200	0	19.73	https://sajilorental.com/vehicle/1605	1875	1000	333.3333333
1606	ALTO				cost	4500	5500	8000	5500	210	210	0	21.7	https://sajilorental.com/vehicle/1606	1125	687.5	333.3333333
1607	WAGONR				cost	4500	5500	8000	5500	210	210	0	21.7	https://sajilorental.com/vehicle/1607	1125	687.5	333.3333333
1608	Mahindra Scorpio	Mahindra			cost	7500	8000	8000	50	100	200	0	19.73	https://sajilorental.com/vehicle/1608	1875	1000	333.3333333
1609	Toyota New Hiace	Toyota			cost	5000	10000	10000	50	100	200	0	21.7	https://sajilorental.com/vehicle/1609	1250	1250	416.6666667
1610	Toyota New Hiace	Toyota			cost	5000	10000	10000	50	100	200	0	21.7	https://sajilorental.com/vehicle/1610	1250	1250	416.6666667
1611	Mahindra Scorpio	Mahindra			cost	7500	8000	8000	50	100	200	0	19.73	https://sajilorental.com/vehicle/1611	1875	1000	333.3333333
1612	Mahindra Scorpio	Mahindra			cost	7500	8000	8000	50	100	200	0	19.73	https://sajilorental.com/vehicle/1612	1875	1000	333.3333333
1613	Honda Amaze	Honda			cost	4500	5500	8000	100	210	210	0	21.7	https://sajilorental.com/vehicle/1613	1125	687.5	333.3333333
1614	Toyota Fortuner	Toyota			cost	5500	7500	8500	80	100	190	0	21.7	https://sajilorental.com/vehicle/1614	1375	937.5	354.1666667
1615	Brezza				cost	5500	7500	8500	80	100	190	0	21.7	https://sajilorental.com/vehicle/1615	1375	937.5	354.1666667
1616	Mahindra Scorpio	Mahindra			cost	7500	8000	8000	50	100	200	0	19.73	https://sajilorental.com/vehicle/1616	1875	1000	333.3333333
1617	NEW KUSHAQ				cost	5000	6500	8000	80	150	190	0	21.7	https://sajilorental.com/vehicle/1617	1250	812.5	333.3333333
1618	Nissan Magnite	Nissan			cost	5500	7500	8500	80	100	190	0	21.7	https://sajilorental.com/vehicle/1618	1375	937.5	354.1666667
1619	Mahindra Scorpio	Mahindra			cost	7500	8000	8000	50	100	200	0	19.73	https://sajilorental.com/vehicle/1619	1875	1000	333.3333333
1620	COMPASS				cost	5500	7500	8500	80	100	190	0	21.7	https://sajilorental.com/vehicle/1620	1375	937.5	354.1666667
1621	C - 3				cost	5000	6500	8000	80	150	190	0	21.7	https://sajilorental.com/vehicle/1621	1250	812.5	333.3333333
1622	RAPID				cost	4500	5500	8000	100	210	210	0	21.7	https://sajilorental.com/vehicle/1622	1125	687.5	333.3333333
1623	Maruti Suzuki	Suzuki			cost	4500	5500	8000	5500	210	210	0	21.7	https://sajilorental.com/vehicle/1623	1125	687.5	333.3333333
1624	Mahindra Scorpio	Mahindra			cost	7500	8000	8000	50	100	200	0	19.73	https://sajilorental.com/vehicle/1624	1875	1000	333.3333333
1626	NETA - V	NETA			cost	5000	7000	8000	50	100	200	0	36.17	https://sajilorental.com/vehicle/1626	1250	875	333.3333333
1628	Tata Nexon EV	Tata			cost	5000	7000	8000	50	100	200	0	36.17	https://sajilorental.com/vehicle/1628	1250	875	333.3333333
1629	SUPERB				cost	5500	7500	8500	80	100	190	0	21.7	https://sajilorental.com/vehicle/1629	1375	937.5	354.1666667
1630	Mahindra Scorpio	Mahindra			cost	7500	8000	8000	50	100	200	0	19.73	https://sajilorental.com/vehicle/1630	1875	1000	333.3333333
1631	Tata Tiago EV	Tata			cost	4500	5500	8000	50	200	200	0	21.7	https://sajilorental.com/vehicle/1631	1125	687.5	333.3333333
1632	DZIRE				cost	4500	5500	8000	100	210	210	0	21.7	https://sajilorental.com/vehicle/1632	1125	687.5	333.3333333
1633	NETA - V	NETA			cost	5000	7000	8000	50	100	200	0	36.17	https://sajilorental.com/vehicle/1633	1250	875	333.3333333
1634	Mahindra Scorpio	Mahindra			cost	7500	8000	8000	50	100	200	0	19.73	https://sajilorental.com/vehicle/1634	1875	1000	333.3333333
1635	BYD Dolphin	BYD			cost	4500	5500	8000	50	200	200	0	21.7	https://sajilorental.com/vehicle/1635	1125	687.5	333.3333333
1636	DZIRE				cost	4500	5500	8000	100	210	210	0	21.7	https://sajilorental.com/vehicle/1636	1125	687.5	333.3333333
1637	Toyota New Hiace	Toyota			cost	5000	10000	10000	50	100	200	0	21.7	https://sajilorental.com/vehicle/1637	1250	1250	416.6666667
1638	Tata Nexon	Tata			cost	5500	7500	8500	80	100	190	0	21.7	https://sajilorental.com/vehicle/1638	1375	937.5	354.1666667
1639	Mahindra Scorpio	Mahindra			cost	7500	8000	8000	50	100	200	0	20.45	https://sajilorental.com/vehicle/1639	1875	1000	333.3333333
1640	SHEPHIA				cost	5000	6500	8000	80	150	190	0	21.7	https://sajilorental.com/vehicle/1640	1250	812.5	333.3333333
1641	Tata Nexon EV	Tata			cost	5000	7000	8000	50	100	200	0	36.17	https://sajilorental.com/vehicle/1641	1250	875	333.3333333
1642	Mahindra Scorpio	Mahindra			cost	7500	8000	8000	50	100	200	0	19.73	https://sajilorental.com/vehicle/1642	1875	1000	333.3333333
1643	OMODA 230T Lux 2024	Omoda	2024	2	cost	5000	7000	8000	50	100	200	0	2.17	https://sajilorental.com/vehicle/1643	1250	875	333.3333333
1644	Tata Nexon 2019	Tata	2019	7	cost	5000	7000	8000	50	100	200	0	2.17	https://sajilorental.com/vehicle/1644	1250	875	333.3333333
1645	Toyota New Hiace	Toyota			cost	5000	10000	10000	50	100	200	0	21.7	https://sajilorental.com/vehicle/1645	1250	1250	416.6666667
1646	Mahindra Scorpio	Mahindra			cost	7500	8000	8000	50	100	200	0	19.73	https://sajilorental.com/vehicle/1646	1875	1000	333.3333333
1647	Tata Safari	Tata			cost	6000	9000	10000	80	150	190	0	21.7	https://sajilorental.com/vehicle/1647	1500	1125	416.6666667
1648	NETA - V	NETA			cost	5000	7000	8000	50	100	200	0	36.17	https://sajilorental.com/vehicle/1648	1250	875	333.3333333
1649	Santro				cost	4500	5500	8000	5500	210	210	0	21.7	https://sajilorental.com/vehicle/1649	1125	687.5	333.3333333
1650	SWIFT				cost	4500	5500	8000	5500	210	210	0	21.7	https://sajilorental.com/vehicle/1650	1125	687.5	333.3333333
1651	Mahindra Scorpio	Mahindra			cost	7500	8000	8000	50	100	200	0	19.73	https://sajilorental.com/vehicle/1651	1875	1000	333.3333333
1652	DZIRE				cost	4500	5500	8000	100	210	210	0	21.7	https://sajilorental.com/vehicle/1652	1125	687.5	333.3333333
1653	Mahindra Scorpio	Mahindra			cost	7500	8000	8000	50	100	200	0	19.73	https://sajilorental.com/vehicle/1653	1875	1000	333.3333333
1654	Suzuki DZIRE 2009	Suzuki	2009	17	cost	4500	5500	8000	100	210	210	0	21.7	https://sajilorental.com/vehicle/1654	1125	687.5	333.3333333
1655	Suzuki Ciaz 2018	Suzuki	2018	8	cost	5000	6500	8000	80	150	190	0	21.7	https://sajilorental.com/vehicle/1655	1250	812.5	333.3333333
1656	Nissan Magnite	Nissan			cost	5500	7500	8500	80	100	190	0	21.7	https://sajilorental.com/vehicle/1656	1375	937.5	354.1666667
1657	Brezza				cost	5500	7500	8500	80	100	190	0	21.7	https://sajilorental.com/vehicle/1657	1375	937.5	354.1666667
1658	Mahindra Bolero Pickup	Mahindra			cost	4500	8000	8000	50	100	200	0	21.7	https://sajilorental.com/vehicle/1658	1125	1000	333.3333333
1659	Chery T11	Chery			cost	5500	7500	8500	80	100	190	0	21.7	https://sajilorental.com/vehicle/1659	1375	937.5	354.1666667
1660	Nissan Magnite	Nissan			cost	5500	7500	8500	80	100	190	0	21.7	https://sajilorental.com/vehicle/1660	1375	937.5	354.1666667
1661	Datsun New GO	Datsun			cost	5000	6500	8000	80	150	190	0	21.7	https://sajilorental.com/vehicle/1661	1250	812.5	333.3333333
1662	Tata Nexon EV	Tata			cost	5000	7000	8000	50	100	200	0	36.17	https://sajilorental.com/vehicle/1662	1250	875	333.3333333
1663	Tata Nexon EV	Tata			cost	5000	7000	8000	50	100	200	0	36.17	https://sajilorental.com/vehicle/1663	1250	875	333.3333333
1664	Brezza				cost	5500	7500	8500	80	100	190	0	21.7	https://sajilorental.com/vehicle/1664	1375	937.5	354.1666667
1665	DZIRE				cost	4500	5500	8000	100	210	210	0	21.7	https://sajilorental.com/vehicle/1665	1125	687.5	333.3333333
1666	Brezza				cost	5500	7500	8500	80	100	190	0	21.7	https://sajilorental.com/vehicle/1666	1375	937.5	354.1666667
1667	DZIRE				cost	4500	5500	8000	100	210	210	0	21.7	https://sajilorental.com/vehicle/1667	1125	687.5	333.3333333
1668	DZIRE				cost	4500	5500	8000	100	210	210	0	21.7	https://sajilorental.com/vehicle/1668	1125	687.5	333.3333333
1670	Sportage				cost	5500	7500	8500	80	100	190	0	21.7	https://sajilorental.com/vehicle/1670	1375	937.5	354.1666667
1671	Nissan Magnite	Nissan			cost	5500	7500	8500	80	100	190	0	21.7	https://sajilorental.com/vehicle/1671	1375	937.5	354.1666667
1672	DZIRE				cost	4500	5500	8000	100	210	210	0	21.7	https://sajilorental.com/vehicle/1672	1125	687.5	333.3333333
1673	Ecosport				cost	5500	7500	8500	80	100	190	0	21.7	https://sajilorental.com/vehicle/1673	1375	937.5	354.1666667
1674	SUZUKI WAGONR	Suzuki			cost	4500	5500	8000	5500	210	210	0	21.7	https://sajilorental.com/vehicle/1674	1125	687.5	333.3333333
1675	Atto 3				cost	5000	7000	8000	50	100	200	0	36.17	https://sajilorental.com/vehicle/1675	1250	875	333.3333333
1676	ALTO				cost	4500	5500	8000	5500	210	210	0	21.7	https://sajilorental.com/vehicle/1676	1125	687.5	333.3333333
1678	Seres - 3	Seres			cost	5000	7000	8000	50	100	200	0	36.17	https://sajilorental.com/vehicle/1678	1250	875	333.3333333
1680	Mahindra Scorpio	Mahindra			cost	7500	8000	8000	50	100	200	0	19.73	https://sajilorental.com/vehicle/1680	1875	1000	333.3333333
1681	Mahindra Scorpio	Mahindra			cost	7500	8000	8000	50	100	200	0	19.73	https://sajilorental.com/vehicle/1681	1875	1000	333.3333333
1682	Sportage				cost	5500	7500	8500	80	100	190	0	21.7	https://sajilorental.com/vehicle/1682	1375	937.5	354.1666667
1683	NETA - V	NETA			cost	5000	7000	8000	50	100	200	0	36.17	https://sajilorental.com/vehicle/1683	1250	875	333.3333333
1684	Hyundai Creta 2016	Hyundai	2016	10	cost	5500	7500	8500	80	100	190	0	21.7	https://sajilorental.com/vehicle/1684	1375	937.5	354.1666667
1685	Santro				cost	4500	5500	8000	5500	210	210	0	21.7	https://sajilorental.com/vehicle/1685	1125	687.5	333.3333333
1686	Grand i10				cost	4500	5500	8000	5500	210	210	0	21.7	https://sajilorental.com/vehicle/1686	1125	687.5	333.3333333
1687	Tata Nexon EV	Tata			cost	5000	7000	8000	50	100	200	0	36.17	https://sajilorental.com/vehicle/1687	1250	875	333.3333333
1689	Nissan Magnite	Nissan			cost	5500	7500	8500	80	100	190	0	21.7	https://sajilorental.com/vehicle/1689	1375	937.5	354.1666667
1690	Foton EV Van	Foton			cost	5000	10000	10000	50	100	200	0	2.17	https://sajilorental.com/vehicle/1690	1250	1250	416.6666667
1691	Mahindra Scorpio	Mahindra			cost	7500	8000	8000	50	100	200	0	19.73	https://sajilorental.com/vehicle/1691	1875	1000	333.3333333
1692	King Long				cost	5000	10000	10000	50	100	200	0	36.17	https://sajilorental.com/vehicle/1692	1250	1250	416.6666667
1693	Tata Nexon	Tata			cost	5500	7500	8500	80	100	190	0	21.7	https://sajilorental.com/vehicle/1693	1375	937.5	354.1666667
1694	Mahindra Scorpio	Mahindra			cost	7500	8000	8000	50	100	200	0	19.73	https://sajilorental.com/vehicle/1694	1875	1000	333.3333333
1695	KYC				cost	5000	10000	10000	50	100	200	0	36.17	https://sajilorental.com/vehicle/1695	1250	1250	416.6666667
1696	Mahindra Scorpio	Mahindra			cost	7500	8000	8000	50	100	200	0	19.73	https://sajilorental.com/vehicle/1696	1875	1000	333.3333333
1697	Brezza				cost	5500	7500	8500	80	100	190	0	21.7	https://sajilorental.com/vehicle/1697	1375	937.5	354.1666667
1698	Hyundai Creta 2015	Hyundai	2015	11	cost	5500	7500	8500	80	100	190	0	21.7	https://sajilorental.com/vehicle/1698	1375	937.5	354.1666667
1699	Hyundai Creta 2021	Hyundai	2021	5	cost	5500	7500	8500	80	100	190	0	21.7	https://sajilorental.com/vehicle/1699	1375	937.5	354.1666667
1700	BMW 2 Series	BMW			cost	5500	7500	8500	80	100	190	0	21.7	https://sajilorental.com/vehicle/1700	1375	937.5	354.1666667
1701	KYC 10 Seater EV Van				cost	0	0	0	100	210	210	0	1.3	https://sajilorental.com/vehicle/1701	0	0	0
1702	Brezza				cost	5500	7500	8500	80	100	190	0	21.7	https://sajilorental.com/vehicle/1702	1375	937.5	354.1666667
1704	Mahindra Scorpio	Mahindra			cost	7500	8000	8000	50	100	200	0	19.73	https://sajilorental.com/vehicle/1704	1875	1000	333.3333333
1707	Tata Safari	Tata			cost	6000	9000	10000	80	150	190	0	21.7	https://sajilorental.com/vehicle/1707	1500	1125	416.6666667
1708	Creta				cost	5500	7500	8500	80	100	190	0	21.7	https://sajilorental.com/vehicle/1708	1375	937.5	354.1666667
1709	KIA Picanto 2010	KIA	2010	16	cost	5000	6500	8000	80	150	190	0	21.7	https://sajilorental.com/vehicle/1709	1250	812.5	333.3333333
1710	Santro				cost	4500	5500	8000	5500	210	210	0	21.7	https://sajilorental.com/vehicle/1710	1125	687.5	333.3333333
1711	Linea				cost	4500	5500	8000	5500	210	210	0	21.7	https://sajilorental.com/vehicle/1711	1125	687.5	333.3333333
1712	Brezza				cost	5500	7500	8500	80	100	190	0	21.7	https://sajilorental.com/vehicle/1712	1375	937.5	354.1666667
1713	Mahindra Scorpio	Mahindra			cost	7500	8000	8000	50	100	200	0	19.73	https://sajilorental.com/vehicle/1713	1875	1000	333.3333333
1714	Seltos				cost	5500	7500	8500	80	100	190	0	21.7	https://sajilorental.com/vehicle/1714	1375	937.5	354.1666667
1715	Brezza				cost	5500	7500	8500	80	100	190	0	21.7	https://sajilorental.com/vehicle/1715	1375	937.5	354.1666667
1716	NETA - V	NETA			cost	5000	7000	8000	50	100	200	0	36.17	https://sajilorental.com/vehicle/1716	1250	875	333.3333333
1717	Mahindra Scorpio	Mahindra			cost	7500	8000	8000	50	100	200	0	19.73	https://sajilorental.com/vehicle/1717	1875	1000	333.3333333
1718	Hyundai Accent 2012	Hyundai	2012	14	cost	4500	5500	8000	5500	210	210	0	21.7	https://sajilorental.com/vehicle/1718	1125	687.5	333.3333333
1719	Mahindra Scorpio	Mahindra			cost	7500	8000	8000	50	100	200	0	19.73	https://sajilorental.com/vehicle/1719	1875	1000	333.3333333
1720	Atto 3				cost	5000	7000	8000	50	100	200	0	36.17	https://sajilorental.com/vehicle/1720	1250	875	333.3333333
1721	Seltos				cost	5500	7500	8500	80	100	190	0	21.7	https://sajilorental.com/vehicle/1721	1375	937.5	354.1666667
1722	BMW 2 Series	BMW			cost	5500	7500	8500	80	100	190	0	21.7	https://sajilorental.com/vehicle/1722	1375	937.5	354.1666667
1724	Celerio				cost	4500	5500	8000	5500	210	210	0	21.7	https://sajilorental.com/vehicle/1724	1125	687.5	333.3333333
1725	BYD Dolphin	BYD			cost	4500	5500	8000	50	200	200	0	21.7	https://sajilorental.com/vehicle/1725	1125	687.5	333.3333333
1726	Brezza				cost	5500	7500	8500	80	100	190	0	21.7	https://sajilorental.com/vehicle/1726	1375	937.5	354.1666667
1727	Tata Nexon	Tata			cost	5500	7500	8500	80	100	190	0	21.7	https://sajilorental.com/vehicle/1727	1375	937.5	354.1666667
1728	Nissan Leaf	Nissan			cost	5000	6500	8000	80	150	190	0	21.7	https://sajilorental.com/vehicle/1728	1250	812.5	333.3333333
1730	Punch				cost	5000	7000	8000	50	100	200	0	36.17	https://sajilorental.com/vehicle/1730	1250	875	333.3333333
1731	Tata Nexon EV	Tata			cost	5000	7000	8000	50	100	200	0	36.17	https://sajilorental.com/vehicle/1731	1250	875	333.3333333
1732	Mahindra Scorpio	Mahindra			cost	7500	8000	8000	50	100	200	0	19.73	https://sajilorental.com/vehicle/1732	1875	1000	333.3333333
1733	Sportage				cost	5500	7500	8500	80	100	190	0	21.7	https://sajilorental.com/vehicle/1733	1375	937.5	354.1666667
1734	Xcent				cost	4500	5500	8000	100	210	210	0	21.7	https://sajilorental.com/vehicle/1734	1125	687.5	333.3333333
1735	Tata Tiago EV	Tata			cost	4500	5500	8000	50	200	200	0	21.7	https://sajilorental.com/vehicle/1735	1125	687.5	333.3333333
1736	Kona				cost	5500	7500	8500	80	100	190	0	21.7	https://sajilorental.com/vehicle/1736	1375	937.5	354.1666667
1737	Mahindra Scorpio	Mahindra			cost	7500	8000	8000	50	100	200	0	19.73	https://sajilorental.com/vehicle/1737	1875	1000	333.3333333
1738	EECO CARGO				cost	4500	6500	6500	100	150	180	0	21.7	https://sajilorental.com/vehicle/1738	1125	812.5	270.8333333
1739	DZIRE				cost	4500	5500	8000	100	210	210	0	21.7	https://sajilorental.com/vehicle/1739	1125	687.5	333.3333333
1740	Tata 1512 Supper Deluxe	Tata			cost	6000	12000	12000	50	100	200	0	21.7	https://sajilorental.com/vehicle/1740	1500	1500	500
1741	Tata 1512 Supper Deluxe	Tata			cost	6000	12000	12000	50	100	200	0	21.7	https://sajilorental.com/vehicle/1741	1500	1500	500
1742	230T Lux S				cost	5000	7000	8000	50	100	200	0	36.17	https://sajilorental.com/vehicle/1742	1250	875	333.3333333
1743	Mahindra Scorpio	Mahindra			cost	7500	8000	8000	50	100	200	0	19.73	https://sajilorental.com/vehicle/1743	1875	1000	333.3333333
1744	Tata Tiago EV	Tata			cost	4500	5500	8000	50	200	200	0	21.7	https://sajilorental.com/vehicle/1744	1125	687.5	333.3333333
1745	DZIRE				cost	4500	5500	8000	100	210	210	0	21.7	https://sajilorental.com/vehicle/1745	1125	687.5	333.3333333
1746	Mahindra Scorpio	Mahindra			cost	7500	8000	8000	50	100	200	0	19.73	https://sajilorental.com/vehicle/1746	1875	1000	333.3333333
1747	Mahindra Scorpio	Mahindra			cost	7500	8000	8000	50	100	200	0	19.73	https://sajilorental.com/vehicle/1747	1875	1000	333.3333333
1748	KYC				cost	5000	10000	10000	50	100	200	0	36.17	https://sajilorental.com/vehicle/1748	1250	1250	416.6666667
1750	Seres - 3-Seres	Seres			cost	4500	5500	8000	50	200	200	0	21.7	https://sajilorental.com/vehicle/1750	1125	687.5	333.3333333
1751	TATA Tiago	Tata			cost	0	0	0	100	210	210	0	21.7	https://sajilorental.com/vehicle/1751	0	0	0
1752	Suzuki Ciaz 2015	Suzuki	2015	11	cost	5000	6500	8000	80	150	190	0	21.7	https://sajilorental.com/vehicle/1752	1250	812.5	333.3333333
1755	Citroen	Citroen			cost	5500	7500	8500	80	100	190	0	21.7	https://sajilorental.com/vehicle/1755	1375	937.5	354.1666667
1756	BYD Dolphin	BYD			cost	4500	5500	8000	50	200	200	0	1.3	https://sajilorental.com/vehicle/1756	1125	687.5	333.3333333
1757	Citroen	Citroen			cost	5500	7500	8500	80	100	190	0	21.7	https://sajilorental.com/vehicle/1757	1375	937.5	354.1666667
1758	Tata Safari	Tata			cost	7500	8000	8000	50	100	200	0	19.73	https://sajilorental.com/vehicle/1758	1875	1000	333.3333333
1759	Scorpio				cost	0	0	0	100	210	210	0	21.7	https://sajilorental.com/vehicle/1759	0	0	0
1760	Anugraha				cost	0	0	0	100	210	210	0	21.7	https://sajilorental.com/vehicle/1760	0	0	0
1761	Skoda	Skoda			cost	5000	6500	8000	80	150	190	0	21.7	https://sajilorental.com/vehicle/1761	1250	812.5	333.3333333
1762	Suzuki Dzier 2009	Suzuki	2009	17	cost	5000	6500	8000	80	150	190	0	21.7	https://sajilorental.com/vehicle/1762	1250	812.5	333.3333333
1763	Suzuki sx4	Suzuki			cost	5000	6500	8000	80	150	190	0	21.7	https://sajilorental.com/vehicle/1763	1250	812.5	333.3333333
1767	Tata Nexon	Tata			cost	5000	7000	8000	50	100	200	0	36.17	https://sajilorental.com/vehicle/1767	1250	875	333.3333333
1768	Citroen	Citroen			cost	5500	7500	8500	80	100	190	0	21.7	https://sajilorental.com/vehicle/1768	1375	937.5	354.1666667
1769	Tata Nexon	Tata			cost	5000	7000	8000	50	100	200	0	36.17	https://sajilorental.com/vehicle/1769	1250	875	333.3333333
1770	Scorpio				cost	7500	8000	8000	50	100	200	0	19.73	https://sajilorental.com/vehicle/1770	1875	1000	333.3333333
